prompt_id,category,perturbation,keep_ratio,f1_mbert,f1_arabert
inst-082,instruction,identical,1.0,1.0,1.0
inst-082,instruction,deletion,0.9,0.9279038,0.8788329
inst-082,instruction,deletion,0.7,0.90626556,0.84072816
inst-082,instruction,deletion,0.5,0.8180054,0.71016026
inst-082,instruction,deletion,0.3,0.7801571,0.6544723
inst-082,instruction,shuffled,,0.8051151,0.6857571
inst-082,instruction,normalised,,0.9226153,0.8851651
inst-082,instruction,unrelated,,0.6714698,0.5140898
inst-015,instruction,identical,1.0,0.99999994,0.99999994
inst-015,instruction,deletion,0.9,0.9678872,0.95572317
inst-015,instruction,deletion,0.7,0.905864,0.8403325
inst-015,instruction,deletion,0.5,0.8306925,0.7834433
inst-015,instruction,deletion,0.3,0.7961591,0.68465805
inst-015,instruction,shuffled,,0.8251498,0.6892906
inst-015,instruction,normalised,,0.94773227,0.91298646
inst-015,instruction,unrelated,,0.7009356,0.54425216
inst-004,instruction,identical,1.0,1.0,1.0
inst-004,instruction,deletion,0.9,0.9627931,0.9167148
inst-004,instruction,deletion,0.7,0.87898034,0.7820454
inst-004,instruction,deletion,0.5,0.8475767,0.6891561
inst-004,instruction,deletion,0.3,0.7613472,0.60480034
inst-004,instruction,shuffled,,0.7870054,0.6347554
inst-004,instruction,normalised,,0.925211,0.91410786
inst-004,instruction,unrelated,,0.7109901,0.5558563
inst-095,instruction,identical,1.0,0.99999994,1.0
inst-095,instruction,deletion,0.9,0.9787602,0.9440474
inst-095,instruction,deletion,0.7,0.8950996,0.7901634
inst-095,instruction,deletion,0.5,0.7910829,0.6783553
inst-095,instruction,deletion,0.3,0.7784157,0.60897756
inst-095,instruction,shuffled,,0.825008,0.6733178
inst-095,instruction,normalised,,0.9356412,0.8789487
inst-095,instruction,unrelated,,0.7029965,0.52082795
inst-036,instruction,identical,1.0,1.0,1.0
inst-036,instruction,deletion,0.9,0.95699817,0.9386114
inst-036,instruction,deletion,0.7,0.9043566,0.83243036
inst-036,instruction,deletion,0.5,0.8320935,0.7225737
inst-036,instruction,deletion,0.3,0.75983423,0.6243361
inst-036,instruction,shuffled,,0.8069046,0.70132315
inst-036,instruction,normalised,,0.9311093,0.9055288
inst-036,instruction,unrelated,,0.6294562,0.44379207
inst-032,instruction,identical,1.0,1.0,1.0
inst-032,instruction,deletion,0.9,0.9784635,0.9666986
inst-032,instruction,deletion,0.7,0.89232546,0.848705
inst-032,instruction,deletion,0.5,0.7974513,0.65436816
inst-032,instruction,deletion,0.3,0.78681946,0.6783934
inst-032,instruction,shuffled,,0.8154497,0.70004827
inst-032,instruction,normalised,,0.9301084,0.8860011
inst-032,instruction,unrelated,,0.6450981,0.454001
inst-029,instruction,identical,1.0,1.0,1.0
inst-029,instruction,deletion,0.9,0.954005,0.92456615
inst-029,instruction,deletion,0.7,0.87999296,0.81378317
inst-029,instruction,deletion,0.5,0.86191845,0.75438744
inst-029,instruction,deletion,0.3,0.7993791,0.6512174
inst-029,instruction,shuffled,,0.8196077,0.7090727
inst-029,instruction,normalised,,0.9127697,0.88391143
inst-029,instruction,unrelated,,0.6744289,0.50430447
inst-018,instruction,identical,1.0,1.0,0.99999994
inst-018,instruction,deletion,0.9,0.95632356,0.9267635
inst-018,instruction,deletion,0.7,0.9051396,0.8434029
inst-018,instruction,deletion,0.5,0.8360143,0.7135726
inst-018,instruction,deletion,0.3,0.73531014,0.5639798
inst-018,instruction,shuffled,,0.7835173,0.6673183
inst-018,instruction,normalised,,0.9231861,0.8988504
inst-018,instruction,unrelated,,0.6905602,0.50425893
inst-122,instruction,identical,1.0,1.0,1.0000001
inst-122,instruction,deletion,0.9,0.9533364,0.92749673
inst-122,instruction,deletion,0.7,0.86808795,0.8238295
inst-122,instruction,deletion,0.5,0.82319343,0.68583566
inst-122,instruction,deletion,0.3,0.756086,0.58218926
inst-122,instruction,shuffled,,0.8167103,0.70883405
inst-122,instruction,normalised,,0.9658,0.96063274
inst-122,instruction,unrelated,,0.6622822,0.4990654
inst-014,instruction,identical,1.0,1.0,1.0000001
inst-014,instruction,deletion,0.9,0.9579937,0.93030185
inst-014,instruction,deletion,0.7,0.87611556,0.8182369
inst-014,instruction,deletion,0.5,0.8220559,0.7243386
inst-014,instruction,deletion,0.3,0.75853306,0.6086128
inst-014,instruction,shuffled,,0.81615275,0.69759786
inst-014,instruction,normalised,,0.93131435,0.88841605
inst-014,instruction,unrelated,,0.6680909,0.4587289
inst-087,instruction,identical,1.0,0.99999994,1.0
inst-087,instruction,deletion,0.9,0.9555612,0.9471928
inst-087,instruction,deletion,0.7,0.8903703,0.83448577
inst-087,instruction,deletion,0.5,0.8277513,0.75301063
inst-087,instruction,deletion,0.3,0.77230895,0.62269336
inst-087,instruction,shuffled,,0.8099871,0.71384895
inst-087,instruction,normalised,,0.91851074,0.9006373
inst-087,instruction,unrelated,,0.6807447,0.5228954
inst-117,instruction,identical,1.0,1.0,1.0
inst-117,instruction,deletion,0.9,0.93419003,0.9096437
inst-117,instruction,deletion,0.7,0.8814698,0.80154383
inst-117,instruction,deletion,0.5,0.8324871,0.7100777
inst-117,instruction,deletion,0.3,0.7727147,0.66048163
inst-117,instruction,shuffled,,0.8174045,0.67912096
inst-117,instruction,normalised,,0.9417818,0.89325666
inst-117,instruction,unrelated,,0.68269056,0.4915761
inst-070,instruction,identical,1.0,1.0,0.9999999
inst-070,instruction,deletion,0.9,0.96667546,0.9482698
inst-070,instruction,deletion,0.7,0.872655,0.76882005
inst-070,instruction,deletion,0.5,0.8230025,0.7599845
inst-070,instruction,deletion,0.3,0.77073145,0.62096196
inst-070,instruction,shuffled,,0.81485105,0.66945046
inst-070,instruction,normalised,,0.9219424,0.8840428
inst-070,instruction,unrelated,,0.68223405,0.5620762
inst-012,instruction,identical,1.0,0.99999994,1.0
inst-012,instruction,deletion,0.9,0.95914245,0.91702795
inst-012,instruction,deletion,0.7,0.8855118,0.8234843
inst-012,instruction,deletion,0.5,0.8401475,0.7036354
inst-012,instruction,deletion,0.3,0.8027166,0.6980394
inst-012,instruction,shuffled,,0.8218955,0.66868323
inst-012,instruction,normalised,,0.9359634,0.89339674
inst-012,instruction,unrelated,,0.6710482,0.46575218
inst-076,instruction,identical,1.0,1.0,1.0
inst-076,instruction,deletion,0.9,0.9427346,0.88332844
inst-076,instruction,deletion,0.7,0.8995938,0.79449326
inst-076,instruction,deletion,0.5,0.8380915,0.77247256
inst-076,instruction,deletion,0.3,0.7740809,0.6321622
inst-076,instruction,shuffled,,0.80072933,0.67013484
inst-076,instruction,normalised,,0.9310502,0.8951271
inst-076,instruction,unrelated,,0.67103827,0.5276836
inst-055,instruction,identical,1.0,0.99999994,1.0
inst-055,instruction,deletion,0.9,0.9673936,0.94687635
inst-055,instruction,deletion,0.7,0.8799387,0.80221593
inst-055,instruction,deletion,0.5,0.83282053,0.6736704
inst-055,instruction,deletion,0.3,0.7742779,0.6072938
inst-055,instruction,shuffled,,0.81435657,0.68000424
inst-055,instruction,normalised,,0.93174297,0.8888824
inst-055,instruction,unrelated,,0.6841996,0.5412894
inst-005,instruction,identical,1.0,1.0,1.0
inst-005,instruction,deletion,0.9,0.95568573,0.94157326
inst-005,instruction,deletion,0.7,0.90342736,0.82583266
inst-005,instruction,deletion,0.5,0.8515685,0.7256893
inst-005,instruction,deletion,0.3,0.7706006,0.630594
inst-005,instruction,shuffled,,0.82692087,0.6855561
inst-005,instruction,normalised,,0.9396632,0.8916167
inst-005,instruction,unrelated,,0.6766657,0.46904382
inst-123,instruction,identical,1.0,1.0,1.0
inst-123,instruction,deletion,0.9,0.9413822,0.9358835
inst-123,instruction,deletion,0.7,0.8859946,0.82388186
inst-123,instruction,deletion,0.5,0.824108,0.71586335
inst-123,instruction,deletion,0.3,0.77146363,0.5987923
inst-123,instruction,shuffled,,0.8021248,0.6802005
inst-123,instruction,normalised,,0.95559835,0.9504909
inst-123,instruction,unrelated,,0.68857324,0.52026445
inst-112,instruction,identical,1.0,1.0,1.0
inst-112,instruction,deletion,0.9,0.9638042,0.93956894
inst-112,instruction,deletion,0.7,0.89917946,0.81702214
inst-112,instruction,deletion,0.5,0.85894763,0.70937634
inst-112,instruction,deletion,0.3,0.76842344,0.60341936
inst-112,instruction,shuffled,,0.8139263,0.7119745
inst-112,instruction,normalised,,0.95406014,0.93354744
inst-112,instruction,unrelated,,0.6514684,0.4997017
inst-028,instruction,identical,1.0,1.0000001,0.9999999
inst-028,instruction,deletion,0.9,0.95234054,0.9493302
inst-028,instruction,deletion,0.7,0.8758896,0.8060898
inst-028,instruction,deletion,0.5,0.86341196,0.7365091
inst-028,instruction,deletion,0.3,0.7979792,0.6453329
inst-028,instruction,shuffled,,0.81093884,0.7068548
inst-028,instruction,normalised,,0.9315744,0.8968299
inst-028,instruction,unrelated,,0.6681876,0.49884078
inst-030,instruction,identical,1.0,0.99999994,1.0
inst-030,instruction,deletion,0.9,0.9643549,0.9483185
inst-030,instruction,deletion,0.7,0.85526645,0.8175122
inst-030,instruction,deletion,0.5,0.8194425,0.72840285
inst-030,instruction,deletion,0.3,0.76788664,0.5911578
inst-030,instruction,shuffled,,0.81684375,0.73504466
inst-030,instruction,normalised,,0.92531586,0.91158944
inst-030,instruction,unrelated,,0.7034745,0.573024
inst-065,instruction,identical,1.0,1.0,1.0
inst-065,instruction,deletion,0.9,0.95702195,0.9295619
inst-065,instruction,deletion,0.7,0.8952533,0.78737843
inst-065,instruction,deletion,0.5,0.8449637,0.757778
inst-065,instruction,deletion,0.3,0.75741744,0.5892829
inst-065,instruction,shuffled,,0.7973167,0.71029365
inst-065,instruction,normalised,,0.92877775,0.8865285
inst-065,instruction,unrelated,,0.66856694,0.46079966
inst-078,instruction,identical,1.0,1.0,1.0
inst-078,instruction,deletion,0.9,0.9724629,0.9437845
inst-078,instruction,deletion,0.7,0.8916001,0.85390455
inst-078,instruction,deletion,0.5,0.8046558,0.69242567
inst-078,instruction,deletion,0.3,0.8107131,0.6797329
inst-078,instruction,shuffled,,0.8236674,0.6943566
inst-078,instruction,normalised,,0.9211217,0.89588594
inst-078,instruction,unrelated,,0.6724184,0.51716536
inst-108,instruction,identical,1.0,0.99999994,1.0000001
inst-108,instruction,deletion,0.9,0.9694118,0.9683731
inst-108,instruction,deletion,0.7,0.9001046,0.80796134
inst-108,instruction,deletion,0.5,0.8363481,0.75038594
inst-108,instruction,deletion,0.3,0.7861091,0.5799711
inst-108,instruction,shuffled,,0.8061934,0.71950316
inst-108,instruction,normalised,,0.96681976,0.94658273
inst-108,instruction,unrelated,,0.6584471,0.4738871
inst-072,instruction,identical,1.0,1.0,0.99999994
inst-072,instruction,deletion,0.9,0.95385754,0.94050574
inst-072,instruction,deletion,0.7,0.8985397,0.8319384
inst-072,instruction,deletion,0.5,0.8214331,0.7214749
inst-072,instruction,deletion,0.3,0.7511053,0.60759735
inst-072,instruction,shuffled,,0.8176664,0.678491
inst-072,instruction,normalised,,0.9300062,0.88367385
inst-072,instruction,unrelated,,0.68107265,0.5197371
inst-026,instruction,identical,1.0,0.99999994,0.99999994
inst-026,instruction,deletion,0.9,0.95385295,0.94045323
inst-026,instruction,deletion,0.7,0.8989235,0.8084582
inst-026,instruction,deletion,0.5,0.82159454,0.76937157
inst-026,instruction,deletion,0.3,0.74138737,0.60523576
inst-026,instruction,shuffled,,0.80281633,0.7178466
inst-026,instruction,normalised,,0.9303402,0.8783076
inst-026,instruction,unrelated,,0.6770692,0.53296125
inst-092,instruction,identical,1.0,1.0,1.0
inst-092,instruction,deletion,0.9,0.9657278,0.9397387
inst-092,instruction,deletion,0.7,0.91511625,0.8349305
inst-092,instruction,deletion,0.5,0.86415946,0.6986874
inst-092,instruction,deletion,0.3,0.7624185,0.62362564
inst-092,instruction,shuffled,,0.8072873,0.69935125
inst-092,instruction,normalised,,0.92937404,0.9112579
inst-092,instruction,unrelated,,0.64627117,0.4021007
inst-084,instruction,identical,1.0,1.0,0.99999994
inst-084,instruction,deletion,0.9,0.9287062,0.9023115
inst-084,instruction,deletion,0.7,0.8945892,0.8277717
inst-084,instruction,deletion,0.5,0.8379765,0.774228
inst-084,instruction,deletion,0.3,0.7549764,0.62271416
inst-084,instruction,shuffled,,0.80750805,0.69238204
inst-084,instruction,normalised,,0.93155617,0.8950818
inst-084,instruction,unrelated,,0.69074833,0.53107
inst-090,instruction,identical,1.0,1.0,0.9999998
inst-090,instruction,deletion,0.9,0.9661573,0.9520921
inst-090,instruction,deletion,0.7,0.9049955,0.8314462
inst-090,instruction,deletion,0.5,0.82771945,0.7380925
inst-090,instruction,deletion,0.3,0.76835936,0.6944269
inst-090,instruction,shuffled,,0.80573636,0.713085
inst-090,instruction,normalised,,0.9342742,0.8994239
inst-090,instruction,unrelated,,0.6822155,0.5089384
inst-113,instruction,identical,1.0,0.99999994,1.0
inst-113,instruction,deletion,0.9,0.9524492,0.91473603
inst-113,instruction,deletion,0.7,0.9033554,0.80714184
inst-113,instruction,deletion,0.5,0.83221865,0.6861598
inst-113,instruction,deletion,0.3,0.79398423,0.5796483
inst-113,instruction,shuffled,,0.7768948,0.65999275
inst-113,instruction,normalised,,0.94260657,0.9242419
inst-113,instruction,unrelated,,0.6586404,0.48945692
inst-054,instruction,identical,1.0,1.0,0.99999994
inst-054,instruction,deletion,0.9,0.9738255,0.96788245
inst-054,instruction,deletion,0.7,0.90529704,0.8237186
inst-054,instruction,deletion,0.5,0.8331135,0.6752235
inst-054,instruction,deletion,0.3,0.75235915,0.5909076
inst-054,instruction,shuffled,,0.83713394,0.7290078
inst-054,instruction,normalised,,0.9338384,0.9047203
inst-054,instruction,unrelated,,0.7106797,0.50102466
inst-119,instruction,identical,1.0,0.99999994,0.99999994
inst-119,instruction,deletion,0.9,0.9730761,0.9640203
inst-119,instruction,deletion,0.7,0.8902954,0.81102145
inst-119,instruction,deletion,0.5,0.8306391,0.7159798
inst-119,instruction,deletion,0.3,0.73359466,0.5826781
inst-119,instruction,shuffled,,0.80740577,0.644352
inst-119,instruction,normalised,,0.9197637,0.895268
inst-119,instruction,unrelated,,0.64353913,0.47343662
inst-058,instruction,identical,1.0,1.0000001,1.0
inst-058,instruction,deletion,0.9,0.95743906,0.907716
inst-058,instruction,deletion,0.7,0.887024,0.8266169
inst-058,instruction,deletion,0.5,0.81792194,0.75775546
inst-058,instruction,deletion,0.3,0.7454561,0.5800973
inst-058,instruction,shuffled,,0.80639195,0.66627485
inst-058,instruction,normalised,,0.9291319,0.8756356
inst-058,instruction,unrelated,,0.6874726,0.5306115
inst-111,instruction,identical,1.0,1.0,1.0
inst-111,instruction,deletion,0.9,0.96646315,0.9271401
inst-111,instruction,deletion,0.7,0.9051499,0.7901625
inst-111,instruction,deletion,0.5,0.8301613,0.68800455
inst-111,instruction,deletion,0.3,0.7750411,0.6016999
inst-111,instruction,shuffled,,0.8018937,0.6496337
inst-111,instruction,normalised,,0.94117343,0.9559431
inst-111,instruction,unrelated,,0.66766655,0.5007297
inst-121,instruction,identical,1.0,1.0,0.99999994
inst-121,instruction,deletion,0.9,0.9644341,0.9074371
inst-121,instruction,deletion,0.7,0.85888875,0.7776264
inst-121,instruction,deletion,0.5,0.7816632,0.631315
inst-121,instruction,deletion,0.3,0.7257689,0.56079495
inst-121,instruction,shuffled,,0.79911596,0.63261944
inst-121,instruction,normalised,,0.9445195,0.91366255
inst-121,instruction,unrelated,,0.6513353,0.46556294
inst-001,instruction,identical,1.0,1.0,1.0
inst-001,instruction,deletion,0.9,0.95701444,0.95253664
inst-001,instruction,deletion,0.7,0.90253115,0.82074094
inst-001,instruction,deletion,0.5,0.8781564,0.79039013
inst-001,instruction,deletion,0.3,0.739017,0.6157964
inst-001,instruction,shuffled,,0.80334336,0.7023442
inst-001,instruction,normalised,,0.91426134,0.8825103
inst-001,instruction,unrelated,,0.6685714,0.5145673
inst-021,instruction,identical,1.0,0.99999994,0.9999999
inst-021,instruction,deletion,0.9,0.9547412,0.9206869
inst-021,instruction,deletion,0.7,0.91263545,0.8419811
inst-021,instruction,deletion,0.5,0.865471,0.7674517
inst-021,instruction,deletion,0.3,0.7637462,0.6040572
inst-021,instruction,shuffled,,0.83291596,0.7041254
inst-021,instruction,normalised,,0.9266879,0.8880069
inst-021,instruction,unrelated,,0.674487,0.50753045
inst-110,instruction,identical,1.0,1.0,1.0
inst-110,instruction,deletion,0.9,0.96457803,0.90633154
inst-110,instruction,deletion,0.7,0.88194984,0.81962866
inst-110,instruction,deletion,0.5,0.8428687,0.74332774
inst-110,instruction,deletion,0.3,0.7749037,0.65572083
inst-110,instruction,shuffled,,0.796372,0.70962465
inst-110,instruction,normalised,,0.96030515,0.92933345
inst-110,instruction,unrelated,,0.66637665,0.5112413
inst-044,instruction,identical,1.0,1.0000001,0.9999999
inst-044,instruction,deletion,0.9,0.953852,0.93447876
inst-044,instruction,deletion,0.7,0.91248065,0.8373512
inst-044,instruction,deletion,0.5,0.80566245,0.71465695
inst-044,instruction,deletion,0.3,0.7799116,0.6095925
inst-044,instruction,shuffled,,0.7841354,0.68370444
inst-044,instruction,normalised,,0.9332877,0.8953622
inst-044,instruction,unrelated,,0.6855539,0.531629
inst-091,instruction,identical,1.0,0.99999994,0.9999999
inst-091,instruction,deletion,0.9,0.9667987,0.9556058
inst-091,instruction,deletion,0.7,0.9070182,0.85110164
inst-091,instruction,deletion,0.5,0.83590424,0.76562464
inst-091,instruction,deletion,0.3,0.762599,0.5324868
inst-091,instruction,shuffled,,0.7996245,0.6850443
inst-091,instruction,normalised,,0.92670137,0.8889698
inst-091,instruction,unrelated,,0.6849445,0.48977453
inst-020,instruction,identical,1.0,1.0,1.0
inst-020,instruction,deletion,0.9,0.9580411,0.9245407
inst-020,instruction,deletion,0.7,0.9095251,0.79886633
inst-020,instruction,deletion,0.5,0.831562,0.7234557
inst-020,instruction,deletion,0.3,0.77159935,0.6567043
inst-020,instruction,shuffled,,0.795613,0.69328874
inst-020,instruction,normalised,,0.9287933,0.90443873
inst-020,instruction,unrelated,,0.6465586,0.41136417
inst-106,instruction,identical,1.0,1.0,1.0
inst-106,instruction,deletion,0.9,0.9711713,0.9484752
inst-106,instruction,deletion,0.7,0.89135844,0.78355396
inst-106,instruction,deletion,0.5,0.82651335,0.6850051
inst-106,instruction,deletion,0.3,0.77009344,0.60917366
inst-106,instruction,shuffled,,0.80032694,0.6362019
inst-106,instruction,normalised,,0.9328911,0.91890925
inst-106,instruction,unrelated,,0.64873946,0.49486563
inst-115,instruction,identical,1.0,0.99999994,1.0
inst-115,instruction,deletion,0.9,0.9382342,0.9296737
inst-115,instruction,deletion,0.7,0.86282414,0.77405167
inst-115,instruction,deletion,0.5,0.83441556,0.74250364
inst-115,instruction,deletion,0.3,0.76068026,0.5842453
inst-115,instruction,shuffled,,0.8058295,0.68218017
inst-115,instruction,normalised,,0.9698665,0.94154173
inst-115,instruction,unrelated,,0.67186946,0.4854054
inst-116,instruction,identical,1.0,0.99999994,1.0
inst-116,instruction,deletion,0.9,0.973699,0.9588508
inst-116,instruction,deletion,0.7,0.8562174,0.81774753
inst-116,instruction,deletion,0.5,0.84410864,0.7631125
inst-116,instruction,deletion,0.3,0.80310386,0.6521929
inst-116,instruction,shuffled,,0.78104633,0.6758286
inst-116,instruction,normalised,,0.8674128,0.8626594
inst-116,instruction,unrelated,,0.635298,0.43527725
inst-107,instruction,identical,1.0,1.0000001,1.0
inst-107,instruction,deletion,0.9,0.9588599,0.9413715
inst-107,instruction,deletion,0.7,0.91602343,0.87332606
inst-107,instruction,deletion,0.5,0.85529804,0.7674134
inst-107,instruction,deletion,0.3,0.7668572,0.6287683
inst-107,instruction,shuffled,,0.8257711,0.7176017
inst-107,instruction,normalised,,0.9222449,0.9024263
inst-107,instruction,unrelated,,0.6721786,0.52942556
inst-049,instruction,identical,1.0,1.0,1.0
inst-049,instruction,deletion,0.9,0.9709267,0.9578936
inst-049,instruction,deletion,0.7,0.9054259,0.81820667
inst-049,instruction,deletion,0.5,0.84608203,0.7761841
inst-049,instruction,deletion,0.3,0.7525585,0.64437956
inst-049,instruction,shuffled,,0.8186145,0.71622753
inst-049,instruction,normalised,,0.91713583,0.8970085
inst-049,instruction,unrelated,,0.6768721,0.5200384
inst-013,instruction,identical,1.0,0.99999994,0.99999994
inst-013,instruction,deletion,0.9,0.9540988,0.93843645
inst-013,instruction,deletion,0.7,0.8810947,0.8326464
inst-013,instruction,deletion,0.5,0.8190344,0.74284005
inst-013,instruction,deletion,0.3,0.7618608,0.6129246
inst-013,instruction,shuffled,,0.8019507,0.6860052
inst-013,instruction,normalised,,0.9239372,0.8694414
inst-013,instruction,unrelated,,0.65405715,0.5219457
inst-046,instruction,identical,1.0,1.0,1.0000001
inst-046,instruction,deletion,0.9,0.9535619,0.91718054
inst-046,instruction,deletion,0.7,0.89423496,0.8134844
inst-046,instruction,deletion,0.5,0.8470128,0.77554417
inst-046,instruction,deletion,0.3,0.7605402,0.58721185
inst-046,instruction,shuffled,,0.80495983,0.7052731
inst-046,instruction,normalised,,0.9179621,0.87638843
inst-046,instruction,unrelated,,0.68835,0.46721473
inst-045,instruction,identical,1.0,0.9999999,0.9999998
inst-045,instruction,deletion,0.9,0.9461905,0.9101929
inst-045,instruction,deletion,0.7,0.8634237,0.77457327
inst-045,instruction,deletion,0.5,0.8245967,0.7184547
inst-045,instruction,deletion,0.3,0.76468265,0.6076474
inst-045,instruction,shuffled,,0.7818399,0.67100394
inst-045,instruction,normalised,,0.9276247,0.90606505
inst-045,instruction,unrelated,,0.685837,0.5166816
inst-034,instruction,identical,1.0,0.99999994,1.0
inst-034,instruction,deletion,0.9,0.96411276,0.93099016
inst-034,instruction,deletion,0.7,0.88538545,0.7971031
inst-034,instruction,deletion,0.5,0.81915075,0.70672905
inst-034,instruction,deletion,0.3,0.78461623,0.6343605
inst-034,instruction,shuffled,,0.78440183,0.67738986
inst-034,instruction,normalised,,0.9168691,0.89053285
inst-034,instruction,unrelated,,0.6935722,0.5298567
inst-006,instruction,identical,1.0,1.0,0.99999994
inst-006,instruction,deletion,0.9,0.95938265,0.91768384
inst-006,instruction,deletion,0.7,0.92022794,0.83214945
inst-006,instruction,deletion,0.5,0.85874134,0.7629016
inst-006,instruction,deletion,0.3,0.738904,0.64568037
inst-006,instruction,shuffled,,0.8030968,0.68771017
inst-006,instruction,normalised,,0.9430307,0.9035964
inst-006,instruction,unrelated,,0.66902006,0.53249496
inst-059,instruction,identical,1.0,1.0,1.0
inst-059,instruction,deletion,0.9,0.9799039,0.94955856
inst-059,instruction,deletion,0.7,0.8973114,0.82202953
inst-059,instruction,deletion,0.5,0.83756155,0.7385024
inst-059,instruction,deletion,0.3,0.7611649,0.6543114
inst-059,instruction,shuffled,,0.80378646,0.6822821
inst-059,instruction,normalised,,0.93179893,0.88510627
inst-059,instruction,unrelated,,0.6426241,0.38978806
inst-069,instruction,identical,1.0,0.99999994,1.0000001
inst-069,instruction,deletion,0.9,0.9561755,0.91005814
inst-069,instruction,deletion,0.7,0.9105618,0.85223323
inst-069,instruction,deletion,0.5,0.846335,0.74163216
inst-069,instruction,deletion,0.3,0.73984957,0.6520365
inst-069,instruction,shuffled,,0.8124387,0.7058778
inst-069,instruction,normalised,,0.92190194,0.89063466
inst-069,instruction,unrelated,,0.6934666,0.5338601
inst-016,instruction,identical,1.0,0.99999994,1.0
inst-016,instruction,deletion,0.9,0.9680296,0.9476349
inst-016,instruction,deletion,0.7,0.89974105,0.8506491
inst-016,instruction,deletion,0.5,0.83433914,0.7402384
inst-016,instruction,deletion,0.3,0.74430317,0.56149715
inst-016,instruction,shuffled,,0.807299,0.66254526
inst-016,instruction,normalised,,0.9253115,0.8987934
inst-016,instruction,unrelated,,0.6500016,0.46523133
inst-080,instruction,identical,1.0,0.99999994,0.9999999
inst-080,instruction,deletion,0.9,0.9688469,0.93842244
inst-080,instruction,deletion,0.7,0.93501794,0.8711633
inst-080,instruction,deletion,0.5,0.8502016,0.73550427
inst-080,instruction,deletion,0.3,0.7660191,0.60779256
inst-080,instruction,shuffled,,0.82365406,0.7106151
inst-080,instruction,normalised,,0.91680694,0.9026473
inst-080,instruction,unrelated,,0.6698654,0.47430396
inst-011,instruction,identical,1.0,0.99999994,1.0000001
inst-011,instruction,deletion,0.9,0.97471607,0.95412236
inst-011,instruction,deletion,0.7,0.8940346,0.83858496
inst-011,instruction,deletion,0.5,0.8164637,0.72173244
inst-011,instruction,deletion,0.3,0.745417,0.60291016
inst-011,instruction,shuffled,,0.7891727,0.6626566
inst-011,instruction,normalised,,0.9304968,0.91219807
inst-011,instruction,unrelated,,0.6922445,0.53430194
inst-038,instruction,identical,1.0,1.0,0.9999999
inst-038,instruction,deletion,0.9,0.96737474,0.9496642
inst-038,instruction,deletion,0.7,0.9173444,0.8193964
inst-038,instruction,deletion,0.5,0.85416,0.773145
inst-038,instruction,deletion,0.3,0.7612915,0.62698495
inst-038,instruction,shuffled,,0.80118185,0.69245976
inst-038,instruction,normalised,,0.9213435,0.8806808
inst-038,instruction,unrelated,,0.65924984,0.5239004
inst-047,instruction,identical,1.0,1.0,0.99999994
inst-047,instruction,deletion,0.9,0.9521314,0.9446133
inst-047,instruction,deletion,0.7,0.8718598,0.8230787
inst-047,instruction,deletion,0.5,0.82154286,0.73381823
inst-047,instruction,deletion,0.3,0.77362955,0.6326003
inst-047,instruction,shuffled,,0.8041345,0.68625665
inst-047,instruction,normalised,,0.9294442,0.89550626
inst-047,instruction,unrelated,,0.6617824,0.46184865
inst-025,instruction,identical,1.0,0.9999999,1.0
inst-025,instruction,deletion,0.9,0.9683607,0.94095963
inst-025,instruction,deletion,0.7,0.86219764,0.80426365
inst-025,instruction,deletion,0.5,0.8480671,0.7511257
inst-025,instruction,deletion,0.3,0.74150294,0.6168589
inst-025,instruction,shuffled,,0.79466623,0.68736243
inst-025,instruction,normalised,,0.93351424,0.891005
inst-025,instruction,unrelated,,0.68598586,0.5252398
inst-009,instruction,identical,1.0,1.0,1.0000001
inst-009,instruction,deletion,0.9,0.95259196,0.9323715
inst-009,instruction,deletion,0.7,0.88932693,0.8185707
inst-009,instruction,deletion,0.5,0.82361436,0.7018478
inst-009,instruction,deletion,0.3,0.7815672,0.6157861
inst-009,instruction,shuffled,,0.8094778,0.71346027
inst-009,instruction,normalised,,0.9299434,0.87123644
inst-009,instruction,unrelated,,0.68151397,0.5343712
inst-075,instruction,identical,1.0,0.99999994,0.99999994
inst-075,instruction,deletion,0.9,0.948722,0.9157712
inst-075,instruction,deletion,0.7,0.86403334,0.78939474
inst-075,instruction,deletion,0.5,0.848049,0.7184887
inst-075,instruction,deletion,0.3,0.7737604,0.6562954
inst-075,instruction,shuffled,,0.78706163,0.6895887
inst-075,instruction,normalised,,0.93060374,0.91571194
inst-075,instruction,unrelated,,0.6846045,0.5590174
inst-105,instruction,identical,1.0,0.99999994,1.0000001
inst-105,instruction,deletion,0.9,0.9542029,0.9318323
inst-105,instruction,deletion,0.7,0.88676727,0.7844109
inst-105,instruction,deletion,0.5,0.8034385,0.6441776
inst-105,instruction,deletion,0.3,0.77136946,0.5924412
inst-105,instruction,shuffled,,0.83753407,0.6582978
inst-105,instruction,normalised,,0.96647364,0.9453689
inst-105,instruction,unrelated,,0.6543901,0.52469784
inst-050,instruction,identical,1.0,0.99999994,1.0
inst-050,instruction,deletion,0.9,0.95380354,0.90601647
inst-050,instruction,deletion,0.7,0.87662816,0.77087677
inst-050,instruction,deletion,0.5,0.84952295,0.7581752
inst-050,instruction,deletion,0.3,0.7568968,0.5980408
inst-050,instruction,shuffled,,0.8177309,0.7018948
inst-050,instruction,normalised,,0.9260872,0.8883087
inst-050,instruction,unrelated,,0.6935862,0.5141175
inst-019,instruction,identical,1.0,1.0,0.9999999
inst-019,instruction,deletion,0.9,0.9440153,0.9395333
inst-019,instruction,deletion,0.7,0.86299807,0.77189565
inst-019,instruction,deletion,0.5,0.8471166,0.7699307
inst-019,instruction,deletion,0.3,0.7791796,0.6790299
inst-019,instruction,shuffled,,0.7912523,0.668547
inst-019,instruction,normalised,,0.92227644,0.8870768
inst-019,instruction,unrelated,,0.6581254,0.48677862
inst-104,instruction,identical,1.0,1.0,1.0
inst-104,instruction,deletion,0.9,0.95835817,0.9452887
inst-104,instruction,deletion,0.7,0.91869766,0.8672705
inst-104,instruction,deletion,0.5,0.8284659,0.7129805
inst-104,instruction,deletion,0.3,0.75815237,0.5907715
inst-104,instruction,shuffled,,0.7995516,0.6716034
inst-104,instruction,normalised,,0.96841437,0.9462148
inst-104,instruction,unrelated,,0.6238822,0.46827823
inst-088,instruction,identical,1.0,0.9999998,0.99999994
inst-088,instruction,deletion,0.9,0.9621014,0.96946627
inst-088,instruction,deletion,0.7,0.8895654,0.8574776
inst-088,instruction,deletion,0.5,0.8085929,0.7549666
inst-088,instruction,deletion,0.3,0.7504075,0.58901274
inst-088,instruction,shuffled,,0.809472,0.70286566
inst-088,instruction,normalised,,0.93570423,0.8899467
inst-088,instruction,unrelated,,0.6819732,0.54006934
inst-124,instruction,identical,1.0,1.0,1.0
inst-124,instruction,deletion,0.9,0.95735544,0.9350911
inst-124,instruction,deletion,0.7,0.9102285,0.8636543
inst-124,instruction,deletion,0.5,0.81675667,0.7097937
inst-124,instruction,deletion,0.3,0.7701271,0.59963304
inst-124,instruction,shuffled,,0.7865748,0.6676807
inst-124,instruction,normalised,,0.96774393,0.94886076
inst-124,instruction,unrelated,,0.677949,0.52251405
inst-056,instruction,identical,1.0,0.99999994,1.0
inst-056,instruction,deletion,0.9,0.97672015,0.9585342
inst-056,instruction,deletion,0.7,0.88730556,0.8413259
inst-056,instruction,deletion,0.5,0.8406186,0.69244975
inst-056,instruction,deletion,0.3,0.7881363,0.68741316
inst-056,instruction,shuffled,,0.80977094,0.663
inst-056,instruction,normalised,,0.9405739,0.89590913
inst-056,instruction,unrelated,,0.62977874,0.48933318
inst-007,instruction,identical,1.0,0.99999994,0.99999994
inst-007,instruction,deletion,0.9,0.97564894,0.9480165
inst-007,instruction,deletion,0.7,0.88708764,0.8359171
inst-007,instruction,deletion,0.5,0.84875464,0.7755725
inst-007,instruction,deletion,0.3,0.7375222,0.5553877
inst-007,instruction,shuffled,,0.79129046,0.6915735
inst-007,instruction,normalised,,0.920009,0.9011469
inst-007,instruction,unrelated,,0.69523835,0.5249686
inst-067,instruction,identical,1.0,1.0000001,1.0
inst-067,instruction,deletion,0.9,0.96450716,0.9327921
inst-067,instruction,deletion,0.7,0.87036884,0.76848984
inst-067,instruction,deletion,0.5,0.80999464,0.6668331
inst-067,instruction,deletion,0.3,0.73640645,0.51740324
inst-067,instruction,shuffled,,0.7977234,0.7004982
inst-067,instruction,normalised,,0.92778337,0.9025083
inst-067,instruction,unrelated,,0.6846494,0.5294309
inst-118,instruction,identical,1.0,0.99999994,1.0000001
inst-118,instruction,deletion,0.9,0.974947,0.9649442
inst-118,instruction,deletion,0.7,0.90710866,0.8229702
inst-118,instruction,deletion,0.5,0.83153814,0.7220799
inst-118,instruction,deletion,0.3,0.7287064,0.5857483
inst-118,instruction,shuffled,,0.8009961,0.69039595
inst-118,instruction,normalised,,0.9094731,0.87758774
inst-118,instruction,unrelated,,0.65837544,0.46794435
inst-064,instruction,identical,1.0,0.99999994,1.0
inst-064,instruction,deletion,0.9,0.9687399,0.9563047
inst-064,instruction,deletion,0.7,0.8723799,0.81445795
inst-064,instruction,deletion,0.5,0.8402231,0.7590778
inst-064,instruction,deletion,0.3,0.800551,0.6812967
inst-064,instruction,shuffled,,0.83602256,0.6957872
inst-064,instruction,normalised,,0.9217377,0.88890743
inst-064,instruction,unrelated,,0.6897391,0.5276996
inst-041,instruction,identical,1.0,0.99999994,1.0
inst-041,instruction,deletion,0.9,0.9720204,0.94945765
inst-041,instruction,deletion,0.7,0.8764232,0.7857608
inst-041,instruction,deletion,0.5,0.8398796,0.7260956
inst-041,instruction,deletion,0.3,0.7404896,0.6415556
inst-041,instruction,shuffled,,0.8030683,0.6909722
inst-041,instruction,normalised,,0.9437082,0.8954068
inst-041,instruction,unrelated,,0.65568703,0.48996687
inst-024,instruction,identical,1.0,0.99999994,1.0
inst-024,instruction,deletion,0.9,0.96990114,0.94506544
inst-024,instruction,deletion,0.7,0.88585615,0.8189242
inst-024,instruction,deletion,0.5,0.84792006,0.7674803
inst-024,instruction,deletion,0.3,0.7946716,0.6935278
inst-024,instruction,shuffled,,0.82795334,0.7224939
inst-024,instruction,normalised,,0.93515444,0.89999783
inst-024,instruction,unrelated,,0.66787374,0.51644593
inst-096,instruction,identical,1.0,1.0,0.99999994
inst-096,instruction,deletion,0.9,0.9535681,0.93096757
inst-096,instruction,deletion,0.7,0.9089476,0.8445533
inst-096,instruction,deletion,0.5,0.83135915,0.76690185
inst-096,instruction,deletion,0.3,0.7658237,0.6265276
inst-096,instruction,shuffled,,0.8262959,0.693029
inst-096,instruction,normalised,,0.9306621,0.8719049
inst-096,instruction,unrelated,,0.6957454,0.5315265
inst-052,instruction,identical,1.0,0.9999999,0.99999994
inst-052,instruction,deletion,0.9,0.96810514,0.9455747
inst-052,instruction,deletion,0.7,0.8812699,0.8050519
inst-052,instruction,deletion,0.5,0.8369154,0.75529826
inst-052,instruction,deletion,0.3,0.7635606,0.65451217
inst-052,instruction,shuffled,,0.7968872,0.7069715
inst-052,instruction,normalised,,0.9319639,0.8950027
inst-052,instruction,unrelated,,0.6850452,0.54426485
inst-023,instruction,identical,1.0,1.0,0.99999994
inst-023,instruction,deletion,0.9,0.964922,0.9407384
inst-023,instruction,deletion,0.7,0.92284787,0.86046106
inst-023,instruction,deletion,0.5,0.8187525,0.7516167
inst-023,instruction,deletion,0.3,0.78180975,0.68078333
inst-023,instruction,shuffled,,0.8142129,0.7132825
inst-023,instruction,normalised,,0.9382443,0.9049562
inst-023,instruction,unrelated,,0.67878604,0.5234061
inst-125,instruction,identical,1.0,1.0,1.0000001
inst-125,instruction,deletion,0.9,0.9527877,0.9550611
inst-125,instruction,deletion,0.7,0.89295053,0.82571054
inst-125,instruction,deletion,0.5,0.83268434,0.72029096
inst-125,instruction,deletion,0.3,0.755339,0.5817812
inst-125,instruction,shuffled,,0.80756897,0.70931387
inst-125,instruction,normalised,,0.9577202,0.9367879
inst-125,instruction,unrelated,,0.65621936,0.49377587
inst-043,instruction,identical,1.0,1.0,1.0
inst-043,instruction,deletion,0.9,0.9411605,0.93717533
inst-043,instruction,deletion,0.7,0.9084169,0.8507123
inst-043,instruction,deletion,0.5,0.8478929,0.70805275
inst-043,instruction,deletion,0.3,0.7505122,0.6035778
inst-043,instruction,shuffled,,0.8171189,0.70448536
inst-043,instruction,normalised,,0.9156373,0.8820861
inst-043,instruction,unrelated,,0.68928885,0.520027
inst-060,instruction,identical,1.0,0.9999999,1.0
inst-060,instruction,deletion,0.9,0.9528289,0.91095454
inst-060,instruction,deletion,0.7,0.88641065,0.8052222
inst-060,instruction,deletion,0.5,0.81814855,0.69352895
inst-060,instruction,deletion,0.3,0.80338854,0.6510228
inst-060,instruction,shuffled,,0.8255374,0.71804947
inst-060,instruction,normalised,,0.9289231,0.89190495
inst-060,instruction,unrelated,,0.66303897,0.46151707
inst-077,instruction,identical,1.0,1.0,0.9999999
inst-077,instruction,deletion,0.9,0.9541907,0.92659634
inst-077,instruction,deletion,0.7,0.899183,0.8287038
inst-077,instruction,deletion,0.5,0.839672,0.77707356
inst-077,instruction,deletion,0.3,0.7834812,0.61750096
inst-077,instruction,shuffled,,0.82374585,0.7026575
inst-077,instruction,normalised,,0.9182141,0.8745256
inst-077,instruction,unrelated,,0.67377496,0.50795525
inst-083,instruction,identical,1.0,1.0,1.0000001
inst-083,instruction,deletion,0.9,0.9587746,0.9368974
inst-083,instruction,deletion,0.7,0.8991852,0.84108514
inst-083,instruction,deletion,0.5,0.8213645,0.6847871
inst-083,instruction,deletion,0.3,0.7900783,0.65131766
inst-083,instruction,shuffled,,0.81905395,0.7420301
inst-083,instruction,normalised,,0.92153674,0.9025162
inst-083,instruction,unrelated,,0.6785065,0.52054405
inst-042,instruction,identical,1.0,1.0,1.0
inst-042,instruction,deletion,0.9,0.9557806,0.93234223
inst-042,instruction,deletion,0.7,0.86919856,0.7955581
inst-042,instruction,deletion,0.5,0.8293373,0.6254415
inst-042,instruction,deletion,0.3,0.7782569,0.6165413
inst-042,instruction,shuffled,,0.7794304,0.6680004
inst-042,instruction,normalised,,0.92324394,0.90662706
inst-042,instruction,unrelated,,0.6510162,0.4555106
inst-109,instruction,identical,1.0,0.99999994,0.99999994
inst-109,instruction,deletion,0.9,0.9536109,0.92752326
inst-109,instruction,deletion,0.7,0.89528304,0.8256283
inst-109,instruction,deletion,0.5,0.830306,0.70004034
inst-109,instruction,deletion,0.3,0.7489953,0.6108239
inst-109,instruction,shuffled,,0.79019785,0.6519553
inst-109,instruction,normalised,,0.93487495,0.9194923
inst-109,instruction,unrelated,,0.6639412,0.49340466
inst-039,instruction,identical,1.0,1.0,1.0000001
inst-039,instruction,deletion,0.9,0.97630143,0.9431385
inst-039,instruction,deletion,0.7,0.87779653,0.8001189
inst-039,instruction,deletion,0.5,0.79854983,0.714616
inst-039,instruction,deletion,0.3,0.7918898,0.6902231
inst-039,instruction,shuffled,,0.82693183,0.7057518
inst-039,instruction,normalised,,0.93189895,0.9077599
inst-039,instruction,unrelated,,0.6828565,0.506892
inst-051,instruction,identical,1.0,0.9999999,1.0
inst-051,instruction,deletion,0.9,0.95782804,0.92944753
inst-051,instruction,deletion,0.7,0.8854796,0.8159822
inst-051,instruction,deletion,0.5,0.82398516,0.7599145
inst-051,instruction,deletion,0.3,0.785229,0.6193413
inst-051,instruction,shuffled,,0.8067607,0.70124316
inst-051,instruction,normalised,,0.94573575,0.91876113
inst-051,instruction,unrelated,,0.700377,0.5557637
inst-035,instruction,identical,1.0,0.99999994,0.99999994
inst-035,instruction,deletion,0.9,0.94581056,0.94300854
inst-035,instruction,deletion,0.7,0.8923341,0.78945255
inst-035,instruction,deletion,0.5,0.8060232,0.685939
inst-035,instruction,deletion,0.3,0.77545196,0.62479395
inst-035,instruction,shuffled,,0.79826325,0.67960423
inst-035,instruction,normalised,,0.9227002,0.9026918
inst-035,instruction,unrelated,,0.6854395,0.47096154
inst-101,instruction,identical,1.0,1.0,0.99999994
inst-101,instruction,deletion,0.9,0.95521533,0.9339442
inst-101,instruction,deletion,0.7,0.8617666,0.8094559
inst-101,instruction,deletion,0.5,0.81511897,0.71437824
inst-101,instruction,deletion,0.3,0.7242318,0.57733864
inst-101,instruction,shuffled,,0.8047173,0.6799935
inst-101,instruction,normalised,,0.94183546,0.91836494
inst-101,instruction,unrelated,,0.68413526,0.5235033
inst-040,instruction,identical,1.0,0.99999994,1.0
inst-040,instruction,deletion,0.9,0.9651897,0.9353602
inst-040,instruction,deletion,0.7,0.91653126,0.87871647
inst-040,instruction,deletion,0.5,0.8155288,0.71386224
inst-040,instruction,deletion,0.3,0.7823032,0.6750073
inst-040,instruction,shuffled,,0.8027189,0.7222594
inst-040,instruction,normalised,,0.91943395,0.8874557
inst-040,instruction,unrelated,,0.6883865,0.54073405
inst-114,instruction,identical,1.0,1.0,1.0
inst-114,instruction,deletion,0.9,0.9617459,0.9591769
inst-114,instruction,deletion,0.7,0.872121,0.8295384
inst-114,instruction,deletion,0.5,0.8363931,0.71319395
inst-114,instruction,deletion,0.3,0.74602133,0.602218
inst-114,instruction,shuffled,,0.79625076,0.68234885
inst-114,instruction,normalised,,0.9359284,0.90551966
inst-114,instruction,unrelated,,0.6374277,0.4994217
inst-093,instruction,identical,1.0,0.9999999,1.0
inst-093,instruction,deletion,0.9,0.977834,0.95367754
inst-093,instruction,deletion,0.7,0.8990422,0.8362171
inst-093,instruction,deletion,0.5,0.82017016,0.75803584
inst-093,instruction,deletion,0.3,0.759891,0.6469729
inst-093,instruction,shuffled,,0.8042521,0.695514
inst-093,instruction,normalised,,0.9322348,0.88568735
inst-093,instruction,unrelated,,0.69674635,0.5822546
inst-103,instruction,identical,1.0,0.99999994,1.0
inst-103,instruction,deletion,0.9,0.9606071,0.89446205
inst-103,instruction,deletion,0.7,0.89272916,0.76011354
inst-103,instruction,deletion,0.5,0.82837,0.7490483
inst-103,instruction,deletion,0.3,0.7814795,0.5876482
inst-103,instruction,shuffled,,0.7951193,0.68116564
inst-103,instruction,normalised,,0.9241688,0.8998558
inst-103,instruction,unrelated,,0.6880168,0.536066
inst-074,instruction,identical,1.0,1.0,1.0
inst-074,instruction,deletion,0.9,0.9518635,0.9362392
inst-074,instruction,deletion,0.7,0.88258946,0.8093364
inst-074,instruction,deletion,0.5,0.8093914,0.7169721
inst-074,instruction,deletion,0.3,0.73722917,0.5649577
inst-074,instruction,shuffled,,0.8187904,0.70144093
inst-074,instruction,normalised,,0.93108755,0.88307875
inst-074,instruction,unrelated,,0.6745646,0.51612353
inst-089,instruction,identical,1.0,1.0,1.0
inst-089,instruction,deletion,0.9,0.96254826,0.93464494
inst-089,instruction,deletion,0.7,0.9014866,0.8422951
inst-089,instruction,deletion,0.5,0.8373012,0.7398278
inst-089,instruction,deletion,0.3,0.7889011,0.634217
inst-089,instruction,shuffled,,0.81510067,0.6927473
inst-089,instruction,normalised,,0.9332832,0.8988455
inst-089,instruction,unrelated,,0.70247173,0.55104774
inst-027,instruction,identical,1.0,0.99999994,1.0000001
inst-027,instruction,deletion,0.9,0.9644342,0.9296274
inst-027,instruction,deletion,0.7,0.8963301,0.81365913
inst-027,instruction,deletion,0.5,0.85550433,0.75863165
inst-027,instruction,deletion,0.3,0.7652762,0.60557646
inst-027,instruction,shuffled,,0.8220618,0.70526737
inst-027,instruction,normalised,,0.9431399,0.9154832
inst-027,instruction,unrelated,,0.6310627,0.46828392
inst-053,instruction,identical,1.0,1.0,0.99999994
inst-053,instruction,deletion,0.9,0.95881313,0.9497214
inst-053,instruction,deletion,0.7,0.90359235,0.829595
inst-053,instruction,deletion,0.5,0.8669963,0.8078636
inst-053,instruction,deletion,0.3,0.79023784,0.6476239
inst-053,instruction,shuffled,,0.78789014,0.6948497
inst-053,instruction,normalised,,0.92072743,0.89987046
inst-053,instruction,unrelated,,0.67739975,0.4956478
inst-086,instruction,identical,1.0,1.0,1.0
inst-086,instruction,deletion,0.9,0.96307683,0.9486505
inst-086,instruction,deletion,0.7,0.8886937,0.8423974
inst-086,instruction,deletion,0.5,0.8384305,0.6908057
inst-086,instruction,deletion,0.3,0.76353544,0.6630968
inst-086,instruction,shuffled,,0.7967019,0.68854636
inst-086,instruction,normalised,,0.927618,0.9025727
inst-086,instruction,unrelated,,0.6858472,0.52914226
inst-002,instruction,identical,1.0,1.0,1.0
inst-002,instruction,deletion,0.9,0.95695466,0.9282163
inst-002,instruction,deletion,0.7,0.90491784,0.83858246
inst-002,instruction,deletion,0.5,0.8308532,0.7074708
inst-002,instruction,deletion,0.3,0.7796593,0.6316901
inst-002,instruction,shuffled,,0.8020341,0.66526186
inst-002,instruction,normalised,,0.93677354,0.9047012
inst-002,instruction,unrelated,,0.67359483,0.5035245
inst-008,instruction,identical,1.0,1.0,0.99999994
inst-008,instruction,deletion,0.9,0.9507953,0.91394776
inst-008,instruction,deletion,0.7,0.88693005,0.7951106
inst-008,instruction,deletion,0.5,0.8394054,0.7601956
inst-008,instruction,deletion,0.3,0.7353278,0.6004563
inst-008,instruction,shuffled,,0.79698926,0.67793155
inst-008,instruction,normalised,,0.9243029,0.88543296
inst-008,instruction,unrelated,,0.64209616,0.49693087
inst-098,instruction,identical,1.0,1.0,1.0000001
inst-098,instruction,deletion,0.9,0.9647318,0.9553145
inst-098,instruction,deletion,0.7,0.88285995,0.83782226
inst-098,instruction,deletion,0.5,0.82085204,0.6632798
inst-098,instruction,deletion,0.3,0.7656051,0.5680493
inst-098,instruction,shuffled,,0.7814386,0.68663496
inst-098,instruction,normalised,,0.91480756,0.8876466
inst-098,instruction,unrelated,,0.675347,0.532651
inst-037,instruction,identical,1.0,1.0000001,0.99999994
inst-037,instruction,deletion,0.9,0.9728693,0.96340936
inst-037,instruction,deletion,0.7,0.8716678,0.7923779
inst-037,instruction,deletion,0.5,0.8298601,0.78053224
inst-037,instruction,deletion,0.3,0.77688855,0.5836628
inst-037,instruction,shuffled,,0.8069205,0.7127651
inst-037,instruction,normalised,,0.92054325,0.89663243
inst-037,instruction,unrelated,,0.69042593,0.52991694
inst-079,instruction,identical,1.0,1.0,1.0
inst-079,instruction,deletion,0.9,0.9757622,0.954659
inst-079,instruction,deletion,0.7,0.86719143,0.7560551
inst-079,instruction,deletion,0.5,0.7980567,0.6884761
inst-079,instruction,deletion,0.3,0.7645441,0.63539505
inst-079,instruction,shuffled,,0.8133638,0.6672707
inst-079,instruction,normalised,,0.922539,0.8788497
inst-079,instruction,unrelated,,0.6522571,0.49643105
inst-066,instruction,identical,1.0,1.0,1.0
inst-066,instruction,deletion,0.9,0.9588467,0.9478645
inst-066,instruction,deletion,0.7,0.8952602,0.80214477
inst-066,instruction,deletion,0.5,0.8562922,0.7259144
inst-066,instruction,deletion,0.3,0.7816884,0.594304
inst-066,instruction,shuffled,,0.827679,0.70934176
inst-066,instruction,normalised,,0.93040675,0.88134915
inst-066,instruction,unrelated,,0.68636405,0.57158715
inst-003,instruction,identical,1.0,1.0,0.99999994
inst-003,instruction,deletion,0.9,0.96630895,0.9482066
inst-003,instruction,deletion,0.7,0.90031314,0.8465965
inst-003,instruction,deletion,0.5,0.8394819,0.75584805
inst-003,instruction,deletion,0.3,0.8059605,0.6825422
inst-003,instruction,shuffled,,0.8107654,0.7164236
inst-003,instruction,normalised,,0.9375485,0.9039168
inst-003,instruction,unrelated,,0.67474914,0.48731342
inst-057,instruction,identical,1.0,1.0000001,1.0
inst-057,instruction,deletion,0.9,0.9728258,0.9479663
inst-057,instruction,deletion,0.7,0.9074921,0.84559417
inst-057,instruction,deletion,0.5,0.82592237,0.65808505
inst-057,instruction,deletion,0.3,0.77724797,0.66854227
inst-057,instruction,shuffled,,0.8090845,0.6898514
inst-057,instruction,normalised,,0.9269301,0.8819309
inst-057,instruction,unrelated,,0.68992585,0.54564375
inst-062,instruction,identical,1.0,1.0,1.0
inst-062,instruction,deletion,0.9,0.96239454,0.9465512
inst-062,instruction,deletion,0.7,0.8820451,0.77824
inst-062,instruction,deletion,0.5,0.8278643,0.7735733
inst-062,instruction,deletion,0.3,0.7796572,0.63144577
inst-062,instruction,shuffled,,0.8159766,0.6794927
inst-062,instruction,normalised,,0.9352343,0.8709654
inst-062,instruction,unrelated,,0.7002649,0.57585925
inst-094,instruction,identical,1.0,1.0,0.99999994
inst-094,instruction,deletion,0.9,0.97086746,0.9649329
inst-094,instruction,deletion,0.7,0.91298187,0.8723831
inst-094,instruction,deletion,0.5,0.85270715,0.76606053
inst-094,instruction,deletion,0.3,0.76671785,0.61902606
inst-094,instruction,shuffled,,0.79078627,0.68468726
inst-094,instruction,normalised,,0.92826355,0.88495696
inst-094,instruction,unrelated,,0.65417486,0.4935389
inst-120,instruction,identical,1.0,0.99999994,0.99999994
inst-120,instruction,deletion,0.9,0.94004595,0.93925774
inst-120,instruction,deletion,0.7,0.87486625,0.8253792
inst-120,instruction,deletion,0.5,0.8182327,0.6776451
inst-120,instruction,deletion,0.3,0.7402027,0.56263787
inst-120,instruction,shuffled,,0.7737831,0.6366998
inst-120,instruction,normalised,,0.9010691,0.9155053
inst-120,instruction,unrelated,,0.649821,0.4641196
inst-073,instruction,identical,1.0,0.99999994,1.0
inst-073,instruction,deletion,0.9,0.96524566,0.9206613
inst-073,instruction,deletion,0.7,0.87603885,0.84368926
inst-073,instruction,deletion,0.5,0.8509873,0.7760115
inst-073,instruction,deletion,0.3,0.73295873,0.5524916
inst-073,instruction,shuffled,,0.8189771,0.7074041
inst-073,instruction,normalised,,0.9238382,0.89128906
inst-073,instruction,unrelated,,0.6796822,0.5363188
inst-063,instruction,identical,1.0,1.0,0.99999994
inst-063,instruction,deletion,0.9,0.96031874,0.9534884
inst-063,instruction,deletion,0.7,0.91300315,0.856578
inst-063,instruction,deletion,0.5,0.8165781,0.7157534
inst-063,instruction,deletion,0.3,0.7475697,0.6099353
inst-063,instruction,shuffled,,0.82080567,0.657218
inst-063,instruction,normalised,,0.9286318,0.90436107
inst-063,instruction,unrelated,,0.6710848,0.51866025
inst-033,instruction,identical,1.0,0.99999994,1.0
inst-033,instruction,deletion,0.9,0.9710069,0.9562097
inst-033,instruction,deletion,0.7,0.8856838,0.8201507
inst-033,instruction,deletion,0.5,0.84974456,0.77292305
inst-033,instruction,deletion,0.3,0.75813866,0.6469243
inst-033,instruction,shuffled,,0.81058913,0.6677428
inst-033,instruction,normalised,,0.9222413,0.88673407
inst-033,instruction,unrelated,,0.6448446,0.4481107
inst-085,instruction,identical,1.0,0.99999994,0.9999999
inst-085,instruction,deletion,0.9,0.969505,0.95689726
inst-085,instruction,deletion,0.7,0.90342957,0.85326767
inst-085,instruction,deletion,0.5,0.84330887,0.73989475
inst-085,instruction,deletion,0.3,0.78154135,0.64994687
inst-085,instruction,shuffled,,0.8073523,0.665544
inst-085,instruction,normalised,,0.9253325,0.88970584
inst-085,instruction,unrelated,,0.6673765,0.4767116
inst-031,instruction,identical,1.0,1.0,0.9999999
inst-031,instruction,deletion,0.9,0.96205837,0.9402077
inst-031,instruction,deletion,0.7,0.91805583,0.8808119
inst-031,instruction,deletion,0.5,0.814098,0.7287005
inst-031,instruction,deletion,0.3,0.76445246,0.56846744
inst-031,instruction,shuffled,,0.81234896,0.6945013
inst-031,instruction,normalised,,0.9232956,0.90810406
inst-031,instruction,unrelated,,0.70852375,0.51264304
inst-022,instruction,identical,1.0,1.0,1.0
inst-022,instruction,deletion,0.9,0.9533973,0.93627536
inst-022,instruction,deletion,0.7,0.89081854,0.8492013
inst-022,instruction,deletion,0.5,0.8337988,0.7412052
inst-022,instruction,deletion,0.3,0.732362,0.5561068
inst-022,instruction,shuffled,,0.79232186,0.67286104
inst-022,instruction,normalised,,0.923295,0.9009972
inst-022,instruction,unrelated,,0.6870895,0.5125349
inst-068,instruction,identical,1.0,1.0,0.99999994
inst-068,instruction,deletion,0.9,0.9810536,0.94347966
inst-068,instruction,deletion,0.7,0.8958824,0.8069462
inst-068,instruction,deletion,0.5,0.8578542,0.7769358
inst-068,instruction,deletion,0.3,0.72981757,0.59079134
inst-068,instruction,shuffled,,0.7983369,0.67079467
inst-068,instruction,normalised,,0.9154911,0.89724016
inst-068,instruction,unrelated,,0.6856287,0.55754936
inst-081,instruction,identical,1.0,1.0,1.0
inst-081,instruction,deletion,0.9,0.96307945,0.9281735
inst-081,instruction,deletion,0.7,0.89096475,0.8216501
inst-081,instruction,deletion,0.5,0.8188262,0.7492948
inst-081,instruction,deletion,0.3,0.7388167,0.5965203
inst-081,instruction,shuffled,,0.7824342,0.68609977
inst-081,instruction,normalised,,0.92201984,0.90492135
inst-081,instruction,unrelated,,0.6834152,0.5109053
inst-102,instruction,identical,1.0,1.0,0.99999994
inst-102,instruction,deletion,0.9,0.96621364,0.95709515
inst-102,instruction,deletion,0.7,0.89069206,0.8127484
inst-102,instruction,deletion,0.5,0.83243614,0.7597346
inst-102,instruction,deletion,0.3,0.6953431,0.52232844
inst-102,instruction,shuffled,,0.81111807,0.66527313
inst-102,instruction,normalised,,0.97218335,0.9355301
inst-102,instruction,unrelated,,0.71814126,0.5480457
inst-048,instruction,identical,1.0,0.99999994,1.0
inst-048,instruction,deletion,0.9,0.9538037,0.9245031
inst-048,instruction,deletion,0.7,0.8678808,0.7982571
inst-048,instruction,deletion,0.5,0.84659755,0.73951113
inst-048,instruction,deletion,0.3,0.76808786,0.6278385
inst-048,instruction,shuffled,,0.79901,0.6537316
inst-048,instruction,normalised,,0.92976665,0.8805764
inst-048,instruction,unrelated,,0.6571911,0.46715382
inst-061,instruction,identical,1.0,1.0,0.99999994
inst-061,instruction,deletion,0.9,0.95504725,0.932174
inst-061,instruction,deletion,0.7,0.87634474,0.81061685
inst-061,instruction,deletion,0.5,0.8293437,0.7245728
inst-061,instruction,deletion,0.3,0.745785,0.62964445
inst-061,instruction,shuffled,,0.8100684,0.69572604
inst-061,instruction,normalised,,0.9178387,0.8971519
inst-061,instruction,unrelated,,0.700126,0.5383973
inst-017,instruction,identical,1.0,1.0,0.99999994
inst-017,instruction,deletion,0.9,0.9593177,0.93400747
inst-017,instruction,deletion,0.7,0.87339944,0.79013014
inst-017,instruction,deletion,0.5,0.8378164,0.72612274
inst-017,instruction,deletion,0.3,0.73429084,0.6000536
inst-017,instruction,shuffled,,0.8276893,0.69286513
inst-017,instruction,normalised,,0.93401676,0.9073779
inst-017,instruction,unrelated,,0.684643,0.51454824
inst-071,instruction,identical,1.0,0.99999994,1.0000001
inst-071,instruction,deletion,0.9,0.9586724,0.94300514
inst-071,instruction,deletion,0.7,0.9003368,0.844956
inst-071,instruction,deletion,0.5,0.83036643,0.74472684
inst-071,instruction,deletion,0.3,0.75765276,0.637813
inst-071,instruction,shuffled,,0.8102273,0.6563999
inst-071,instruction,normalised,,0.9274851,0.88094157
inst-071,instruction,unrelated,,0.6900432,0.5210542
inst-099,instruction,identical,1.0,1.0,1.0
inst-099,instruction,deletion,0.9,0.9678407,0.9307037
inst-099,instruction,deletion,0.7,0.88430536,0.8227197
inst-099,instruction,deletion,0.5,0.84674203,0.7397485
inst-099,instruction,deletion,0.3,0.8006027,0.6741937
inst-099,instruction,shuffled,,0.81778455,0.70190686
inst-099,instruction,normalised,,0.9365511,0.885987
inst-099,instruction,unrelated,,0.6834629,0.51669526
inst-100,instruction,identical,1.0,0.99999994,1.0
inst-100,instruction,deletion,0.9,0.96744215,0.9537902
inst-100,instruction,deletion,0.7,0.87921286,0.8258003
inst-100,instruction,deletion,0.5,0.80982447,0.76085275
inst-100,instruction,deletion,0.3,0.78044707,0.6229131
inst-100,instruction,shuffled,,0.8057739,0.7123387
inst-100,instruction,normalised,,0.9239328,0.89378595
inst-100,instruction,unrelated,,0.6808686,0.47755805
inst-097,instruction,identical,1.0,1.0,1.0
inst-097,instruction,deletion,0.9,0.96186185,0.9613802
inst-097,instruction,deletion,0.7,0.86874384,0.80380446
inst-097,instruction,deletion,0.5,0.8282167,0.7382944
inst-097,instruction,deletion,0.3,0.741732,0.6218392
inst-097,instruction,shuffled,,0.80559886,0.70363945
inst-097,instruction,normalised,,0.93317753,0.8835898
inst-097,instruction,unrelated,,0.67689335,0.521107
inst-010,instruction,identical,1.0,1.0,0.99999994
inst-010,instruction,deletion,0.9,0.9546364,0.9185995
inst-010,instruction,deletion,0.7,0.89667135,0.8194116
inst-010,instruction,deletion,0.5,0.8467095,0.7707734
inst-010,instruction,deletion,0.3,0.752645,0.569607
inst-010,instruction,shuffled,,0.8121682,0.6779144
inst-010,instruction,normalised,,0.92874926,0.89283544
inst-010,instruction,unrelated,,0.683036,0.5009677
summ-066,summarisation,identical,1.0,1.0,1.0
summ-066,summarisation,deletion,0.9,0.930897,0.9176505
summ-066,summarisation,deletion,0.7,0.85849977,0.82105505
summ-066,summarisation,deletion,0.5,0.8131463,0.7101722
summ-066,summarisation,deletion,0.3,0.76117563,0.64644766
summ-066,summarisation,shuffled,,0.76803064,0.6526193
summ-066,summarisation,normalised,,0.9127137,0.90629405
summ-066,summarisation,unrelated,,0.6349667,0.4166272
summ-064,summarisation,identical,1.0,1.0,1.0
summ-064,summarisation,deletion,0.9,0.93220556,0.9360998
summ-064,summarisation,deletion,0.7,0.8472411,0.82293737
summ-064,summarisation,deletion,0.5,0.81305975,0.72826433
summ-064,summarisation,deletion,0.3,0.759958,0.6384219
summ-064,summarisation,shuffled,,0.762801,0.6737627
summ-064,summarisation,normalised,,0.91859996,0.9097152
summ-064,summarisation,unrelated,,0.6111211,0.49958846
summ-012,summarisation,identical,1.0,1.0,0.99999994
summ-012,summarisation,deletion,0.9,0.9491961,0.9320661
summ-012,summarisation,deletion,0.7,0.8525902,0.80910814
summ-012,summarisation,deletion,0.5,0.79849225,0.7189831
summ-012,summarisation,deletion,0.3,0.7505568,0.62683487
summ-012,summarisation,shuffled,,0.73910177,0.6218025
summ-012,summarisation,normalised,,0.90371186,0.9109588
summ-012,summarisation,unrelated,,0.6815525,0.53773916
summ-097,summarisation,identical,1.0,0.99999994,1.0
summ-097,summarisation,deletion,0.9,0.9369605,0.9255968
summ-097,summarisation,deletion,0.7,0.8416026,0.79650134
summ-097,summarisation,deletion,0.5,0.80176973,0.7142359
summ-097,summarisation,deletion,0.3,0.7641829,0.62081146
summ-097,summarisation,shuffled,,0.7471555,0.610133
summ-097,summarisation,normalised,,0.915618,0.9071044
summ-097,summarisation,unrelated,,0.67885697,0.5220598
summ-007,summarisation,identical,1.0,1.0,1.0
summ-007,summarisation,deletion,0.9,0.9300028,0.9165927
summ-007,summarisation,deletion,0.7,0.8600209,0.82867914
summ-007,summarisation,deletion,0.5,0.7951033,0.7083471
summ-007,summarisation,deletion,0.3,0.74186164,0.5970451
summ-007,summarisation,shuffled,,0.73689896,0.5943248
summ-007,summarisation,normalised,,0.9123535,0.9229303
summ-007,summarisation,unrelated,,0.60772496,0.46152177
summ-111,summarisation,identical,1.0,0.9999999,1.0
summ-111,summarisation,deletion,0.9,0.95880115,0.9397024
summ-111,summarisation,deletion,0.7,0.84340155,0.8030467
summ-111,summarisation,deletion,0.5,0.81994724,0.7100658
summ-111,summarisation,deletion,0.3,0.77454793,0.62131804
summ-111,summarisation,shuffled,,0.76571065,0.6163172
summ-111,summarisation,normalised,,0.9420173,0.9251101
summ-111,summarisation,unrelated,,0.66637635,0.4817664
summ-015,summarisation,identical,1.0,1.0,1.0
summ-015,summarisation,deletion,0.9,0.9526268,0.9290902
summ-015,summarisation,deletion,0.7,0.85356843,0.8218188
summ-015,summarisation,deletion,0.5,0.7858314,0.68613964
summ-015,summarisation,deletion,0.3,0.75919306,0.6086918
summ-015,summarisation,shuffled,,0.7360396,0.6090508
summ-015,summarisation,normalised,,0.91554374,0.91354305
summ-015,summarisation,unrelated,,0.68298244,0.5375919
summ-020,summarisation,identical,1.0,1.0,0.99999994
summ-020,summarisation,deletion,0.9,0.9449033,0.9156212
summ-020,summarisation,deletion,0.7,0.8453793,0.78871363
summ-020,summarisation,deletion,0.5,0.8007328,0.70480144
summ-020,summarisation,deletion,0.3,0.7575974,0.61877376
summ-020,summarisation,shuffled,,0.7445636,0.6076322
summ-020,summarisation,normalised,,0.9207418,0.9143421
summ-020,summarisation,unrelated,,0.6651409,0.5021671
summ-081,summarisation,identical,1.0,0.99999994,0.9999999
summ-081,summarisation,deletion,0.9,0.95098877,0.9261478
summ-081,summarisation,deletion,0.7,0.8591091,0.82795
summ-081,summarisation,deletion,0.5,0.80076855,0.6869193
summ-081,summarisation,deletion,0.3,0.7668486,0.6363625
summ-081,summarisation,shuffled,,0.7493838,0.61238486
summ-081,summarisation,normalised,,0.9137362,0.9195056
summ-081,summarisation,unrelated,,0.6284052,0.47771075
summ-021,summarisation,identical,1.0,1.0,0.9999999
summ-021,summarisation,deletion,0.9,0.94454026,0.9318426
summ-021,summarisation,deletion,0.7,0.8449792,0.81158006
summ-021,summarisation,deletion,0.5,0.79817253,0.69626725
summ-021,summarisation,deletion,0.3,0.76429737,0.63848835
summ-021,summarisation,shuffled,,0.7468416,0.5887671
summ-021,summarisation,normalised,,0.91809756,0.9093521
summ-021,summarisation,unrelated,,0.6844067,0.5385205
summ-102,summarisation,identical,1.0,1.0,0.99999994
summ-102,summarisation,deletion,0.9,0.90820444,0.9129244
summ-102,summarisation,deletion,0.7,0.9043124,0.80516624
summ-102,summarisation,deletion,0.5,0.792595,0.64313745
summ-102,summarisation,deletion,0.3,0.76017433,0.5962796
summ-102,summarisation,shuffled,,0.74838865,0.6018937
summ-102,summarisation,normalised,,0.8951042,0.920613
summ-102,summarisation,unrelated,,0.64557135,0.44592386
summ-088,summarisation,identical,1.0,1.0,1.0
summ-088,summarisation,deletion,0.9,0.94211537,0.9254016
summ-088,summarisation,deletion,0.7,0.84969383,0.7866777
summ-088,summarisation,deletion,0.5,0.79505914,0.6867117
summ-088,summarisation,deletion,0.3,0.7565384,0.60302204
summ-088,summarisation,shuffled,,0.7489561,0.61836934
summ-088,summarisation,normalised,,0.91826034,0.91406983
summ-088,summarisation,unrelated,,0.63461924,0.45895934
summ-055,summarisation,identical,1.0,1.0,0.99999994
summ-055,summarisation,deletion,0.9,0.94435614,0.92747015
summ-055,summarisation,deletion,0.7,0.8514321,0.8253587
summ-055,summarisation,deletion,0.5,0.80596465,0.7057155
summ-055,summarisation,deletion,0.3,0.7505972,0.6131108
summ-055,summarisation,shuffled,,0.7601384,0.61058086
summ-055,summarisation,normalised,,0.9295936,0.91669595
summ-055,summarisation,unrelated,,0.665071,0.5038469
summ-077,summarisation,identical,1.0,0.99999994,1.0
summ-077,summarisation,deletion,0.9,0.94414103,0.9317663
summ-077,summarisation,deletion,0.7,0.84735173,0.78365743
summ-077,summarisation,deletion,0.5,0.79921913,0.69348985
summ-077,summarisation,deletion,0.3,0.76808125,0.6167397
summ-077,summarisation,shuffled,,0.7556353,0.6456722
summ-077,summarisation,normalised,,0.9117051,0.91392
summ-077,summarisation,unrelated,,0.6372222,0.50561774
summ-009,summarisation,identical,1.0,0.99999994,0.99999994
summ-009,summarisation,deletion,0.9,0.93203294,0.9244341
summ-009,summarisation,deletion,0.7,0.8418789,0.79518765
summ-009,summarisation,deletion,0.5,0.80065423,0.6988924
summ-009,summarisation,deletion,0.3,0.7617974,0.6042913
summ-009,summarisation,shuffled,,0.7521528,0.59568316
summ-009,summarisation,normalised,,0.91623664,0.91775054
summ-009,summarisation,unrelated,,0.6652911,0.51089513
summ-050,summarisation,identical,1.0,1.0,0.9999999
summ-050,summarisation,deletion,0.9,0.9492672,0.9269643
summ-050,summarisation,deletion,0.7,0.8445532,0.7938866
summ-050,summarisation,deletion,0.5,0.78407204,0.6376387
summ-050,summarisation,deletion,0.3,0.7449369,0.61063063
summ-050,summarisation,shuffled,,0.76565677,0.6098071
summ-050,summarisation,normalised,,0.91152805,0.9136638
summ-050,summarisation,unrelated,,0.6397524,0.4285605
summ-049,summarisation,identical,1.0,0.9999999,1.0
summ-049,summarisation,deletion,0.9,0.95847684,0.929526
summ-049,summarisation,deletion,0.7,0.861612,0.805027
summ-049,summarisation,deletion,0.5,0.8156179,0.707906
summ-049,summarisation,deletion,0.3,0.7418978,0.5859256
summ-049,summarisation,shuffled,,0.7467266,0.59842014
summ-049,summarisation,normalised,,0.88936085,0.91229624
summ-049,summarisation,unrelated,,0.6094924,0.4620865
summ-112,summarisation,identical,1.0,1.0,1.0
summ-112,summarisation,deletion,0.9,0.95855707,0.9311036
summ-112,summarisation,deletion,0.7,0.88758665,0.82207936
summ-112,summarisation,deletion,0.5,0.8132774,0.70073485
summ-112,summarisation,deletion,0.3,0.75238657,0.5897991
summ-112,summarisation,shuffled,,0.75255436,0.6330703
summ-112,summarisation,normalised,,0.93059045,0.9241322
summ-112,summarisation,unrelated,,0.66087943,0.4414841
summ-060,summarisation,identical,1.0,0.99999994,1.0
summ-060,summarisation,deletion,0.9,0.95085603,0.92519104
summ-060,summarisation,deletion,0.7,0.8437992,0.8176685
summ-060,summarisation,deletion,0.5,0.79068923,0.685467
summ-060,summarisation,deletion,0.3,0.7648892,0.61777747
summ-060,summarisation,shuffled,,0.7586691,0.61869437
summ-060,summarisation,normalised,,0.9270577,0.91686535
summ-060,summarisation,unrelated,,0.6456014,0.46982962
summ-068,summarisation,identical,1.0,1.0,1.0
summ-068,summarisation,deletion,0.9,0.9517636,0.92981416
summ-068,summarisation,deletion,0.7,0.85271096,0.80269533
summ-068,summarisation,deletion,0.5,0.8089623,0.6959748
summ-068,summarisation,deletion,0.3,0.76906407,0.67668927
summ-068,summarisation,shuffled,,0.7447779,0.65590906
summ-068,summarisation,normalised,,0.9010153,0.90536106
summ-068,summarisation,unrelated,,0.63493574,0.505579
summ-033,summarisation,identical,1.0,1.0,1.0
summ-033,summarisation,deletion,0.9,0.9038977,0.9298211
summ-033,summarisation,deletion,0.7,0.8523232,0.784918
summ-033,summarisation,deletion,0.5,0.76003313,0.6386695
summ-033,summarisation,deletion,0.3,0.75287944,0.5648583
summ-033,summarisation,shuffled,,0.756219,0.5797464
summ-033,summarisation,normalised,,0.9038735,0.89473265
summ-033,summarisation,unrelated,,0.68336046,0.5016502
summ-071,summarisation,identical,1.0,1.0,0.99999994
summ-071,summarisation,deletion,0.9,0.95542777,0.9313944
summ-071,summarisation,deletion,0.7,0.8664535,0.80915636
summ-071,summarisation,deletion,0.5,0.82906604,0.7372311
summ-071,summarisation,deletion,0.3,0.7597953,0.616402
summ-071,summarisation,shuffled,,0.74583876,0.61960196
summ-071,summarisation,normalised,,0.9211392,0.9114403
summ-071,summarisation,unrelated,,0.6483185,0.49551076
summ-002,summarisation,identical,1.0,1.0,0.99999994
summ-002,summarisation,deletion,0.9,0.94501275,0.9371528
summ-002,summarisation,deletion,0.7,0.86138564,0.8105371
summ-002,summarisation,deletion,0.5,0.8134182,0.7176305
summ-002,summarisation,deletion,0.3,0.74769896,0.600727
summ-002,summarisation,shuffled,,0.7442122,0.5995772
summ-002,summarisation,normalised,,0.9123408,0.9208066
summ-002,summarisation,unrelated,,0.67703104,0.5293691
summ-114,summarisation,identical,1.0,1.0,1.0
summ-114,summarisation,deletion,0.9,0.95605505,0.94456285
summ-114,summarisation,deletion,0.7,0.82775635,0.78590274
summ-114,summarisation,deletion,0.5,0.81405026,0.68767184
summ-114,summarisation,deletion,0.3,0.7709419,0.6381725
summ-114,summarisation,shuffled,,0.7677633,0.61182827
summ-114,summarisation,normalised,,0.9466484,0.94483864
summ-114,summarisation,unrelated,,0.6886168,0.53525454
summ-093,summarisation,identical,1.0,1.0,0.99999994
summ-093,summarisation,deletion,0.9,0.9428734,0.92224896
summ-093,summarisation,deletion,0.7,0.84082144,0.78676385
summ-093,summarisation,deletion,0.5,0.79387313,0.67061025
summ-093,summarisation,deletion,0.3,0.73937166,0.61328846
summ-093,summarisation,shuffled,,0.75744617,0.592552
summ-093,summarisation,normalised,,0.91390425,0.90621406
summ-093,summarisation,unrelated,,0.663003,0.5277209
summ-119,summarisation,identical,1.0,1.0,1.0
summ-119,summarisation,deletion,0.9,0.9568454,0.929981
summ-119,summarisation,deletion,0.7,0.8707161,0.8073178
summ-119,summarisation,deletion,0.5,0.811171,0.71675694
summ-119,summarisation,deletion,0.3,0.7554069,0.62487024
summ-119,summarisation,shuffled,,0.7561925,0.65171045
summ-119,summarisation,normalised,,0.95108193,0.94025403
summ-119,summarisation,unrelated,,0.65751463,0.5106881
summ-115,summarisation,identical,1.0,1.0,1.0
summ-115,summarisation,deletion,0.9,0.9500044,0.9340043
summ-115,summarisation,deletion,0.7,0.8453622,0.8340751
summ-115,summarisation,deletion,0.5,0.83381313,0.7512045
summ-115,summarisation,deletion,0.3,0.74569374,0.57580394
summ-115,summarisation,shuffled,,0.7790906,0.64480174
summ-115,summarisation,normalised,,0.9393721,0.94465756
summ-115,summarisation,unrelated,,0.6405485,0.43476057
summ-069,summarisation,identical,1.0,1.0,1.0
summ-069,summarisation,deletion,0.9,0.8916685,0.9200482
summ-069,summarisation,deletion,0.7,0.82441074,0.81699026
summ-069,summarisation,deletion,0.5,0.7964499,0.7204078
summ-069,summarisation,deletion,0.3,0.76130825,0.64293575
summ-069,summarisation,shuffled,,0.76504004,0.658903
summ-069,summarisation,normalised,,0.89821607,0.902973
summ-069,summarisation,unrelated,,0.6800471,0.543798
summ-122,summarisation,identical,1.0,1.0,1.0
summ-122,summarisation,deletion,0.9,0.95666057,0.9125251
summ-122,summarisation,deletion,0.7,0.86037004,0.80012494
summ-122,summarisation,deletion,0.5,0.79451185,0.68730056
summ-122,summarisation,deletion,0.3,0.7554447,0.58516043
summ-122,summarisation,shuffled,,0.7260756,0.5716187
summ-122,summarisation,normalised,,0.9625517,0.94846076
summ-122,summarisation,unrelated,,0.680903,0.511001
summ-035,summarisation,identical,1.0,1.0,1.0
summ-035,summarisation,deletion,0.9,0.9486544,0.9124239
summ-035,summarisation,deletion,0.7,0.8394179,0.795179
summ-035,summarisation,deletion,0.5,0.8116157,0.6911073
summ-035,summarisation,deletion,0.3,0.73693216,0.5643392
summ-035,summarisation,shuffled,,0.73570657,0.55595815
summ-035,summarisation,normalised,,0.91052914,0.89358735
summ-035,summarisation,unrelated,,0.68934315,0.50467944
summ-083,summarisation,identical,1.0,1.0,0.9999999
summ-083,summarisation,deletion,0.9,0.9437868,0.93053097
summ-083,summarisation,deletion,0.7,0.85311997,0.80993766
summ-083,summarisation,deletion,0.5,0.8108482,0.70342153
summ-083,summarisation,deletion,0.3,0.75460213,0.6200511
summ-083,summarisation,shuffled,,0.74645555,0.6258333
summ-083,summarisation,normalised,,0.91827977,0.9194604
summ-083,summarisation,unrelated,,0.6357719,0.46404678
summ-044,summarisation,identical,1.0,1.0,0.9999999
summ-044,summarisation,deletion,0.9,0.94907707,0.9356257
summ-044,summarisation,deletion,0.7,0.86378753,0.81103927
summ-044,summarisation,deletion,0.5,0.8025968,0.6833879
summ-044,summarisation,deletion,0.3,0.77279335,0.64408785
summ-044,summarisation,shuffled,,0.74006975,0.60249925
summ-044,summarisation,normalised,,0.9099458,0.9146366
summ-044,summarisation,unrelated,,0.68845695,0.5292359
summ-100,summarisation,identical,1.0,1.0,0.99999994
summ-100,summarisation,deletion,0.9,0.9433323,0.9227666
summ-100,summarisation,deletion,0.7,0.83394015,0.80722225
summ-100,summarisation,deletion,0.5,0.7974956,0.66955346
summ-100,summarisation,deletion,0.3,0.7540971,0.5662355
summ-100,summarisation,shuffled,,0.7658177,0.5914599
summ-100,summarisation,normalised,,0.925627,0.9039223
summ-100,summarisation,unrelated,,0.6249466,0.488703
summ-038,summarisation,identical,1.0,1.0,0.99999994
summ-038,summarisation,deletion,0.9,0.93857825,0.9166935
summ-038,summarisation,deletion,0.7,0.84859747,0.80821425
summ-038,summarisation,deletion,0.5,0.77360106,0.6586106
summ-038,summarisation,deletion,0.3,0.75318444,0.6034161
summ-038,summarisation,shuffled,,0.7281771,0.57968044
summ-038,summarisation,normalised,,0.90317065,0.88641256
summ-038,summarisation,unrelated,,0.62778735,0.46891388
summ-056,summarisation,identical,1.0,1.0,1.0
summ-056,summarisation,deletion,0.9,0.94550675,0.9235183
summ-056,summarisation,deletion,0.7,0.84778786,0.8070274
summ-056,summarisation,deletion,0.5,0.7980826,0.65643895
summ-056,summarisation,deletion,0.3,0.77286613,0.62589157
summ-056,summarisation,shuffled,,0.761476,0.61183643
summ-056,summarisation,normalised,,0.93007624,0.91721547
summ-056,summarisation,unrelated,,0.68651605,0.5221955
summ-116,summarisation,identical,1.0,1.0,0.99999994
summ-116,summarisation,deletion,0.9,0.9588663,0.9235204
summ-116,summarisation,deletion,0.7,0.8553769,0.78702337
summ-116,summarisation,deletion,0.5,0.8076944,0.6450047
summ-116,summarisation,deletion,0.3,0.74081475,0.5936489
summ-116,summarisation,shuffled,,0.768987,0.6428123
summ-116,summarisation,normalised,,0.9436994,0.942352
summ-116,summarisation,unrelated,,0.6408487,0.48305374
summ-059,summarisation,identical,1.0,1.0,1.0
summ-059,summarisation,deletion,0.9,0.9398216,0.914388
summ-059,summarisation,deletion,0.7,0.86135596,0.821473
summ-059,summarisation,deletion,0.5,0.8029826,0.69074935
summ-059,summarisation,deletion,0.3,0.75825375,0.63341683
summ-059,summarisation,shuffled,,0.7471662,0.62171876
summ-059,summarisation,normalised,,0.9095417,0.912252
summ-059,summarisation,unrelated,,0.6297261,0.4404323
summ-001,summarisation,identical,1.0,1.0,0.99999994
summ-001,summarisation,deletion,0.9,0.9165722,0.9156649
summ-001,summarisation,deletion,0.7,0.851871,0.82466066
summ-001,summarisation,deletion,0.5,0.79262424,0.72572494
summ-001,summarisation,deletion,0.3,0.73427063,0.5973438
summ-001,summarisation,shuffled,,0.7516529,0.61677045
summ-001,summarisation,normalised,,0.91649705,0.92310345
summ-001,summarisation,unrelated,,0.6172647,0.4674187
summ-034,summarisation,identical,1.0,0.99999994,1.0
summ-034,summarisation,deletion,0.9,0.9414968,0.92302907
summ-034,summarisation,deletion,0.7,0.8420994,0.7790244
summ-034,summarisation,deletion,0.5,0.7789128,0.68073666
summ-034,summarisation,deletion,0.3,0.75401014,0.59605867
summ-034,summarisation,shuffled,,0.7604559,0.5925274
summ-034,summarisation,normalised,,0.9115237,0.89755344
summ-034,summarisation,unrelated,,0.66018575,0.5008157
summ-065,summarisation,identical,1.0,1.0,1.0
summ-065,summarisation,deletion,0.9,0.9347728,0.91780144
summ-065,summarisation,deletion,0.7,0.86693144,0.84384
summ-065,summarisation,deletion,0.5,0.80310994,0.6926178
summ-065,summarisation,deletion,0.3,0.76501715,0.6362547
summ-065,summarisation,shuffled,,0.7665788,0.65430415
summ-065,summarisation,normalised,,0.9031483,0.903359
summ-065,summarisation,unrelated,,0.64019036,0.54081726
summ-023,summarisation,identical,1.0,1.0,0.99999994
summ-023,summarisation,deletion,0.9,0.9057564,0.9137565
summ-023,summarisation,deletion,0.7,0.8423329,0.815916
summ-023,summarisation,deletion,0.5,0.7930359,0.6899807
summ-023,summarisation,deletion,0.3,0.75609845,0.6006191
summ-023,summarisation,shuffled,,0.7561356,0.6084082
summ-023,summarisation,normalised,,0.9143296,0.90792173
summ-023,summarisation,unrelated,,0.6260364,0.4413939
summ-086,summarisation,identical,1.0,0.9999999,1.0
summ-086,summarisation,deletion,0.9,0.93843955,0.90884954
summ-086,summarisation,deletion,0.7,0.8541387,0.798396
summ-086,summarisation,deletion,0.5,0.81000334,0.6944422
summ-086,summarisation,deletion,0.3,0.75342804,0.6049223
summ-086,summarisation,shuffled,,0.75105506,0.6080703
summ-086,summarisation,normalised,,0.9218626,0.91349554
summ-086,summarisation,unrelated,,0.68868977,0.518742
summ-014,summarisation,identical,1.0,1.0,1.0
summ-014,summarisation,deletion,0.9,0.94185114,0.9229715
summ-014,summarisation,deletion,0.7,0.8447906,0.80500084
summ-014,summarisation,deletion,0.5,0.79803693,0.7057031
summ-014,summarisation,deletion,0.3,0.76075226,0.6239592
summ-014,summarisation,shuffled,,0.7491677,0.63047445
summ-014,summarisation,normalised,,0.9178078,0.91387194
summ-014,summarisation,unrelated,,0.6569525,0.49057475
summ-117,summarisation,identical,1.0,1.0000001,1.0
summ-117,summarisation,deletion,0.9,0.96977437,0.9355779
summ-117,summarisation,deletion,0.7,0.8689574,0.8301502
summ-117,summarisation,deletion,0.5,0.80088025,0.67524755
summ-117,summarisation,deletion,0.3,0.7430245,0.5439268
summ-117,summarisation,shuffled,,0.75797135,0.6248563
summ-117,summarisation,normalised,,0.9377076,0.93015814
summ-117,summarisation,unrelated,,0.64804137,0.46435925
summ-039,summarisation,identical,1.0,1.0,1.0
summ-039,summarisation,deletion,0.9,0.9315957,0.9125018
summ-039,summarisation,deletion,0.7,0.84189457,0.79749143
summ-039,summarisation,deletion,0.5,0.80994374,0.7024382
summ-039,summarisation,deletion,0.3,0.74658245,0.5918191
summ-039,summarisation,shuffled,,0.73753035,0.5899974
summ-039,summarisation,normalised,,0.8921153,0.89018345
summ-039,summarisation,unrelated,,0.66975373,0.4968101
summ-084,summarisation,identical,1.0,1.0,0.99999994
summ-084,summarisation,deletion,0.9,0.94940096,0.93682235
summ-084,summarisation,deletion,0.7,0.85603315,0.80895877
summ-084,summarisation,deletion,0.5,0.8188239,0.7080027
summ-084,summarisation,deletion,0.3,0.768323,0.63025844
summ-084,summarisation,shuffled,,0.749679,0.6377567
summ-084,summarisation,normalised,,0.92977685,0.91563386
summ-084,summarisation,unrelated,,0.6751704,0.5141173
summ-078,summarisation,identical,1.0,0.99999994,0.99999994
summ-078,summarisation,deletion,0.9,0.95189834,0.93138456
summ-078,summarisation,deletion,0.7,0.8134383,0.7816393
summ-078,summarisation,deletion,0.5,0.82955897,0.7153274
summ-078,summarisation,deletion,0.3,0.7535563,0.61864215
summ-078,summarisation,shuffled,,0.7554784,0.6129982
summ-078,summarisation,normalised,,0.9127576,0.90831375
summ-078,summarisation,unrelated,,0.63993883,0.475921
summ-026,summarisation,identical,1.0,0.99999994,0.99999994
summ-026,summarisation,deletion,0.9,0.9240586,0.90760857
summ-026,summarisation,deletion,0.7,0.8486185,0.807168
summ-026,summarisation,deletion,0.5,0.7877015,0.6845829
summ-026,summarisation,deletion,0.3,0.7591406,0.61201227
summ-026,summarisation,shuffled,,0.7452563,0.5960296
summ-026,summarisation,normalised,,0.9170069,0.90686995
summ-026,summarisation,unrelated,,0.6880246,0.54871106
summ-118,summarisation,identical,1.0,1.0,1.0
summ-118,summarisation,deletion,0.9,0.933457,0.9362856
summ-118,summarisation,deletion,0.7,0.89516294,0.81974685
summ-118,summarisation,deletion,0.5,0.8118759,0.71077764
summ-118,summarisation,deletion,0.3,0.764093,0.6174784
summ-118,summarisation,shuffled,,0.7628937,0.6536662
summ-118,summarisation,normalised,,0.89286864,0.9119669
summ-118,summarisation,unrelated,,0.6784518,0.44524828
summ-048,summarisation,identical,1.0,1.0,1.0
summ-048,summarisation,deletion,0.9,0.9379442,0.9241793
summ-048,summarisation,deletion,0.7,0.84872687,0.7732585
summ-048,summarisation,deletion,0.5,0.80128795,0.66040415
summ-048,summarisation,deletion,0.3,0.7496204,0.5778784
summ-048,summarisation,shuffled,,0.7502611,0.60739857
summ-048,summarisation,normalised,,0.90664953,0.9139629
summ-048,summarisation,unrelated,,0.5846661,0.4287167
summ-090,summarisation,identical,1.0,1.0,1.0
summ-090,summarisation,deletion,0.9,0.9317614,0.9327073
summ-090,summarisation,deletion,0.7,0.848302,0.80520606
summ-090,summarisation,deletion,0.5,0.78976405,0.6791667
summ-090,summarisation,deletion,0.3,0.7729174,0.64229286
summ-090,summarisation,shuffled,,0.75555605,0.6286046
summ-090,summarisation,normalised,,0.92574346,0.91888565
summ-090,summarisation,unrelated,,0.68041146,0.5217943
summ-070,summarisation,identical,1.0,0.9999999,1.0
summ-070,summarisation,deletion,0.9,0.9427362,0.9307657
summ-070,summarisation,deletion,0.7,0.8579605,0.7998359
summ-070,summarisation,deletion,0.5,0.82010335,0.7170403
summ-070,summarisation,deletion,0.3,0.7655479,0.647947
summ-070,summarisation,shuffled,,0.7595952,0.6611631
summ-070,summarisation,normalised,,0.90861094,0.90784734
summ-070,summarisation,unrelated,,0.6970189,0.5566969
summ-106,summarisation,identical,1.0,1.0,1.0
summ-106,summarisation,deletion,0.9,0.95679444,0.91800547
summ-106,summarisation,deletion,0.7,0.8336465,0.8296704
summ-106,summarisation,deletion,0.5,0.7997694,0.7112823
summ-106,summarisation,deletion,0.3,0.75527114,0.6113865
summ-106,summarisation,shuffled,,0.77160513,0.66190696
summ-106,summarisation,normalised,,0.9507148,0.9378514
summ-106,summarisation,unrelated,,0.66259056,0.48693824
summ-099,summarisation,identical,1.0,1.0,1.0
summ-099,summarisation,deletion,0.9,0.9446782,0.9230527
summ-099,summarisation,deletion,0.7,0.856515,0.8234962
summ-099,summarisation,deletion,0.5,0.80641514,0.6793339
summ-099,summarisation,deletion,0.3,0.7351785,0.5771775
summ-099,summarisation,shuffled,,0.75208586,0.6110764
summ-099,summarisation,normalised,,0.8967074,0.90307647
summ-099,summarisation,unrelated,,0.65934527,0.5155299
summ-042,summarisation,identical,1.0,0.99999994,1.0
summ-042,summarisation,deletion,0.9,0.93596536,0.9168187
summ-042,summarisation,deletion,0.7,0.8483704,0.7817442
summ-042,summarisation,deletion,0.5,0.7956755,0.70245403
summ-042,summarisation,deletion,0.3,0.7321782,0.5806122
summ-042,summarisation,shuffled,,0.7583205,0.61977786
summ-042,summarisation,normalised,,0.9043446,0.91640526
summ-042,summarisation,unrelated,,0.6502788,0.47221932
summ-063,summarisation,identical,1.0,1.0,0.9999999
summ-063,summarisation,deletion,0.9,0.95133144,0.93852603
summ-063,summarisation,deletion,0.7,0.85754305,0.80596036
summ-063,summarisation,deletion,0.5,0.81856334,0.7239123
summ-063,summarisation,deletion,0.3,0.7730471,0.650727
summ-063,summarisation,shuffled,,0.75689036,0.65318793
summ-063,summarisation,normalised,,0.90288854,0.9071536
summ-063,summarisation,unrelated,,0.6880612,0.5544716
summ-003,summarisation,identical,1.0,1.0,0.99999994
summ-003,summarisation,deletion,0.9,0.9254596,0.91560274
summ-003,summarisation,deletion,0.7,0.81708616,0.8005579
summ-003,summarisation,deletion,0.5,0.8009625,0.72070324
summ-003,summarisation,deletion,0.3,0.7628492,0.6315742
summ-003,summarisation,shuffled,,0.73955566,0.58947945
summ-003,summarisation,normalised,,0.90826154,0.92124707
summ-003,summarisation,unrelated,,0.638824,0.47331417
summ-101,summarisation,identical,1.0,0.9999999,1.0
summ-101,summarisation,deletion,0.9,0.92396927,0.92436033
summ-101,summarisation,deletion,0.7,0.8724219,0.7846895
summ-101,summarisation,deletion,0.5,0.81383026,0.68999594
summ-101,summarisation,deletion,0.3,0.73200524,0.58696806
summ-101,summarisation,shuffled,,0.746145,0.629359
summ-101,summarisation,normalised,,0.94356376,0.9336891
summ-101,summarisation,unrelated,,0.66829115,0.51504695
summ-047,summarisation,identical,1.0,1.0,0.9999999
summ-047,summarisation,deletion,0.9,0.9465554,0.92480695
summ-047,summarisation,deletion,0.7,0.8621515,0.7996126
summ-047,summarisation,deletion,0.5,0.80703115,0.6975436
summ-047,summarisation,deletion,0.3,0.7614212,0.6246043
summ-047,summarisation,shuffled,,0.7408234,0.6104733
summ-047,summarisation,normalised,,0.9010807,0.919247
summ-047,summarisation,unrelated,,0.64268297,0.47931507
summ-040,summarisation,identical,1.0,1.0,1.0
summ-040,summarisation,deletion,0.9,0.9383027,0.92392975
summ-040,summarisation,deletion,0.7,0.85335237,0.78915787
summ-040,summarisation,deletion,0.5,0.7921328,0.67853385
summ-040,summarisation,deletion,0.3,0.76517457,0.59854454
summ-040,summarisation,shuffled,,0.7334807,0.57469666
summ-040,summarisation,normalised,,0.9126758,0.8997227
summ-040,summarisation,unrelated,,0.63206166,0.4759861
summ-031,summarisation,identical,1.0,1.0,1.0
summ-031,summarisation,deletion,0.9,0.9526601,0.9265347
summ-031,summarisation,deletion,0.7,0.8410689,0.78615665
summ-031,summarisation,deletion,0.5,0.8199799,0.69563234
summ-031,summarisation,deletion,0.3,0.7414481,0.5900453
summ-031,summarisation,shuffled,,0.74285203,0.56883043
summ-031,summarisation,normalised,,0.90955395,0.8957105
summ-031,summarisation,unrelated,,0.6434906,0.48346338
summ-008,summarisation,identical,1.0,0.9999999,1.0
summ-008,summarisation,deletion,0.9,0.94116914,0.92732036
summ-008,summarisation,deletion,0.7,0.8418592,0.7839996
summ-008,summarisation,deletion,0.5,0.81133616,0.7081938
summ-008,summarisation,deletion,0.3,0.74500424,0.58376443
summ-008,summarisation,shuffled,,0.7539743,0.60450935
summ-008,summarisation,normalised,,0.9115714,0.91895825
summ-008,summarisation,unrelated,,0.6143509,0.44004193
summ-016,summarisation,identical,1.0,0.9999999,1.0
summ-016,summarisation,deletion,0.9,0.93635917,0.9213451
summ-016,summarisation,deletion,0.7,0.85847896,0.8186712
summ-016,summarisation,deletion,0.5,0.78511024,0.7039775
summ-016,summarisation,deletion,0.3,0.75729173,0.5899566
summ-016,summarisation,shuffled,,0.75453204,0.6221304
summ-016,summarisation,normalised,,0.91254723,0.91237694
summ-016,summarisation,unrelated,,0.6475792,0.49010634
summ-057,summarisation,identical,1.0,0.99999994,1.0
summ-057,summarisation,deletion,0.9,0.9467166,0.92611474
summ-057,summarisation,deletion,0.7,0.8567003,0.82389134
summ-057,summarisation,deletion,0.5,0.8057386,0.70930135
summ-057,summarisation,deletion,0.3,0.7596302,0.6138402
summ-057,summarisation,shuffled,,0.7385725,0.6191528
summ-057,summarisation,normalised,,0.92661065,0.9172828
summ-057,summarisation,unrelated,,0.6390381,0.47599778
summ-037,summarisation,identical,1.0,1.0,0.99999994
summ-037,summarisation,deletion,0.9,0.942011,0.9239935
summ-037,summarisation,deletion,0.7,0.8446239,0.76909417
summ-037,summarisation,deletion,0.5,0.7911275,0.68064696
summ-037,summarisation,deletion,0.3,0.74109244,0.56714517
summ-037,summarisation,shuffled,,0.7532891,0.5689009
summ-037,summarisation,normalised,,0.91145927,0.8960769
summ-037,summarisation,unrelated,,0.6600856,0.4747365
summ-006,summarisation,identical,1.0,0.99999994,1.0
summ-006,summarisation,deletion,0.9,0.9478318,0.9259824
summ-006,summarisation,deletion,0.7,0.8456599,0.7978397
summ-006,summarisation,deletion,0.5,0.80773807,0.71069866
summ-006,summarisation,deletion,0.3,0.72620744,0.60592514
summ-006,summarisation,shuffled,,0.7472363,0.60284716
summ-006,summarisation,normalised,,0.92037326,0.92102575
summ-006,summarisation,unrelated,,0.60805535,0.4251211
summ-107,summarisation,identical,1.0,1.0,1.0
summ-107,summarisation,deletion,0.9,0.9589893,0.91907156
summ-107,summarisation,deletion,0.7,0.86830217,0.8131105
summ-107,summarisation,deletion,0.5,0.80282176,0.6964901
summ-107,summarisation,deletion,0.3,0.7794629,0.6254075
summ-107,summarisation,shuffled,,0.75100297,0.61444145
summ-107,summarisation,normalised,,0.95139164,0.94013244
summ-107,summarisation,unrelated,,0.6862248,0.5060945
summ-067,summarisation,identical,1.0,0.9999999,1.0
summ-067,summarisation,deletion,0.9,0.94898146,0.91628975
summ-067,summarisation,deletion,0.7,0.86252296,0.8338307
summ-067,summarisation,deletion,0.5,0.8239887,0.71343744
summ-067,summarisation,deletion,0.3,0.77142334,0.65359956
summ-067,summarisation,shuffled,,0.7671715,0.6683444
summ-067,summarisation,normalised,,0.90397185,0.90860856
summ-067,summarisation,unrelated,,0.61408013,0.44032505
summ-032,summarisation,identical,1.0,1.0,0.99999994
summ-032,summarisation,deletion,0.9,0.94659334,0.92763424
summ-032,summarisation,deletion,0.7,0.83093065,0.7732871
summ-032,summarisation,deletion,0.5,0.8020428,0.6753959
summ-032,summarisation,deletion,0.3,0.73627895,0.6025409
summ-032,summarisation,shuffled,,0.7466836,0.58098245
summ-032,summarisation,normalised,,0.9047446,0.89631003
summ-032,summarisation,unrelated,,0.6766339,0.5003369
summ-053,summarisation,identical,1.0,1.0,1.0
summ-053,summarisation,deletion,0.9,0.9493712,0.9301182
summ-053,summarisation,deletion,0.7,0.8601828,0.8353399
summ-053,summarisation,deletion,0.5,0.8129118,0.739197
summ-053,summarisation,deletion,0.3,0.7625278,0.62707275
summ-053,summarisation,shuffled,,0.7615542,0.62020636
summ-053,summarisation,normalised,,0.9259922,0.9154451
summ-053,summarisation,unrelated,,0.5975894,0.41118848
summ-005,summarisation,identical,1.0,1.0,1.0
summ-005,summarisation,deletion,0.9,0.92428416,0.92033035
summ-005,summarisation,deletion,0.7,0.8540234,0.812635
summ-005,summarisation,deletion,0.5,0.80689776,0.676469
summ-005,summarisation,deletion,0.3,0.7334818,0.5955549
summ-005,summarisation,shuffled,,0.7278323,0.5840348
summ-005,summarisation,normalised,,0.9136106,0.91939664
summ-005,summarisation,unrelated,,0.6283796,0.45206663
summ-109,summarisation,identical,1.0,1.0,1.0
summ-109,summarisation,deletion,0.9,0.96247786,0.9306402
summ-109,summarisation,deletion,0.7,0.85588336,0.81156075
summ-109,summarisation,deletion,0.5,0.81835383,0.7380168
summ-109,summarisation,deletion,0.3,0.7681647,0.6492189
summ-109,summarisation,shuffled,,0.7670512,0.6340158
summ-109,summarisation,normalised,,0.9376846,0.92490953
summ-109,summarisation,unrelated,,0.6571391,0.49407938
summ-096,summarisation,identical,1.0,1.0,1.0
summ-096,summarisation,deletion,0.9,0.9409449,0.9232587
summ-096,summarisation,deletion,0.7,0.8525022,0.8064155
summ-096,summarisation,deletion,0.5,0.79878885,0.7015049
summ-096,summarisation,deletion,0.3,0.768387,0.6327998
summ-096,summarisation,shuffled,,0.7470518,0.5730755
summ-096,summarisation,normalised,,0.9210143,0.9041702
summ-096,summarisation,unrelated,,0.6589556,0.4864788
summ-110,summarisation,identical,1.0,1.0,1.0
summ-110,summarisation,deletion,0.9,0.9599697,0.92737144
summ-110,summarisation,deletion,0.7,0.8673425,0.82620645
summ-110,summarisation,deletion,0.5,0.8157291,0.67188144
summ-110,summarisation,deletion,0.3,0.7357758,0.5729166
summ-110,summarisation,shuffled,,0.74644256,0.5923038
summ-110,summarisation,normalised,,0.9551851,0.9399303
summ-110,summarisation,unrelated,,0.63590026,0.439576
summ-120,summarisation,identical,1.0,1.0,0.9999999
summ-120,summarisation,deletion,0.9,0.9538521,0.91378963
summ-120,summarisation,deletion,0.7,0.8399387,0.81403375
summ-120,summarisation,deletion,0.5,0.82607555,0.689505
summ-120,summarisation,deletion,0.3,0.7547941,0.58517283
summ-120,summarisation,shuffled,,0.77800643,0.6377949
summ-120,summarisation,normalised,,0.9391678,0.9305932
summ-120,summarisation,unrelated,,0.6811196,0.46583483
summ-051,summarisation,identical,1.0,1.0,1.0
summ-051,summarisation,deletion,0.9,0.948423,0.92695385
summ-051,summarisation,deletion,0.7,0.8471092,0.8040923
summ-051,summarisation,deletion,0.5,0.8162038,0.7115212
summ-051,summarisation,deletion,0.3,0.76785445,0.6284224
summ-051,summarisation,shuffled,,0.77185255,0.61404544
summ-051,summarisation,normalised,,0.93006146,0.91803503
summ-051,summarisation,unrelated,,0.62740743,0.45793498
summ-043,summarisation,identical,1.0,1.0,1.0
summ-043,summarisation,deletion,0.9,0.95211864,0.9257097
summ-043,summarisation,deletion,0.7,0.85980344,0.80557364
summ-043,summarisation,deletion,0.5,0.8196425,0.683942
summ-043,summarisation,deletion,0.3,0.76441354,0.6073353
summ-043,summarisation,shuffled,,0.75760067,0.60992986
summ-043,summarisation,normalised,,0.90714794,0.9165209
summ-043,summarisation,unrelated,,0.6509439,0.40928376
summ-080,summarisation,identical,1.0,0.99999994,1.0
summ-080,summarisation,deletion,0.9,0.95419544,0.9316895
summ-080,summarisation,deletion,0.7,0.8408482,0.7980814
summ-080,summarisation,deletion,0.5,0.8026462,0.6745651
summ-080,summarisation,deletion,0.3,0.7600696,0.6024733
summ-080,summarisation,shuffled,,0.7606859,0.62203884
summ-080,summarisation,normalised,,0.92318106,0.9137799
summ-080,summarisation,unrelated,,0.691177,0.5457325
summ-036,summarisation,identical,1.0,1.0,1.0
summ-036,summarisation,deletion,0.9,0.9449409,0.92060506
summ-036,summarisation,deletion,0.7,0.85406023,0.79146856
summ-036,summarisation,deletion,0.5,0.80298424,0.6776969
summ-036,summarisation,deletion,0.3,0.74689376,0.5758624
summ-036,summarisation,shuffled,,0.7577098,0.58491683
summ-036,summarisation,normalised,,0.9107233,0.8966009
summ-036,summarisation,unrelated,,0.5900602,0.42497316
summ-011,summarisation,identical,1.0,1.0,1.0
summ-011,summarisation,deletion,0.9,0.94285023,0.92838347
summ-011,summarisation,deletion,0.7,0.8408399,0.80351955
summ-011,summarisation,deletion,0.5,0.78487515,0.7103435
summ-011,summarisation,deletion,0.3,0.7727687,0.6209269
summ-011,summarisation,shuffled,,0.71507573,0.6177612
summ-011,summarisation,normalised,,0.9172651,0.91429603
summ-011,summarisation,unrelated,,0.59467554,0.39470473
summ-017,summarisation,identical,1.0,1.0,1.0
summ-017,summarisation,deletion,0.9,0.94291645,0.92333776
summ-017,summarisation,deletion,0.7,0.8583834,0.8051376
summ-017,summarisation,deletion,0.5,0.7987784,0.7000274
summ-017,summarisation,deletion,0.3,0.7577914,0.6514932
summ-017,summarisation,shuffled,,0.7466982,0.6260419
summ-017,summarisation,normalised,,0.91579956,0.91593415
summ-017,summarisation,unrelated,,0.60111225,0.42852932
summ-087,summarisation,identical,1.0,1.0,1.0
summ-087,summarisation,deletion,0.9,0.956186,0.93172675
summ-087,summarisation,deletion,0.7,0.8630971,0.8055724
summ-087,summarisation,deletion,0.5,0.816326,0.701593
summ-087,summarisation,deletion,0.3,0.7612863,0.60918564
summ-087,summarisation,shuffled,,0.7511956,0.6118042
summ-087,summarisation,normalised,,0.9152798,0.920016
summ-087,summarisation,unrelated,,0.6388724,0.46917102
summ-082,summarisation,identical,1.0,1.0,1.0
summ-082,summarisation,deletion,0.9,0.95122695,0.9296067
summ-082,summarisation,deletion,0.7,0.8407458,0.7684776
summ-082,summarisation,deletion,0.5,0.8111821,0.70834136
summ-082,summarisation,deletion,0.3,0.74111295,0.585879
summ-082,summarisation,shuffled,,0.7369663,0.61283773
summ-082,summarisation,normalised,,0.90854734,0.9181638
summ-082,summarisation,unrelated,,0.6842147,0.5364325
summ-028,summarisation,identical,1.0,1.0,1.0
summ-028,summarisation,deletion,0.9,0.936725,0.9248272
summ-028,summarisation,deletion,0.7,0.8709969,0.8289055
summ-028,summarisation,deletion,0.5,0.75665116,0.6937616
summ-028,summarisation,deletion,0.3,0.7520774,0.6013331
summ-028,summarisation,shuffled,,0.7460763,0.61377156
summ-028,summarisation,normalised,,0.91136456,0.9056652
summ-028,summarisation,unrelated,,0.61883533,0.46920288
summ-095,summarisation,identical,1.0,1.0,1.0
summ-095,summarisation,deletion,0.9,0.9413115,0.9170042
summ-095,summarisation,deletion,0.7,0.8493279,0.81310034
summ-095,summarisation,deletion,0.5,0.7875433,0.6911017
summ-095,summarisation,deletion,0.3,0.7591543,0.6121706
summ-095,summarisation,shuffled,,0.74737877,0.57179904
summ-095,summarisation,normalised,,0.92000926,0.9034046
summ-095,summarisation,unrelated,,0.68052775,0.52920425
summ-091,summarisation,identical,1.0,1.0,1.0
summ-091,summarisation,deletion,0.9,0.93921095,0.92413336
summ-091,summarisation,deletion,0.7,0.8534757,0.812107
summ-091,summarisation,deletion,0.5,0.8335419,0.7169625
summ-091,summarisation,deletion,0.3,0.7739825,0.604163
summ-091,summarisation,shuffled,,0.76371986,0.593941
summ-091,summarisation,normalised,,0.9180335,0.9032878
summ-091,summarisation,unrelated,,0.67760426,0.5127468
summ-013,summarisation,identical,1.0,1.0,1.0
summ-013,summarisation,deletion,0.9,0.9235392,0.912229
summ-013,summarisation,deletion,0.7,0.84728056,0.81898576
summ-013,summarisation,deletion,0.5,0.78900737,0.6727108
summ-013,summarisation,deletion,0.3,0.75698876,0.619608
summ-013,summarisation,shuffled,,0.75605875,0.62180007
summ-013,summarisation,normalised,,0.9110394,0.9163051
summ-013,summarisation,unrelated,,0.68981,0.5527234
summ-108,summarisation,identical,1.0,1.0,1.0000001
summ-108,summarisation,deletion,0.9,0.95978516,0.92907256
summ-108,summarisation,deletion,0.7,0.8638892,0.82357365
summ-108,summarisation,deletion,0.5,0.80625653,0.6761995
summ-108,summarisation,deletion,0.3,0.74891746,0.554607
summ-108,summarisation,shuffled,,0.7470912,0.6093214
summ-108,summarisation,normalised,,0.95798844,0.95256513
summ-108,summarisation,unrelated,,0.63568574,0.47122547
summ-079,summarisation,identical,1.0,1.0,1.0
summ-079,summarisation,deletion,0.9,0.888232,0.91154945
summ-079,summarisation,deletion,0.7,0.83524865,0.79470384
summ-079,summarisation,deletion,0.5,0.772125,0.66890484
summ-079,summarisation,deletion,0.3,0.7498517,0.56874996
summ-079,summarisation,shuffled,,0.8055834,0.6143406
summ-079,summarisation,normalised,,0.9018056,0.909836
summ-079,summarisation,unrelated,,0.5826727,0.43398643
summ-024,summarisation,identical,1.0,1.0,1.0
summ-024,summarisation,deletion,0.9,0.9363646,0.93201524
summ-024,summarisation,deletion,0.7,0.84661955,0.80438876
summ-024,summarisation,deletion,0.5,0.78037465,0.7073215
summ-024,summarisation,deletion,0.3,0.74617267,0.60364
summ-024,summarisation,shuffled,,0.74202496,0.61063194
summ-024,summarisation,normalised,,0.9132692,0.9043673
summ-024,summarisation,unrelated,,0.6848151,0.53907865
summ-029,summarisation,identical,1.0,1.0,1.0
summ-029,summarisation,deletion,0.9,0.950868,0.93248713
summ-029,summarisation,deletion,0.7,0.85404724,0.811073
summ-029,summarisation,deletion,0.5,0.8061984,0.6853951
summ-029,summarisation,deletion,0.3,0.7312356,0.60976034
summ-029,summarisation,shuffled,,0.73250955,0.59413254
summ-029,summarisation,normalised,,0.8920353,0.90463704
summ-029,summarisation,unrelated,,0.6579778,0.50051534
summ-094,summarisation,identical,1.0,1.0,1.0
summ-094,summarisation,deletion,0.9,0.9464997,0.9249841
summ-094,summarisation,deletion,0.7,0.8440056,0.7745687
summ-094,summarisation,deletion,0.5,0.8068076,0.7283793
summ-094,summarisation,deletion,0.3,0.7517919,0.5969084
summ-094,summarisation,shuffled,,0.7548607,0.5951562
summ-094,summarisation,normalised,,0.91952884,0.9049589
summ-094,summarisation,unrelated,,0.6489162,0.49876568
summ-125,summarisation,identical,1.0,0.9999999,0.99999994
summ-125,summarisation,deletion,0.9,0.9489401,0.90455
summ-125,summarisation,deletion,0.7,0.8501461,0.8313257
summ-125,summarisation,deletion,0.5,0.791026,0.6570022
summ-125,summarisation,deletion,0.3,0.77149713,0.5997634
summ-125,summarisation,shuffled,,0.74855673,0.57402974
summ-125,summarisation,normalised,,0.9507555,0.9464195
summ-125,summarisation,unrelated,,0.63814825,0.49460047
summ-124,summarisation,identical,1.0,0.99999994,0.99999994
summ-124,summarisation,deletion,0.9,0.9290295,0.92456704
summ-124,summarisation,deletion,0.7,0.87777275,0.80744773
summ-124,summarisation,deletion,0.5,0.808402,0.6740363
summ-124,summarisation,deletion,0.3,0.7660592,0.5654926
summ-124,summarisation,shuffled,,0.75989616,0.5968221
summ-124,summarisation,normalised,,0.93303716,0.92930037
summ-124,summarisation,unrelated,,0.66585946,0.47455359
summ-062,summarisation,identical,1.0,0.99999994,1.0
summ-062,summarisation,deletion,0.9,0.9360381,0.9248882
summ-062,summarisation,deletion,0.7,0.85435086,0.8139808
summ-062,summarisation,deletion,0.5,0.8248776,0.7440698
summ-062,summarisation,deletion,0.3,0.772131,0.63702106
summ-062,summarisation,shuffled,,0.764419,0.6593412
summ-062,summarisation,normalised,,0.9051654,0.9091237
summ-062,summarisation,unrelated,,0.6190553,0.50031936
summ-076,summarisation,identical,1.0,0.99999994,1.0
summ-076,summarisation,deletion,0.9,0.94601125,0.92675364
summ-076,summarisation,deletion,0.7,0.8563471,0.7966634
summ-076,summarisation,deletion,0.5,0.80482846,0.71473175
summ-076,summarisation,deletion,0.3,0.75945854,0.62106305
summ-076,summarisation,shuffled,,0.7613201,0.6301194
summ-076,summarisation,normalised,,0.9195852,0.91091275
summ-076,summarisation,unrelated,,0.6020003,0.4230276
summ-098,summarisation,identical,1.0,1.0,1.0
summ-098,summarisation,deletion,0.9,0.9471803,0.9183249
summ-098,summarisation,deletion,0.7,0.8381955,0.79025465
summ-098,summarisation,deletion,0.5,0.7897592,0.6877447
summ-098,summarisation,deletion,0.3,0.78072417,0.614462
summ-098,summarisation,shuffled,,0.7567275,0.5839397
summ-098,summarisation,normalised,,0.91843057,0.9007028
summ-098,summarisation,unrelated,,0.6313106,0.5009427
summ-046,summarisation,identical,1.0,1.0,1.0
summ-046,summarisation,deletion,0.9,0.94692826,0.92127144
summ-046,summarisation,deletion,0.7,0.86201644,0.81755024
summ-046,summarisation,deletion,0.5,0.7937812,0.66914696
summ-046,summarisation,deletion,0.3,0.75152653,0.5950769
summ-046,summarisation,shuffled,,0.7553418,0.6070254
summ-046,summarisation,normalised,,0.9131859,0.91444427
summ-046,summarisation,unrelated,,0.651706,0.48740792
summ-072,summarisation,identical,1.0,0.9999999,1.0
summ-072,summarisation,deletion,0.9,0.92203724,0.9149308
summ-072,summarisation,deletion,0.7,0.8657161,0.81570375
summ-072,summarisation,deletion,0.5,0.7974277,0.67239136
summ-072,summarisation,deletion,0.3,0.7480872,0.6271663
summ-072,summarisation,shuffled,,0.7439627,0.62318844
summ-072,summarisation,normalised,,0.90146834,0.91450626
summ-072,summarisation,unrelated,,0.6514364,0.50567174
summ-019,summarisation,identical,1.0,1.0,1.0
summ-019,summarisation,deletion,0.9,0.9497733,0.920543
summ-019,summarisation,deletion,0.7,0.8499756,0.80946916
summ-019,summarisation,deletion,0.5,0.8210329,0.7047272
summ-019,summarisation,deletion,0.3,0.744995,0.6152722
summ-019,summarisation,shuffled,,0.7378911,0.6200589
summ-019,summarisation,normalised,,0.8949248,0.9092571
summ-019,summarisation,unrelated,,0.67727137,0.516259
summ-018,summarisation,identical,1.0,0.99999994,1.0
summ-018,summarisation,deletion,0.9,0.9499855,0.9344632
summ-018,summarisation,deletion,0.7,0.857295,0.8239446
summ-018,summarisation,deletion,0.5,0.79891074,0.6866155
summ-018,summarisation,deletion,0.3,0.75104624,0.6239205
summ-018,summarisation,shuffled,,0.72419894,0.619116
summ-018,summarisation,normalised,,0.8987354,0.9117307
summ-018,summarisation,unrelated,,0.65087473,0.46552795
summ-030,summarisation,identical,1.0,0.99999994,1.0
summ-030,summarisation,deletion,0.9,0.9447823,0.9281331
summ-030,summarisation,deletion,0.7,0.84073,0.80224353
summ-030,summarisation,deletion,0.5,0.7978989,0.6863397
summ-030,summarisation,deletion,0.3,0.7448133,0.59320295
summ-030,summarisation,shuffled,,0.7514891,0.6011916
summ-030,summarisation,normalised,,0.91602534,0.9064455
summ-030,summarisation,unrelated,,0.6329365,0.4402413
summ-061,summarisation,identical,1.0,1.0,1.0
summ-061,summarisation,deletion,0.9,0.9371824,0.92664343
summ-061,summarisation,deletion,0.7,0.8491777,0.8044477
summ-061,summarisation,deletion,0.5,0.8165216,0.7115199
summ-061,summarisation,deletion,0.3,0.77224994,0.6286453
summ-061,summarisation,shuffled,,0.76139796,0.66864216
summ-061,summarisation,normalised,,0.91667694,0.9094212
summ-061,summarisation,unrelated,,0.65857613,0.49488437
summ-058,summarisation,identical,1.0,0.99999994,0.99999994
summ-058,summarisation,deletion,0.9,0.94047093,0.92146647
summ-058,summarisation,deletion,0.7,0.8391481,0.8129927
summ-058,summarisation,deletion,0.5,0.79517204,0.69149995
summ-058,summarisation,deletion,0.3,0.75982684,0.60283625
summ-058,summarisation,shuffled,,0.73930585,0.6011438
summ-058,summarisation,normalised,,0.9251083,0.9150725
summ-058,summarisation,unrelated,,0.66418093,0.50859326
summ-027,summarisation,identical,1.0,1.0,1.0
summ-027,summarisation,deletion,0.9,0.95118386,0.9383702
summ-027,summarisation,deletion,0.7,0.8466615,0.8028717
summ-027,summarisation,deletion,0.5,0.78516495,0.710499
summ-027,summarisation,deletion,0.3,0.7480796,0.61039704
summ-027,summarisation,shuffled,,0.75626385,0.6287135
summ-027,summarisation,normalised,,0.9087049,0.9077441
summ-027,summarisation,unrelated,,0.6784165,0.52145255
summ-105,summarisation,identical,1.0,1.0,1.0
summ-105,summarisation,deletion,0.9,0.9546588,0.9243028
summ-105,summarisation,deletion,0.7,0.8832661,0.81557494
summ-105,summarisation,deletion,0.5,0.81944454,0.70603555
summ-105,summarisation,deletion,0.3,0.74431777,0.5887155
summ-105,summarisation,shuffled,,0.7457416,0.6019247
summ-105,summarisation,normalised,,0.9428865,0.9414675
summ-105,summarisation,unrelated,,0.690455,0.5369404
summ-103,summarisation,identical,1.0,1.0,1.0
summ-103,summarisation,deletion,0.9,0.95605737,0.92722225
summ-103,summarisation,deletion,0.7,0.87044615,0.7747929
summ-103,summarisation,deletion,0.5,0.81106865,0.6926053
summ-103,summarisation,deletion,0.3,0.72351974,0.54756314
summ-103,summarisation,shuffled,,0.7409393,0.5835961
summ-103,summarisation,normalised,,0.9557458,0.95327455
summ-103,summarisation,unrelated,,0.6437045,0.44647703
summ-022,summarisation,identical,1.0,1.0,1.0
summ-022,summarisation,deletion,0.9,0.94064546,0.91573155
summ-022,summarisation,deletion,0.7,0.86029947,0.8051108
summ-022,summarisation,deletion,0.5,0.79462194,0.6881763
summ-022,summarisation,deletion,0.3,0.7529457,0.6154479
summ-022,summarisation,shuffled,,0.75433034,0.62312424
summ-022,summarisation,normalised,,0.90683234,0.904194
summ-022,summarisation,unrelated,,0.6106146,0.45180908
summ-092,summarisation,identical,1.0,1.0,1.0
summ-092,summarisation,deletion,0.9,0.94608283,0.92619
summ-092,summarisation,deletion,0.7,0.8513269,0.7885351
summ-092,summarisation,deletion,0.5,0.8070646,0.7082433
summ-092,summarisation,deletion,0.3,0.7533111,0.6351225
summ-092,summarisation,shuffled,,0.759508,0.58928066
summ-092,summarisation,normalised,,0.9113827,0.9052015
summ-092,summarisation,unrelated,,0.5906878,0.4427201
summ-085,summarisation,identical,1.0,1.0,1.0
summ-085,summarisation,deletion,0.9,0.94064397,0.93141353
summ-085,summarisation,deletion,0.7,0.8600957,0.82326216
summ-085,summarisation,deletion,0.5,0.80844694,0.7063927
summ-085,summarisation,deletion,0.3,0.75823134,0.595641
summ-085,summarisation,shuffled,,0.7518487,0.6172101
summ-085,summarisation,normalised,,0.92214525,0.9183632
summ-085,summarisation,unrelated,,0.6257884,0.44415423
summ-041,summarisation,identical,1.0,1.0,1.0
summ-041,summarisation,deletion,0.9,0.9537267,0.92837554
summ-041,summarisation,deletion,0.7,0.8443199,0.8066598
summ-041,summarisation,deletion,0.5,0.81062156,0.6780458
summ-041,summarisation,deletion,0.3,0.75460887,0.5842131
summ-041,summarisation,shuffled,,0.75861377,0.61415565
summ-041,summarisation,normalised,,0.90816593,0.9169896
summ-041,summarisation,unrelated,,0.612521,0.43632215
summ-089,summarisation,identical,1.0,1.0,0.99999994
summ-089,summarisation,deletion,0.9,0.95403403,0.92189133
summ-089,summarisation,deletion,0.7,0.86824304,0.82737124
summ-089,summarisation,deletion,0.5,0.8071338,0.690854
summ-089,summarisation,deletion,0.3,0.7653448,0.6224503
summ-089,summarisation,shuffled,,0.7462734,0.613346
summ-089,summarisation,normalised,,0.9014125,0.91287404
summ-089,summarisation,unrelated,,0.6704463,0.5102789
summ-074,summarisation,identical,1.0,1.0,1.0
summ-074,summarisation,deletion,0.9,0.92628306,0.9179887
summ-074,summarisation,deletion,0.7,0.8334665,0.78887767
summ-074,summarisation,deletion,0.5,0.8011447,0.7094836
summ-074,summarisation,deletion,0.3,0.7630809,0.6259907
summ-074,summarisation,shuffled,,0.77951306,0.6380195
summ-074,summarisation,normalised,,0.9139929,0.9108463
summ-074,summarisation,unrelated,,0.64682525,0.46218345
summ-052,summarisation,identical,1.0,1.0,1.0
summ-052,summarisation,deletion,0.9,0.9506598,0.92365
summ-052,summarisation,deletion,0.7,0.85598165,0.8175756
summ-052,summarisation,deletion,0.5,0.791043,0.69226974
summ-052,summarisation,deletion,0.3,0.7527149,0.59153783
summ-052,summarisation,shuffled,,0.76702285,0.6159796
summ-052,summarisation,normalised,,0.9185967,0.9165481
summ-052,summarisation,unrelated,,0.6109261,0.44309327
summ-004,summarisation,identical,1.0,1.0,1.0
summ-004,summarisation,deletion,0.9,0.9297131,0.9096066
summ-004,summarisation,deletion,0.7,0.8342083,0.78262854
summ-004,summarisation,deletion,0.5,0.80671155,0.7085036
summ-004,summarisation,deletion,0.3,0.741639,0.61714864
summ-004,summarisation,shuffled,,0.7336161,0.595377
summ-004,summarisation,normalised,,0.9287463,0.92134064
summ-004,summarisation,unrelated,,0.67912394,0.5347856
summ-113,summarisation,identical,1.0,1.0000001,0.99999994
summ-113,summarisation,deletion,0.9,0.9592179,0.93464327
summ-113,summarisation,deletion,0.7,0.8491733,0.78127354
summ-113,summarisation,deletion,0.5,0.7800445,0.64593434
summ-113,summarisation,deletion,0.3,0.7760203,0.606372
summ-113,summarisation,shuffled,,0.7471827,0.61171335
summ-113,summarisation,normalised,,0.9340993,0.9304985
summ-113,summarisation,unrelated,,0.6492013,0.45472127
summ-025,summarisation,identical,1.0,1.0,0.99999994
summ-025,summarisation,deletion,0.9,0.9347741,0.9250502
summ-025,summarisation,deletion,0.7,0.8306508,0.80675054
summ-025,summarisation,deletion,0.5,0.80100244,0.7103214
summ-025,summarisation,deletion,0.3,0.75636935,0.6035243
summ-025,summarisation,shuffled,,0.7638172,0.6138806
summ-025,summarisation,normalised,,0.9159711,0.9069359
summ-025,summarisation,unrelated,,0.65113574,0.50329524
summ-104,summarisation,identical,1.0,0.9999999,1.0
summ-104,summarisation,deletion,0.9,0.9575263,0.92654335
summ-104,summarisation,deletion,0.7,0.8840388,0.8262989
summ-104,summarisation,deletion,0.5,0.80830926,0.68320155
summ-104,summarisation,deletion,0.3,0.7455879,0.6175624
summ-104,summarisation,shuffled,,0.7389428,0.6440221
summ-104,summarisation,normalised,,0.9439975,0.94370234
summ-104,summarisation,unrelated,,0.6865555,0.53186893
summ-010,summarisation,identical,1.0,1.0,1.0
summ-010,summarisation,deletion,0.9,0.9436964,0.91353893
summ-010,summarisation,deletion,0.7,0.8556942,0.8296787
summ-010,summarisation,deletion,0.5,0.7949866,0.678849
summ-010,summarisation,deletion,0.3,0.7514493,0.6100964
summ-010,summarisation,shuffled,,0.7516867,0.6001017
summ-010,summarisation,normalised,,0.92096627,0.9214871
summ-010,summarisation,unrelated,,0.5836312,0.44095585
summ-054,summarisation,identical,1.0,0.99999994,1.0
summ-054,summarisation,deletion,0.9,0.9504792,0.93366116
summ-054,summarisation,deletion,0.7,0.8697006,0.83306
summ-054,summarisation,deletion,0.5,0.79580516,0.7005526
summ-054,summarisation,deletion,0.3,0.75971377,0.5988309
summ-054,summarisation,shuffled,,0.76050764,0.63366914
summ-054,summarisation,normalised,,0.92757535,0.91748774
summ-054,summarisation,unrelated,,0.6260549,0.47877362
summ-121,summarisation,identical,1.0,1.0,0.9999999
summ-121,summarisation,deletion,0.9,0.96662503,0.94704163
summ-121,summarisation,deletion,0.7,0.8861764,0.82836837
summ-121,summarisation,deletion,0.5,0.80560356,0.6859281
summ-121,summarisation,deletion,0.3,0.74071276,0.58759695
summ-121,summarisation,shuffled,,0.7897647,0.68256277
summ-121,summarisation,normalised,,0.93430334,0.89713585
summ-121,summarisation,unrelated,,0.68582714,0.5310006
summ-123,summarisation,identical,1.0,0.9999999,1.0
summ-123,summarisation,deletion,0.9,0.89217085,0.9274324
summ-123,summarisation,deletion,0.7,0.887157,0.8205905
summ-123,summarisation,deletion,0.5,0.82277066,0.7244657
summ-123,summarisation,deletion,0.3,0.74685216,0.63028044
summ-123,summarisation,shuffled,,0.7673082,0.65364295
summ-123,summarisation,normalised,,0.9581228,0.9507123
summ-123,summarisation,unrelated,,0.6526506,0.47344196
summ-075,summarisation,identical,1.0,1.0,0.99999994
summ-075,summarisation,deletion,0.9,0.9458538,0.9263832
summ-075,summarisation,deletion,0.7,0.8562268,0.82377374
summ-075,summarisation,deletion,0.5,0.8054829,0.70169246
summ-075,summarisation,deletion,0.3,0.7630011,0.620579
summ-075,summarisation,shuffled,,0.7429172,0.6238353
summ-075,summarisation,normalised,,0.91299564,0.9112134
summ-075,summarisation,unrelated,,0.6403749,0.4909897
summ-073,summarisation,identical,1.0,1.0,1.0
summ-073,summarisation,deletion,0.9,0.9454517,0.92012024
summ-073,summarisation,deletion,0.7,0.8485622,0.8019251
summ-073,summarisation,deletion,0.5,0.8074582,0.7095975
summ-073,summarisation,deletion,0.3,0.76246685,0.58905363
summ-073,summarisation,shuffled,,0.76201534,0.6351131
summ-073,summarisation,normalised,,0.91085315,0.9130081
summ-073,summarisation,unrelated,,0.6777977,0.523942
summ-045,summarisation,identical,1.0,0.99999994,1.0
summ-045,summarisation,deletion,0.9,0.937712,0.93258286
summ-045,summarisation,deletion,0.7,0.85531586,0.79735893
summ-045,summarisation,deletion,0.5,0.79215026,0.67999285
summ-045,summarisation,deletion,0.3,0.76092416,0.607108
summ-045,summarisation,shuffled,,0.7426027,0.59759843
summ-045,summarisation,normalised,,0.9129302,0.91467303
summ-045,summarisation,unrelated,,0.68842137,0.5196459
qa-025,qa,identical,1.0,0.99999994,1.0
qa-025,qa,deletion,0.9,0.98173404,0.9317695
qa-025,qa,deletion,0.7,0.91485256,0.82056606
qa-025,qa,deletion,0.5,0.8074296,0.6262726
qa-025,qa,deletion,0.3,0.7501088,0.55828476
qa-025,qa,shuffled,,0.84730744,0.6878312
qa-025,qa,normalised,,0.9313455,0.9018622
qa-025,qa,unrelated,,0.6851972,0.4808974
qa-013,qa,identical,1.0,1.0,0.99999994
qa-013,qa,deletion,0.9,0.9616943,0.9426674
qa-013,qa,deletion,0.7,0.91439253,0.7988665
qa-013,qa,deletion,0.5,0.8630418,0.74068725
qa-013,qa,deletion,0.3,0.7754157,0.6341611
qa-013,qa,shuffled,,0.8199589,0.7205755
qa-013,qa,normalised,,0.88516366,0.8320328
qa-013,qa,unrelated,,0.6375396,0.45728552
qa-124,qa,identical,1.0,0.9999999,1.0
qa-124,qa,deletion,0.9,0.95327973,0.92507184
qa-124,qa,deletion,0.7,0.8919417,0.8148332
qa-124,qa,deletion,0.5,0.84411764,0.7832752
qa-124,qa,deletion,0.3,0.7418254,0.6366921
qa-124,qa,shuffled,,0.7812472,0.71004075
qa-124,qa,normalised,,0.92730814,0.903398
qa-124,qa,unrelated,,0.6428015,0.4799927
qa-085,qa,identical,1.0,1.0,0.9999999
qa-085,qa,deletion,0.9,0.9647356,0.9480319
qa-085,qa,deletion,0.7,0.8302244,0.72820395
qa-085,qa,deletion,0.5,0.8640945,0.6962567
qa-085,qa,deletion,0.3,0.7875998,0.6408994
qa-085,qa,shuffled,,0.8346529,0.690461
qa-085,qa,normalised,,0.94449925,0.9278032
qa-085,qa,unrelated,,0.6909879,0.4666155
qa-056,qa,identical,1.0,0.99999994,0.9999998
qa-056,qa,deletion,0.9,0.9588884,0.9481766
qa-056,qa,deletion,0.7,0.8709923,0.81882364
qa-056,qa,deletion,0.5,0.77761793,0.6657058
qa-056,qa,deletion,0.3,0.7115797,0.4960293
qa-056,qa,shuffled,,0.771847,0.7643211
qa-056,qa,normalised,,0.87783027,0.8373559
qa-056,qa,unrelated,,0.6303142,0.4825751
qa-046,qa,identical,1.0,1.0,1.0
qa-046,qa,deletion,0.9,0.9742741,0.9529261
qa-046,qa,deletion,0.7,0.91775155,0.85556316
qa-046,qa,deletion,0.5,0.8354723,0.73071784
qa-046,qa,deletion,0.3,0.77198356,0.6866537
qa-046,qa,shuffled,,0.7956614,0.7501297
qa-046,qa,normalised,,0.9223423,0.9132136
qa-046,qa,unrelated,,0.61705625,0.48074713
qa-055,qa,identical,1.0,0.9999999,1.0
qa-055,qa,deletion,0.9,0.952754,0.9515005
qa-055,qa,deletion,0.7,0.85985243,0.8107267
qa-055,qa,deletion,0.5,0.78140014,0.7245797
qa-055,qa,deletion,0.3,0.7357878,0.5938407
qa-055,qa,shuffled,,0.8007407,0.7758147
qa-055,qa,normalised,,0.90544164,0.84978133
qa-055,qa,unrelated,,0.60065174,0.4327487
qa-053,qa,identical,1.0,1.0,1.0
qa-053,qa,deletion,0.9,0.9646361,0.9587718
qa-053,qa,deletion,0.7,0.8673324,0.8329648
qa-053,qa,deletion,0.5,0.8046871,0.73214364
qa-053,qa,deletion,0.3,0.71234906,0.6875692
qa-053,qa,shuffled,,0.72127575,0.74477375
qa-053,qa,normalised,,0.9148727,0.87390035
qa-053,qa,unrelated,,0.6045667,0.47074246
qa-060,qa,identical,1.0,0.9999999,1.0
qa-060,qa,deletion,0.9,0.949613,0.9343126
qa-060,qa,deletion,0.7,0.92666763,0.79201704
qa-060,qa,deletion,0.5,0.7825845,0.6573764
qa-060,qa,deletion,0.3,0.7584896,0.56262726
qa-060,qa,shuffled,,0.79939365,0.6840968
qa-060,qa,normalised,,0.93506134,0.92076516
qa-060,qa,unrelated,,0.63812083,0.46325487
qa-111,qa,identical,1.0,1.0000001,1.0000001
qa-111,qa,deletion,0.9,0.96529216,0.9526248
qa-111,qa,deletion,0.7,0.88929677,0.804487
qa-111,qa,deletion,0.5,0.82499063,0.69626516
qa-111,qa,deletion,0.3,0.7416547,0.57212365
qa-111,qa,shuffled,,0.8009455,0.6462186
qa-111,qa,normalised,,0.92652774,0.8876333
qa-111,qa,unrelated,,0.66787374,0.51644593
qa-094,qa,identical,1.0,1.0,0.9999999
qa-094,qa,deletion,0.9,0.94076204,0.896974
qa-094,qa,deletion,0.7,0.87350345,0.78818053
qa-094,qa,deletion,0.5,0.81240004,0.6204177
qa-094,qa,deletion,0.3,0.7273299,0.42925724
qa-094,qa,shuffled,,0.8312428,0.69069004
qa-094,qa,normalised,,0.8979931,0.860694
qa-094,qa,unrelated,,0.65004206,0.41334626
qa-007,qa,identical,1.0,1.0,1.0
qa-007,qa,deletion,0.9,0.9572361,0.9312724
qa-007,qa,deletion,0.7,0.92790747,0.9284642
qa-007,qa,deletion,0.5,0.86903846,0.740144
qa-007,qa,deletion,0.3,0.73898685,0.599053
qa-007,qa,shuffled,,0.8557466,0.70112306
qa-007,qa,normalised,,0.9523278,0.9084366
qa-007,qa,unrelated,,0.6378405,0.45388258
qa-087,qa,identical,1.0,1.0,0.99999994
qa-087,qa,deletion,0.9,0.9144303,0.88201165
qa-087,qa,deletion,0.7,0.92305505,0.8483467
qa-087,qa,deletion,0.5,0.77649045,0.64933914
qa-087,qa,deletion,0.3,0.740134,0.5549126
qa-087,qa,shuffled,,0.8043196,0.69481146
qa-087,qa,normalised,,0.9323007,0.89387333
qa-087,qa,unrelated,,0.629833,0.4564642
qa-084,qa,identical,1.0,0.9999998,1.0
qa-084,qa,deletion,0.9,0.95837164,0.92430073
qa-084,qa,deletion,0.7,0.86380535,0.77802455
qa-084,qa,deletion,0.5,0.782261,0.6336667
qa-084,qa,deletion,0.3,0.66358036,0.46541584
qa-084,qa,shuffled,,0.8429511,0.69471693
qa-084,qa,normalised,,0.9247817,0.8683816
qa-084,qa,unrelated,,0.67951757,0.49208698
qa-083,qa,identical,1.0,0.99999994,1.0000001
qa-083,qa,deletion,0.9,0.9714045,0.9739603
qa-083,qa,deletion,0.7,0.9100357,0.8540558
qa-083,qa,deletion,0.5,0.8702113,0.73411894
qa-083,qa,deletion,0.3,0.81715333,0.63304126
qa-083,qa,shuffled,,0.8213209,0.671455
qa-083,qa,normalised,,0.9114456,0.8599795
qa-083,qa,unrelated,,0.6713696,0.41296566
qa-123,qa,identical,1.0,1.0,1.0000001
qa-123,qa,deletion,0.9,0.94909036,0.91059285
qa-123,qa,deletion,0.7,0.89324343,0.83547866
qa-123,qa,deletion,0.5,0.84686035,0.72080916
qa-123,qa,deletion,0.3,0.7642244,0.66376144
qa-123,qa,shuffled,,0.8228218,0.66640526
qa-123,qa,normalised,,0.92090195,0.9103445
qa-123,qa,unrelated,,0.6157943,0.41488323
qa-008,qa,identical,1.0,0.9999998,1.0
qa-008,qa,deletion,0.9,0.9755011,0.9523123
qa-008,qa,deletion,0.7,0.8541453,0.6815524
qa-008,qa,deletion,0.5,0.7918381,0.62025017
qa-008,qa,deletion,0.3,0.74096644,0.5141754
qa-008,qa,shuffled,,0.7852271,0.6310146
qa-008,qa,normalised,,0.93019545,0.88076335
qa-008,qa,unrelated,,0.6422487,0.4303711
qa-052,qa,identical,1.0,1.0,1.0000001
qa-052,qa,deletion,0.9,0.93005973,0.887119
qa-052,qa,deletion,0.7,0.91725886,0.9313144
qa-052,qa,deletion,0.5,0.8635804,0.7915655
qa-052,qa,deletion,0.3,0.8058442,0.6946799
qa-052,qa,shuffled,,0.8361747,0.79516107
qa-052,qa,normalised,,0.9398757,0.890654
qa-052,qa,unrelated,,0.6171873,0.44027743
qa-115,qa,identical,1.0,1.0,0.99999994
qa-115,qa,deletion,0.9,0.95236874,0.950043
qa-115,qa,deletion,0.7,0.8805917,0.83513755
qa-115,qa,deletion,0.5,0.7975332,0.73631656
qa-115,qa,deletion,0.3,0.73300415,0.6335947
qa-115,qa,shuffled,,0.7701999,0.7083753
qa-115,qa,normalised,,0.8860416,0.87239957
qa-115,qa,unrelated,,0.6297831,0.48156184
qa-044,qa,identical,1.0,1.0000001,0.99999994
qa-044,qa,deletion,0.9,0.9669367,0.96541774
qa-044,qa,deletion,0.7,0.8782696,0.85626984
qa-044,qa,deletion,0.5,0.89626074,0.7983194
qa-044,qa,deletion,0.3,0.7749545,0.6393368
qa-044,qa,shuffled,,0.84007347,0.7699871
qa-044,qa,normalised,,0.8880686,0.8294357
qa-044,qa,unrelated,,0.64232874,0.4945072
qa-103,qa,identical,1.0,1.0000001,0.99999994
qa-103,qa,deletion,0.9,0.9558991,0.9189176
qa-103,qa,deletion,0.7,0.83117425,0.7924843
qa-103,qa,deletion,0.5,0.8379613,0.6312324
qa-103,qa,deletion,0.3,0.7237749,0.5136599
qa-103,qa,shuffled,,0.80985606,0.686704
qa-103,qa,normalised,,0.9558097,0.94710875
qa-103,qa,unrelated,,0.61257625,0.4018454
qa-014,qa,identical,1.0,1.0,0.99999994
qa-014,qa,deletion,0.9,0.9674263,0.92862225
qa-014,qa,deletion,0.7,0.9106371,0.83094496
qa-014,qa,deletion,0.5,0.77943707,0.6587716
qa-014,qa,deletion,0.3,0.75648737,0.5668009
qa-014,qa,shuffled,,0.80150384,0.6935097
qa-014,qa,normalised,,0.8900583,0.84382397
qa-014,qa,unrelated,,0.6307434,0.47024408
qa-032,qa,identical,1.0,0.99999994,1.0
qa-032,qa,deletion,0.9,0.96878606,0.9242702
qa-032,qa,deletion,0.7,0.89558953,0.8772991
qa-032,qa,deletion,0.5,0.8328909,0.72710764
qa-032,qa,deletion,0.3,0.75522345,0.51332843
qa-032,qa,shuffled,,0.83139104,0.7304671
qa-032,qa,normalised,,0.9385036,0.88814765
qa-032,qa,unrelated,,0.6611752,0.47802928
qa-125,qa,identical,1.0,1.0000001,0.99999994
qa-125,qa,deletion,0.9,0.9552127,0.9305127
qa-125,qa,deletion,0.7,0.90699905,0.82530427
qa-125,qa,deletion,0.5,0.83051056,0.73981106
qa-125,qa,deletion,0.3,0.69970113,0.5873109
qa-125,qa,shuffled,,0.79331475,0.67783374
qa-125,qa,normalised,,0.9107199,0.9098852
qa-125,qa,unrelated,,0.5918602,0.451058
qa-102,qa,identical,1.0,1.0,1.0
qa-102,qa,deletion,0.9,0.9885337,0.9719733
qa-102,qa,deletion,0.7,0.893366,0.831284
qa-102,qa,deletion,0.5,0.82512265,0.73687345
qa-102,qa,deletion,0.3,0.6520829,0.50484085
qa-102,qa,shuffled,,0.8226067,0.7174104
qa-102,qa,normalised,,0.95692223,0.94395286
qa-102,qa,unrelated,,0.60878104,0.4592225
qa-069,qa,identical,1.0,0.9999999,0.9999999
qa-069,qa,deletion,0.9,0.9727229,0.9443873
qa-069,qa,deletion,0.7,0.86961365,0.7666387
qa-069,qa,deletion,0.5,0.8668873,0.71737903
qa-069,qa,deletion,0.3,0.7636151,0.5514201
qa-069,qa,shuffled,,0.83651733,0.6930754
qa-069,qa,normalised,,0.966873,0.8750378
qa-069,qa,unrelated,,0.70560086,0.52064925
qa-058,qa,identical,1.0,0.99999994,1.0
qa-058,qa,deletion,0.9,0.9633452,0.94291
qa-058,qa,deletion,0.7,0.8706893,0.79271716
qa-058,qa,deletion,0.5,0.85644877,0.73952526
qa-058,qa,deletion,0.3,0.80485815,0.631043
qa-058,qa,shuffled,,0.8256327,0.7353586
qa-058,qa,normalised,,0.9575654,0.94690007
qa-058,qa,unrelated,,0.6752317,0.53331995
qa-018,qa,identical,1.0,1.0,0.99999994
qa-018,qa,deletion,0.9,0.96656454,0.93406874
qa-018,qa,deletion,0.7,0.8769838,0.8113346
qa-018,qa,deletion,0.5,0.7805445,0.7115787
qa-018,qa,deletion,0.3,0.71353316,0.6026341
qa-018,qa,shuffled,,0.82566625,0.74449146
qa-018,qa,normalised,,0.866151,0.82635695
qa-018,qa,unrelated,,0.65288395,0.45422935
qa-119,qa,identical,1.0,0.99999994,1.0
qa-119,qa,deletion,0.9,0.9667662,0.9319843
qa-119,qa,deletion,0.7,0.9150849,0.8861769
qa-119,qa,deletion,0.5,0.8693901,0.7041428
qa-119,qa,deletion,0.3,0.7566274,0.60500103
qa-119,qa,shuffled,,0.76745456,0.649596
qa-119,qa,normalised,,0.9202757,0.92050076
qa-119,qa,unrelated,,0.66700315,0.47127214
qa-024,qa,identical,1.0,1.0000001,1.0000001
qa-024,qa,deletion,0.9,0.97028255,0.9554752
qa-024,qa,deletion,0.7,0.8625358,0.7643021
qa-024,qa,deletion,0.5,0.8468387,0.7142674
qa-024,qa,deletion,0.3,0.75129896,0.6030878
qa-024,qa,shuffled,,0.80578965,0.61398196
qa-024,qa,normalised,,0.96226656,0.914125
qa-024,qa,unrelated,,0.62956893,0.44878203
qa-036,qa,identical,1.0,1.0000001,0.9999999
qa-036,qa,deletion,0.9,0.90491986,0.8640566
qa-036,qa,deletion,0.7,0.83915544,0.7555382
qa-036,qa,deletion,0.5,0.8676457,0.679513
qa-036,qa,deletion,0.3,0.7491421,0.5348699
qa-036,qa,shuffled,,0.78682727,0.6677295
qa-036,qa,normalised,,0.926081,0.9135146
qa-036,qa,unrelated,,0.6688149,0.5152373
qa-117,qa,identical,1.0,0.99999994,1.0
qa-117,qa,deletion,0.9,0.9677292,0.9486084
qa-117,qa,deletion,0.7,0.876304,0.8331839
qa-117,qa,deletion,0.5,0.80240583,0.6963191
qa-117,qa,deletion,0.3,0.73802954,0.5905242
qa-117,qa,shuffled,,0.77256954,0.69212526
qa-117,qa,normalised,,0.95397735,0.9265179
qa-117,qa,unrelated,,0.62564194,0.42114404
qa-105,qa,identical,1.0,1.0,0.99999994
qa-105,qa,deletion,0.9,0.9487993,0.92868143
qa-105,qa,deletion,0.7,0.8866154,0.85677016
qa-105,qa,deletion,0.5,0.80780077,0.6854384
qa-105,qa,deletion,0.3,0.7130381,0.56762284
qa-105,qa,shuffled,,0.7589885,0.6518713
qa-105,qa,normalised,,0.9103659,0.8658281
qa-105,qa,unrelated,,0.65370524,0.49946547
qa-010,qa,identical,1.0,0.99999994,0.9999999
qa-010,qa,deletion,0.9,0.9845749,0.96725774
qa-010,qa,deletion,0.7,0.9103717,0.8181583
qa-010,qa,deletion,0.5,0.88590515,0.7691036
qa-010,qa,deletion,0.3,0.7355018,0.49283844
qa-010,qa,shuffled,,0.855201,0.75178087
qa-010,qa,normalised,,0.94180536,0.9170589
qa-010,qa,unrelated,,0.6338104,0.46192703
qa-057,qa,identical,1.0,0.99999994,1.0
qa-057,qa,deletion,0.9,0.973243,0.9466401
qa-057,qa,deletion,0.7,0.8386835,0.7210847
qa-057,qa,deletion,0.5,0.8176492,0.7041349
qa-057,qa,deletion,0.3,0.7965476,0.66670233
qa-057,qa,shuffled,,0.7756019,0.66962415
qa-057,qa,normalised,,0.9229619,0.92900324
qa-057,qa,unrelated,,0.63108414,0.40555066
qa-071,qa,identical,1.0,1.0,0.9999999
qa-071,qa,deletion,0.9,0.93004316,0.9412669
qa-071,qa,deletion,0.7,0.8831344,0.7998373
qa-071,qa,deletion,0.5,0.80707455,0.6879908
qa-071,qa,deletion,0.3,0.7710813,0.59432393
qa-071,qa,shuffled,,0.78530693,0.70802605
qa-071,qa,normalised,,0.8771795,0.83139944
qa-071,qa,unrelated,,0.60960835,0.42511442
qa-110,qa,identical,1.0,1.0,0.99999994
qa-110,qa,deletion,0.9,0.9644222,0.938045
qa-110,qa,deletion,0.7,0.8761318,0.8301746
qa-110,qa,deletion,0.5,0.8074867,0.6941738
qa-110,qa,deletion,0.3,0.77551836,0.6675871
qa-110,qa,shuffled,,0.7940635,0.6886692
qa-110,qa,normalised,,0.9441446,0.92116016
qa-110,qa,unrelated,,0.66584957,0.5249326
qa-114,qa,identical,1.0,0.99999994,0.9999998
qa-114,qa,deletion,0.9,0.9404,0.900371
qa-114,qa,deletion,0.7,0.8694753,0.7786309
qa-114,qa,deletion,0.5,0.8249687,0.65884686
qa-114,qa,deletion,0.3,0.6870785,0.47247094
qa-114,qa,shuffled,,0.82552046,0.70293015
qa-114,qa,normalised,,0.94447803,0.90860254
qa-114,qa,unrelated,,0.6508052,0.46089697
qa-112,qa,identical,1.0,1.0,1.0
qa-112,qa,deletion,0.9,0.9580274,0.939977
qa-112,qa,deletion,0.7,0.88620704,0.79796183
qa-112,qa,deletion,0.5,0.78489554,0.621454
qa-112,qa,deletion,0.3,0.81493235,0.64178014
qa-112,qa,shuffled,,0.7959313,0.67343235
qa-112,qa,normalised,,0.9189585,0.86478305
qa-112,qa,unrelated,,0.6507239,0.44533637
qa-070,qa,identical,1.0,0.9999998,1.0000001
qa-070,qa,deletion,0.9,0.9450548,0.9084722
qa-070,qa,deletion,0.7,0.8454777,0.7520471
qa-070,qa,deletion,0.5,0.7981131,0.6278453
qa-070,qa,deletion,0.3,0.7834156,0.5660553
qa-070,qa,shuffled,,0.81909245,0.642239
qa-070,qa,normalised,,0.9577031,0.9095039
qa-070,qa,unrelated,,0.6562851,0.45677742
qa-002,qa,identical,1.0,0.9999999,1.0
qa-002,qa,deletion,0.9,0.946121,0.92050266
qa-002,qa,deletion,0.7,0.88224536,0.78199124
qa-002,qa,deletion,0.5,0.85403013,0.6873631
qa-002,qa,deletion,0.3,0.7342843,0.5815622
qa-002,qa,shuffled,,0.77720135,0.62592775
qa-002,qa,normalised,,0.93172884,0.90066105
qa-002,qa,unrelated,,0.6450064,0.43505973
qa-012,qa,identical,1.0,0.99999994,0.99999994
qa-012,qa,deletion,0.9,0.9874666,0.986029
qa-012,qa,deletion,0.7,0.82477987,0.7841724
qa-012,qa,deletion,0.5,0.88274884,0.7861348
qa-012,qa,deletion,0.3,0.689821,0.5830585
qa-012,qa,shuffled,,0.79872376,0.6865777
qa-012,qa,normalised,,0.8662027,0.7915239
qa-012,qa,unrelated,,0.6262919,0.4467239
qa-031,qa,identical,1.0,0.99999994,1.0000001
qa-031,qa,deletion,0.9,0.9522481,0.95244795
qa-031,qa,deletion,0.7,0.8654359,0.8070467
qa-031,qa,deletion,0.5,0.7700258,0.59367526
qa-031,qa,deletion,0.3,0.7408681,0.60343605
qa-031,qa,shuffled,,0.80566126,0.7033557
qa-031,qa,normalised,,0.940394,0.90298563
qa-031,qa,unrelated,,0.6717289,0.5203013
qa-022,qa,identical,1.0,0.9999999,1.0
qa-022,qa,deletion,0.9,0.9862715,0.97211075
qa-022,qa,deletion,0.7,0.8967162,0.7939071
qa-022,qa,deletion,0.5,0.79097146,0.6591625
qa-022,qa,deletion,0.3,0.78512937,0.61727744
qa-022,qa,shuffled,,0.85057604,0.6991911
qa-022,qa,normalised,,0.9354719,0.9116201
qa-022,qa,unrelated,,0.65396076,0.4770083
qa-118,qa,identical,1.0,0.99999994,1.0000001
qa-118,qa,deletion,0.9,0.9637231,0.9448531
qa-118,qa,deletion,0.7,0.90664953,0.8610861
qa-118,qa,deletion,0.5,0.84398586,0.73661536
qa-118,qa,deletion,0.3,0.7884345,0.66121936
qa-118,qa,shuffled,,0.76367295,0.6885857
qa-118,qa,normalised,,0.9479496,0.9383412
qa-118,qa,unrelated,,0.6401858,0.5037191
qa-063,qa,identical,1.0,1.0,0.99999994
qa-063,qa,deletion,0.9,0.95234126,0.914858
qa-063,qa,deletion,0.7,0.8961623,0.83031416
qa-063,qa,deletion,0.5,0.7497872,0.6568736
qa-063,qa,deletion,0.3,0.7322129,0.5427228
qa-063,qa,shuffled,,0.7745865,0.60329574
qa-063,qa,normalised,,0.92637044,0.9003139
qa-063,qa,unrelated,,0.65598214,0.457121
qa-062,qa,identical,1.0,0.9999999,0.99999994
qa-062,qa,deletion,0.9,0.979711,0.9596229
qa-062,qa,deletion,0.7,0.8852999,0.7611926
qa-062,qa,deletion,0.5,0.8706138,0.74136186
qa-062,qa,deletion,0.3,0.68054736,0.50518125
qa-062,qa,shuffled,,0.8131674,0.67300534
qa-062,qa,normalised,,0.95162183,0.8979291
qa-062,qa,unrelated,,0.670038,0.49007234
qa-028,qa,identical,1.0,1.0000001,0.9999998
qa-028,qa,deletion,0.9,0.9785862,0.9670062
qa-028,qa,deletion,0.7,0.8346128,0.750609
qa-028,qa,deletion,0.5,0.8304216,0.66579247
qa-028,qa,deletion,0.3,0.733539,0.60886437
qa-028,qa,shuffled,,0.8163034,0.6836634
qa-028,qa,normalised,,0.93712753,0.9046951
qa-028,qa,unrelated,,0.64766777,0.4768412
qa-108,qa,identical,1.0,1.0,1.0000001
qa-108,qa,deletion,0.9,0.944354,0.94909805
qa-108,qa,deletion,0.7,0.84509414,0.7651352
qa-108,qa,deletion,0.5,0.7844965,0.68049747
qa-108,qa,deletion,0.3,0.7750982,0.63184243
qa-108,qa,shuffled,,0.80907524,0.70100856
qa-108,qa,normalised,,0.94831765,0.90037364
qa-108,qa,unrelated,,0.6837867,0.5324538
qa-109,qa,identical,1.0,1.0,0.99999994
qa-109,qa,deletion,0.9,0.9697906,0.9532227
qa-109,qa,deletion,0.7,0.88950104,0.82462627
qa-109,qa,deletion,0.5,0.8498627,0.722533
qa-109,qa,deletion,0.3,0.750161,0.5382227
qa-109,qa,shuffled,,0.82332844,0.6992367
qa-109,qa,normalised,,0.94653404,0.92811996
qa-109,qa,unrelated,,0.6416055,0.4455832
qa-082,qa,identical,1.0,1.0,1.0000001
qa-082,qa,deletion,0.9,0.92762977,0.90558994
qa-082,qa,deletion,0.7,0.9185789,0.72856605
qa-082,qa,deletion,0.5,0.8333703,0.6710331
qa-082,qa,deletion,0.3,0.7523518,0.5500888
qa-082,qa,shuffled,,0.86839217,0.7037192
qa-082,qa,normalised,,0.92880017,0.9046367
qa-082,qa,unrelated,,0.63125473,0.42811108
qa-049,qa,identical,1.0,1.0,1.0
qa-049,qa,deletion,0.9,0.95724875,0.9102142
qa-049,qa,deletion,0.7,0.8452532,0.8146858
qa-049,qa,deletion,0.5,0.78337264,0.74345154
qa-049,qa,deletion,0.3,0.6808481,0.522306
qa-049,qa,shuffled,,0.79719454,0.7305473
qa-049,qa,normalised,,0.8701485,0.8709141
qa-049,qa,unrelated,,0.6312061,0.46031904
qa-001,qa,identical,1.0,0.99999994,1.0000001
qa-001,qa,deletion,0.9,0.9807232,0.9402096
qa-001,qa,deletion,0.7,0.8980556,0.86244506
qa-001,qa,deletion,0.5,0.8311833,0.65591055
qa-001,qa,deletion,0.3,0.7334489,0.5564273
qa-001,qa,shuffled,,0.8144696,0.691612
qa-001,qa,normalised,,0.942959,0.89591134
qa-001,qa,unrelated,,0.59430045,0.42010647
qa-050,qa,identical,1.0,0.99999994,1.0
qa-050,qa,deletion,0.9,0.93832886,0.888962
qa-050,qa,deletion,0.7,0.8793576,0.7868086
qa-050,qa,deletion,0.5,0.84667593,0.6858585
qa-050,qa,deletion,0.3,0.7629407,0.5774481
qa-050,qa,shuffled,,0.8100101,0.7062617
qa-050,qa,normalised,,0.93715537,0.8880426
qa-050,qa,unrelated,,0.6844617,0.49780267
qa-034,qa,identical,1.0,1.0,0.9999998
qa-034,qa,deletion,0.9,0.9375213,0.9218252
qa-034,qa,deletion,0.7,0.86944354,0.8047945
qa-034,qa,deletion,0.5,0.85964966,0.73450845
qa-034,qa,deletion,0.3,0.78143704,0.6383251
qa-034,qa,shuffled,,0.77172714,0.5894834
qa-034,qa,normalised,,0.9437056,0.88902
qa-034,qa,unrelated,,0.64024645,0.46840584
qa-059,qa,identical,1.0,0.9999999,1.0
qa-059,qa,deletion,0.9,0.9807385,0.95312464
qa-059,qa,deletion,0.7,0.86197174,0.7754255
qa-059,qa,deletion,0.5,0.8595184,0.7602283
qa-059,qa,deletion,0.3,0.7299312,0.6161851
qa-059,qa,shuffled,,0.8520307,0.7819289
qa-059,qa,normalised,,0.92602795,0.9123081
qa-059,qa,unrelated,,0.663573,0.5145994
qa-037,qa,identical,1.0,0.9999999,0.99999994
qa-037,qa,deletion,0.9,0.97691953,0.9569951
qa-037,qa,deletion,0.7,0.9042081,0.82027817
qa-037,qa,deletion,0.5,0.84135914,0.73392266
qa-037,qa,deletion,0.3,0.7050822,0.5586793
qa-037,qa,shuffled,,0.80447227,0.69572186
qa-037,qa,normalised,,0.9224591,0.8636361
qa-037,qa,unrelated,,0.6697386,0.5095912
qa-097,qa,identical,1.0,0.99999994,0.99999994
qa-097,qa,deletion,0.9,0.9431196,0.891097
qa-097,qa,deletion,0.7,0.87929803,0.7809342
qa-097,qa,deletion,0.5,0.79584616,0.6438133
qa-097,qa,deletion,0.3,0.7881686,0.60403734
qa-097,qa,shuffled,,0.8050409,0.70486635
qa-097,qa,normalised,,0.8395496,0.81434083
qa-097,qa,unrelated,,0.61787903,0.42553797
qa-080,qa,identical,1.0,1.0,1.0
qa-080,qa,deletion,0.9,0.9742491,0.939885
qa-080,qa,deletion,0.7,0.90098804,0.8579322
qa-080,qa,deletion,0.5,0.7252305,0.66158795
qa-080,qa,deletion,0.3,0.77966106,0.58919615
qa-080,qa,shuffled,,0.8089712,0.6899148
qa-080,qa,normalised,,0.9361594,0.88290966
qa-080,qa,unrelated,,0.6028539,0.3964071
qa-020,qa,identical,1.0,1.0,1.0000001
qa-020,qa,deletion,0.9,0.97454494,0.9389688
qa-020,qa,deletion,0.7,0.8815626,0.76499474
qa-020,qa,deletion,0.5,0.7954588,0.6785669
qa-020,qa,deletion,0.3,0.7465925,0.52218515
qa-020,qa,shuffled,,0.7842978,0.68265414
qa-020,qa,normalised,,0.8817168,0.8681035
qa-020,qa,unrelated,,0.67026234,0.49691343
qa-101,qa,identical,1.0,1.0,1.0
qa-101,qa,deletion,0.9,0.9694908,0.9635709
qa-101,qa,deletion,0.7,0.87563497,0.7938022
qa-101,qa,deletion,0.5,0.75692415,0.6296865
qa-101,qa,deletion,0.3,0.71025467,0.483805
qa-101,qa,shuffled,,0.82751673,0.6374086
qa-101,qa,normalised,,0.9550876,0.89827883
qa-101,qa,unrelated,,0.6479781,0.4397227
qa-038,qa,identical,1.0,0.9999998,0.9999999
qa-038,qa,deletion,0.9,0.98334855,0.9580805
qa-038,qa,deletion,0.7,0.8752159,0.78746396
qa-038,qa,deletion,0.5,0.8399566,0.7014874
qa-038,qa,deletion,0.3,0.783507,0.6635385
qa-038,qa,shuffled,,0.84518725,0.782097
qa-038,qa,normalised,,0.9575288,0.8935797
qa-038,qa,unrelated,,0.6922709,0.52080315
qa-104,qa,identical,1.0,1.0,1.0
qa-104,qa,deletion,0.9,0.9672871,0.9586378
qa-104,qa,deletion,0.7,0.877642,0.775267
qa-104,qa,deletion,0.5,0.8405037,0.6963084
qa-104,qa,deletion,0.3,0.7940174,0.606807
qa-104,qa,shuffled,,0.783478,0.6370717
qa-104,qa,normalised,,0.90665984,0.88561165
qa-104,qa,unrelated,,0.6494586,0.47495997
qa-079,qa,identical,1.0,0.9999999,0.99999994
qa-079,qa,deletion,0.9,0.9607509,0.9240633
qa-079,qa,deletion,0.7,0.8740745,0.8024745
qa-079,qa,deletion,0.5,0.8351388,0.70577633
qa-079,qa,deletion,0.3,0.74398553,0.5273445
qa-079,qa,shuffled,,0.8112081,0.71038365
qa-079,qa,normalised,,0.92560893,0.8959768
qa-079,qa,unrelated,,0.58901894,0.39857545
qa-004,qa,identical,1.0,0.9999999,1.0
qa-004,qa,deletion,0.9,0.9927313,0.9821018
qa-004,qa,deletion,0.7,0.90286016,0.8483456
qa-004,qa,deletion,0.5,0.814179,0.6390413
qa-004,qa,deletion,0.3,0.69565487,0.4778481
qa-004,qa,shuffled,,0.808844,0.6504284
qa-004,qa,normalised,,0.9537441,0.9142018
qa-004,qa,unrelated,,0.66214806,0.49248153
qa-064,qa,identical,1.0,1.0,0.99999994
qa-064,qa,deletion,0.9,0.982857,0.9694688
qa-064,qa,deletion,0.7,0.9014893,0.8287976
qa-064,qa,deletion,0.5,0.838196,0.7666459
qa-064,qa,deletion,0.3,0.7734337,0.7085007
qa-064,qa,shuffled,,0.81678045,0.7462844
qa-064,qa,normalised,,0.956353,0.9110736
qa-064,qa,unrelated,,0.6654511,0.4777616
qa-048,qa,identical,1.0,1.0,0.99999994
qa-048,qa,deletion,0.9,0.9809063,0.9665568
qa-048,qa,deletion,0.7,0.86744183,0.76560086
qa-048,qa,deletion,0.5,0.8587841,0.76816237
qa-048,qa,deletion,0.3,0.795818,0.70856375
qa-048,qa,shuffled,,0.8177881,0.73761475
qa-048,qa,normalised,,0.9272791,0.8957038
qa-048,qa,unrelated,,0.615703,0.4825929
qa-035,qa,identical,1.0,0.99999994,1.0
qa-035,qa,deletion,0.9,0.9321655,0.9148644
qa-035,qa,deletion,0.7,0.92065406,0.84541804
qa-035,qa,deletion,0.5,0.840317,0.69234854
qa-035,qa,deletion,0.3,0.7703384,0.55306023
qa-035,qa,shuffled,,0.8245621,0.7105873
qa-035,qa,normalised,,0.9476359,0.8912854
qa-035,qa,unrelated,,0.6842137,0.5043749
qa-061,qa,identical,1.0,1.0,1.0
qa-061,qa,deletion,0.9,0.95832753,0.9427266
qa-061,qa,deletion,0.7,0.88392967,0.7453527
qa-061,qa,deletion,0.5,0.83595395,0.70021105
qa-061,qa,deletion,0.3,0.7165346,0.510689
qa-061,qa,shuffled,,0.8261185,0.7425975
qa-061,qa,normalised,,0.95660746,0.92028606
qa-061,qa,unrelated,,0.66219634,0.5075927
qa-086,qa,identical,1.0,1.0000001,0.99999994
qa-086,qa,deletion,0.9,0.97056776,0.93408185
qa-086,qa,deletion,0.7,0.8843406,0.78922987
qa-086,qa,deletion,0.5,0.82528794,0.63557863
qa-086,qa,deletion,0.3,0.81387794,0.6850442
qa-086,qa,shuffled,,0.85002536,0.6591331
qa-086,qa,normalised,,0.9344225,0.87219524
qa-086,qa,unrelated,,0.6693479,0.45248017
qa-021,qa,identical,1.0,1.0,1.0000001
qa-021,qa,deletion,0.9,0.9471016,0.8969332
qa-021,qa,deletion,0.7,0.9107574,0.855596
qa-021,qa,deletion,0.5,0.7995367,0.67029107
qa-021,qa,deletion,0.3,0.7027243,0.48743862
qa-021,qa,shuffled,,0.79429424,0.6967911
qa-021,qa,normalised,,0.9424634,0.93118227
qa-021,qa,unrelated,,0.656788,0.46807683
qa-091,qa,identical,1.0,1.0,0.99999994
qa-091,qa,deletion,0.9,0.9618891,0.95130867
qa-091,qa,deletion,0.7,0.8973389,0.7451969
qa-091,qa,deletion,0.5,0.84080714,0.6716186
qa-091,qa,deletion,0.3,0.7172739,0.53539455
qa-091,qa,shuffled,,0.7499425,0.5905752
qa-091,qa,normalised,,0.9351604,0.90087694
qa-091,qa,unrelated,,0.63713443,0.4663184
qa-054,qa,identical,1.0,1.0,0.99999994
qa-054,qa,deletion,0.9,0.9589519,0.94215864
qa-054,qa,deletion,0.7,0.88606197,0.75921166
qa-054,qa,deletion,0.5,0.79597926,0.72853214
qa-054,qa,deletion,0.3,0.7231225,0.6166221
qa-054,qa,shuffled,,0.7683887,0.72886527
qa-054,qa,normalised,,0.90395397,0.8921369
qa-054,qa,unrelated,,0.6327914,0.45415735
qa-107,qa,identical,1.0,0.9999999,0.99999994
qa-107,qa,deletion,0.9,0.9721333,0.9316736
qa-107,qa,deletion,0.7,0.85969776,0.77313685
qa-107,qa,deletion,0.5,0.85163844,0.6911552
qa-107,qa,deletion,0.3,0.7535272,0.56285363
qa-107,qa,shuffled,,0.76611274,0.63037187
qa-107,qa,normalised,,0.9397987,0.9417466
qa-107,qa,unrelated,,0.60956687,0.44110414
qa-116,qa,identical,1.0,1.0,0.9999999
qa-116,qa,deletion,0.9,0.9621316,0.9224061
qa-116,qa,deletion,0.7,0.88124895,0.7832333
qa-116,qa,deletion,0.5,0.8545233,0.74075747
qa-116,qa,deletion,0.3,0.7489355,0.5128861
qa-116,qa,shuffled,,0.8239404,0.71695775
qa-116,qa,normalised,,0.94993436,0.9275724
qa-116,qa,unrelated,,0.61779344,0.47517565
qa-033,qa,identical,1.0,0.99999994,1.0000001
qa-033,qa,deletion,0.9,0.95001763,0.93984175
qa-033,qa,deletion,0.7,0.9167802,0.84436786
qa-033,qa,deletion,0.5,0.84068537,0.7391992
qa-033,qa,deletion,0.3,0.7706648,0.60603917
qa-033,qa,shuffled,,0.8451249,0.72345424
qa-033,qa,normalised,,0.93857706,0.8757937
qa-033,qa,unrelated,,0.66632736,0.5041679
qa-090,qa,identical,1.0,1.0,0.99999994
qa-090,qa,deletion,0.9,0.9535415,0.9381008
qa-090,qa,deletion,0.7,0.8776642,0.7278137
qa-090,qa,deletion,0.5,0.8567086,0.6702057
qa-090,qa,deletion,0.3,0.74176073,0.4625655
qa-090,qa,shuffled,,0.80638033,0.6897279
qa-090,qa,normalised,,0.9506454,0.9263266
qa-090,qa,unrelated,,0.672703,0.5009616
qa-011,qa,identical,1.0,1.0,1.0
qa-011,qa,deletion,0.9,0.93740994,0.9262903
qa-011,qa,deletion,0.7,0.8636698,0.78849906
qa-011,qa,deletion,0.5,0.79043716,0.71232295
qa-011,qa,deletion,0.3,0.81189,0.6674813
qa-011,qa,shuffled,,0.8477434,0.8088062
qa-011,qa,normalised,,0.86116165,0.79656607
qa-011,qa,unrelated,,0.65559494,0.5298299
qa-081,qa,identical,1.0,1.0,0.99999994
qa-081,qa,deletion,0.9,0.97106874,0.98045635
qa-081,qa,deletion,0.7,0.8963668,0.71095455
qa-081,qa,deletion,0.5,0.8230003,0.69405454
qa-081,qa,deletion,0.3,0.7525828,0.5987605
qa-081,qa,shuffled,,0.7960249,0.6451365
qa-081,qa,normalised,,0.9382094,0.92826813
qa-081,qa,unrelated,,0.6799012,0.545038
qa-072,qa,identical,1.0,1.0000001,1.0
qa-072,qa,deletion,0.9,0.9769257,0.9611968
qa-072,qa,deletion,0.7,0.8770876,0.7963205
qa-072,qa,deletion,0.5,0.8014195,0.6780274
qa-072,qa,deletion,0.3,0.7412709,0.5771917
qa-072,qa,shuffled,,0.823345,0.72950447
qa-072,qa,normalised,,0.91806185,0.8830617
qa-072,qa,unrelated,,0.65591323,0.47258687
qa-006,qa,identical,1.0,1.0,0.99999994
qa-006,qa,deletion,0.9,0.96039987,0.90555984
qa-006,qa,deletion,0.7,0.9110621,0.8911709
qa-006,qa,deletion,0.5,0.83581406,0.7526326
qa-006,qa,deletion,0.3,0.7025818,0.51053125
qa-006,qa,shuffled,,0.84093565,0.72840494
qa-006,qa,normalised,,0.9491202,0.89765376
qa-006,qa,unrelated,,0.6474577,0.4916263
qa-113,qa,identical,1.0,1.0,1.0
qa-113,qa,deletion,0.9,0.961755,0.96709156
qa-113,qa,deletion,0.7,0.8743173,0.81677926
qa-113,qa,deletion,0.5,0.8161607,0.6750392
qa-113,qa,deletion,0.3,0.7501492,0.5780635
qa-113,qa,shuffled,,0.8103313,0.6838798
qa-113,qa,normalised,,0.93641436,0.9001611
qa-113,qa,unrelated,,0.6767073,0.5021302
qa-005,qa,identical,1.0,1.0,1.0
qa-005,qa,deletion,0.9,0.98263335,0.9613101
qa-005,qa,deletion,0.7,0.91137,0.8281756
qa-005,qa,deletion,0.5,0.79896396,0.69719523
qa-005,qa,deletion,0.3,0.77122664,0.5609425
qa-005,qa,shuffled,,0.8005683,0.6885214
qa-005,qa,normalised,,0.93789756,0.9298505
qa-005,qa,unrelated,,0.6489867,0.4615457
qa-039,qa,identical,1.0,1.0000001,1.0
qa-039,qa,deletion,0.9,0.95952034,0.93670183
qa-039,qa,deletion,0.7,0.8640557,0.8144633
qa-039,qa,deletion,0.5,0.840589,0.7435385
qa-039,qa,deletion,0.3,0.76220685,0.5712379
qa-039,qa,shuffled,,0.80286425,0.74923646
qa-039,qa,normalised,,0.9623546,0.93094265
qa-039,qa,unrelated,,0.6912999,0.5814675
qa-043,qa,identical,1.0,1.0,1.0000001
qa-043,qa,deletion,0.9,0.9809587,0.9328581
qa-043,qa,deletion,0.7,0.8984942,0.8713432
qa-043,qa,deletion,0.5,0.81235266,0.7550224
qa-043,qa,deletion,0.3,0.7429122,0.57844347
qa-043,qa,shuffled,,0.8497179,0.77889544
qa-043,qa,normalised,,0.8935949,0.85198474
qa-043,qa,unrelated,,0.58174616,0.4390267
qa-016,qa,identical,1.0,1.0,0.99999994
qa-016,qa,deletion,0.9,0.9514009,0.93127155
qa-016,qa,deletion,0.7,0.894572,0.87866616
qa-016,qa,deletion,0.5,0.80607396,0.7049792
qa-016,qa,deletion,0.3,0.73246455,0.6228496
qa-016,qa,shuffled,,0.82179904,0.73027885
qa-016,qa,normalised,,0.8885036,0.86948353
qa-016,qa,unrelated,,0.63777804,0.4600133
qa-026,qa,identical,1.0,1.0,0.99999994
qa-026,qa,deletion,0.9,0.9680755,0.935075
qa-026,qa,deletion,0.7,0.868313,0.776194
qa-026,qa,deletion,0.5,0.78477085,0.62164456
qa-026,qa,deletion,0.3,0.6931314,0.47041103
qa-026,qa,shuffled,,0.78839403,0.64653635
qa-026,qa,normalised,,0.9270187,0.9025944
qa-026,qa,unrelated,,0.6517112,0.438445
qa-076,qa,identical,1.0,0.99999994,0.99999994
qa-076,qa,deletion,0.9,0.97383994,0.9551233
qa-076,qa,deletion,0.7,0.8478228,0.8226152
qa-076,qa,deletion,0.5,0.78629017,0.62086725
qa-076,qa,deletion,0.3,0.78224474,0.60769904
qa-076,qa,shuffled,,0.7736462,0.68805933
qa-076,qa,normalised,,0.9315908,0.8718083
qa-076,qa,unrelated,,0.6437479,0.45462173
qa-100,qa,identical,1.0,1.0,0.99999994
qa-100,qa,deletion,0.9,0.9681549,0.9537939
qa-100,qa,deletion,0.7,0.9140485,0.83650726
qa-100,qa,deletion,0.5,0.83119106,0.696186
qa-100,qa,deletion,0.3,0.7727825,0.54848224
qa-100,qa,shuffled,,0.80816543,0.7459164
qa-100,qa,normalised,,0.9340381,0.91017866
qa-100,qa,unrelated,,0.5939674,0.44311437
qa-040,qa,identical,1.0,1.0,1.0
qa-040,qa,deletion,0.9,0.96952415,0.93960255
qa-040,qa,deletion,0.7,0.86838615,0.75558126
qa-040,qa,deletion,0.5,0.8424361,0.70500493
qa-040,qa,deletion,0.3,0.814494,0.6635683
qa-040,qa,shuffled,,0.83106285,0.7003095
qa-040,qa,normalised,,0.9363103,0.9068686
qa-040,qa,unrelated,,0.6538395,0.48313716
qa-003,qa,identical,1.0,1.0,1.0
qa-003,qa,deletion,0.9,0.9447936,0.86741674
qa-003,qa,deletion,0.7,0.9067165,0.81477636
qa-003,qa,deletion,0.5,0.8151321,0.63559353
qa-003,qa,deletion,0.3,0.739425,0.4870573
qa-003,qa,shuffled,,0.816783,0.70924866
qa-003,qa,normalised,,0.9565754,0.9326361
qa-003,qa,unrelated,,0.58524203,0.46072516
qa-045,qa,identical,1.0,0.99999994,1.0
qa-045,qa,deletion,0.9,0.92698586,0.91728413
qa-045,qa,deletion,0.7,0.87705326,0.8185649
qa-045,qa,deletion,0.5,0.7682091,0.687702
qa-045,qa,deletion,0.3,0.8132877,0.6766674
qa-045,qa,shuffled,,0.7876404,0.68133175
qa-045,qa,normalised,,0.9308907,0.9069902
qa-045,qa,unrelated,,0.6410545,0.43760106
qa-027,qa,identical,1.0,0.9999999,1.0000001
qa-027,qa,deletion,0.9,0.9942032,0.9786172
qa-027,qa,deletion,0.7,0.84861076,0.81721056
qa-027,qa,deletion,0.5,0.84480244,0.71978694
qa-027,qa,deletion,0.3,0.7816559,0.6551474
qa-027,qa,shuffled,,0.8079377,0.75046873
qa-027,qa,normalised,,0.951591,0.9138937
qa-027,qa,unrelated,,0.67567015,0.5132437
qa-068,qa,identical,1.0,1.0,1.0
qa-068,qa,deletion,0.9,0.9819342,0.9821088
qa-068,qa,deletion,0.7,0.887646,0.82519144
qa-068,qa,deletion,0.5,0.8131671,0.6318963
qa-068,qa,deletion,0.3,0.79820216,0.64853895
qa-068,qa,shuffled,,0.8137707,0.75630057
qa-068,qa,normalised,,0.9587317,0.9145009
qa-068,qa,unrelated,,0.634185,0.49499968
qa-030,qa,identical,1.0,0.99999994,1.0
qa-030,qa,deletion,0.9,0.9806207,0.95110065
qa-030,qa,deletion,0.7,0.9040269,0.8404181
qa-030,qa,deletion,0.5,0.81235313,0.68551815
qa-030,qa,deletion,0.3,0.72980714,0.55747825
qa-030,qa,shuffled,,0.81047714,0.6274261
qa-030,qa,normalised,,0.96300465,0.9228892
qa-030,qa,unrelated,,0.660426,0.47346744
qa-009,qa,identical,1.0,0.99999994,0.9999999
qa-009,qa,deletion,0.9,0.99373895,0.9783477
qa-009,qa,deletion,0.7,0.9068959,0.81431186
qa-009,qa,deletion,0.5,0.87953156,0.7367212
qa-009,qa,deletion,0.3,0.7418525,0.49665993
qa-009,qa,shuffled,,0.8363066,0.72252846
qa-009,qa,normalised,,0.95086473,0.91179353
qa-009,qa,unrelated,,0.6493859,0.4740136
qa-088,qa,identical,1.0,1.0,0.99999994
qa-088,qa,deletion,0.9,0.9530968,0.9469833
qa-088,qa,deletion,0.7,0.87177944,0.78995234
qa-088,qa,deletion,0.5,0.8231505,0.61482424
qa-088,qa,deletion,0.3,0.7998508,0.56493455
qa-088,qa,shuffled,,0.79606986,0.65988696
qa-088,qa,normalised,,0.9368748,0.8447577
qa-088,qa,unrelated,,0.6722767,0.4289225
qa-075,qa,identical,1.0,1.0000001,0.99999994
qa-075,qa,deletion,0.9,0.9463492,0.88435984
qa-075,qa,deletion,0.7,0.89658165,0.81106573
qa-075,qa,deletion,0.5,0.8148571,0.7264368
qa-075,qa,deletion,0.3,0.76196736,0.70802146
qa-075,qa,shuffled,,0.7872886,0.6695423
qa-075,qa,normalised,,0.935835,0.91787905
qa-075,qa,unrelated,,0.64424986,0.4303256
qa-023,qa,identical,1.0,0.9999999,1.0000001
qa-023,qa,deletion,0.9,0.9719014,0.91410494
qa-023,qa,deletion,0.7,0.95852584,0.89229685
qa-023,qa,deletion,0.5,0.83562434,0.70504904
qa-023,qa,deletion,0.3,0.7687841,0.5882961
qa-023,qa,shuffled,,0.80007946,0.5704371
qa-023,qa,normalised,,0.9266076,0.8916806
qa-023,qa,unrelated,,0.6161242,0.46754968
qa-121,qa,identical,1.0,0.99999994,0.99999994
qa-121,qa,deletion,0.9,0.9653377,0.9516337
qa-121,qa,deletion,0.7,0.8603101,0.78802645
qa-121,qa,deletion,0.5,0.7886618,0.69766325
qa-121,qa,deletion,0.3,0.7523785,0.62475336
qa-121,qa,shuffled,,0.78881985,0.67527556
qa-121,qa,normalised,,0.9132629,0.8985336
qa-121,qa,unrelated,,0.6600772,0.48667988
qa-077,qa,identical,1.0,0.99999994,1.0
qa-077,qa,deletion,0.9,0.96228516,0.9678125
qa-077,qa,deletion,0.7,0.8433947,0.8059214
qa-077,qa,deletion,0.5,0.86166126,0.84202164
qa-077,qa,deletion,0.3,0.77684855,0.6750564
qa-077,qa,shuffled,,0.7843257,0.7496334
qa-077,qa,normalised,,0.8949624,0.8336983
qa-077,qa,unrelated,,0.6540777,0.47663862
qa-051,qa,identical,1.0,1.0,1.0
qa-051,qa,deletion,0.9,0.94928014,0.9233039
qa-051,qa,deletion,0.7,0.86978793,0.83377844
qa-051,qa,deletion,0.5,0.8073792,0.7125085
qa-051,qa,deletion,0.3,0.76296914,0.58724165
qa-051,qa,shuffled,,0.8173278,0.7917997
qa-051,qa,normalised,,0.93574226,0.88200665
qa-051,qa,unrelated,,0.5968911,0.4423204
qa-089,qa,identical,1.0,0.99999994,1.0
qa-089,qa,deletion,0.9,0.9683186,0.928291
qa-089,qa,deletion,0.7,0.9191982,0.7774787
qa-089,qa,deletion,0.5,0.8620852,0.6910765
qa-089,qa,deletion,0.3,0.8058823,0.5650423
qa-089,qa,shuffled,,0.84818,0.6364281
qa-089,qa,normalised,,0.9307079,0.90491074
qa-089,qa,unrelated,,0.61846125,0.39131287
qa-041,qa,identical,1.0,1.0,1.0000001
qa-041,qa,deletion,0.9,0.93842596,0.90822893
qa-041,qa,deletion,0.7,0.8877712,0.78274846
qa-041,qa,deletion,0.5,0.80523056,0.65467376
qa-041,qa,deletion,0.3,0.74963856,0.5551186
qa-041,qa,shuffled,,0.78887206,0.6987587
qa-041,qa,normalised,,0.9305806,0.8979473
qa-041,qa,unrelated,,0.6783274,0.51619035
qa-093,qa,identical,1.0,1.0,1.0000001
qa-093,qa,deletion,0.9,0.984503,0.9781835
qa-093,qa,deletion,0.7,0.88542855,0.8569109
qa-093,qa,deletion,0.5,0.8419303,0.74712753
qa-093,qa,deletion,0.3,0.7020311,0.5856769
qa-093,qa,shuffled,,0.8437953,0.76386577
qa-093,qa,normalised,,0.8988089,0.88444746
qa-093,qa,unrelated,,0.6579972,0.46684766
qa-092,qa,identical,1.0,1.0,0.99999994
qa-092,qa,deletion,0.9,0.9627887,0.930942
qa-092,qa,deletion,0.7,0.8783003,0.78969723
qa-092,qa,deletion,0.5,0.81038946,0.66592133
qa-092,qa,deletion,0.3,0.77941996,0.6067305
qa-092,qa,shuffled,,0.8145313,0.74366796
qa-092,qa,normalised,,0.91941446,0.9042777
qa-092,qa,unrelated,,0.6664794,0.5334025
qa-015,qa,identical,1.0,1.0,1.0
qa-015,qa,deletion,0.9,0.9542691,0.9336302
qa-015,qa,deletion,0.7,0.8808229,0.8260226
qa-015,qa,deletion,0.5,0.82268083,0.70615613
qa-015,qa,deletion,0.3,0.7573416,0.6199033
qa-015,qa,shuffled,,0.79070365,0.719128
qa-015,qa,normalised,,0.8466067,0.8409424
qa-015,qa,unrelated,,0.62777936,0.48301846
qa-042,qa,identical,1.0,0.99999994,0.99999994
qa-042,qa,deletion,0.9,0.9445476,0.92592144
qa-042,qa,deletion,0.7,0.8987968,0.76030135
qa-042,qa,deletion,0.5,0.82453173,0.7574692
qa-042,qa,deletion,0.3,0.7660062,0.5168829
qa-042,qa,shuffled,,0.83592314,0.7266564
qa-042,qa,normalised,,0.9583899,0.9021844
qa-042,qa,unrelated,,0.68224776,0.45537475
qa-099,qa,identical,1.0,0.9999999,0.9999999
qa-099,qa,deletion,0.9,0.95762086,0.92360735
qa-099,qa,deletion,0.7,0.8931966,0.7843435
qa-099,qa,deletion,0.5,0.8255882,0.67959225
qa-099,qa,deletion,0.3,0.7544104,0.5258669
qa-099,qa,shuffled,,0.8189372,0.7011564
qa-099,qa,normalised,,0.93940747,0.9100167
qa-099,qa,unrelated,,0.6355729,0.44417468
qa-073,qa,identical,1.0,0.99999994,1.0000001
qa-073,qa,deletion,0.9,0.9109829,0.91656935
qa-073,qa,deletion,0.7,0.87119484,0.81576633
qa-073,qa,deletion,0.5,0.81692773,0.70815176
qa-073,qa,deletion,0.3,0.77775025,0.65736634
qa-073,qa,shuffled,,0.8026378,0.7303875
qa-073,qa,normalised,,0.8947226,0.8984547
qa-073,qa,unrelated,,0.6365244,0.3927044
qa-065,qa,identical,1.0,1.0000001,1.0000001
qa-065,qa,deletion,0.9,0.97883624,0.96996844
qa-065,qa,deletion,0.7,0.88776094,0.7948017
qa-065,qa,deletion,0.5,0.84838337,0.80060714
qa-065,qa,deletion,0.3,0.79563546,0.5896603
qa-065,qa,shuffled,,0.822055,0.74977815
qa-065,qa,normalised,,0.92347425,0.9150862
qa-065,qa,unrelated,,0.65624785,0.50178707
qa-066,qa,identical,1.0,0.99999994,0.9999999
qa-066,qa,deletion,0.9,0.92867047,0.8998726
qa-066,qa,deletion,0.7,0.8534166,0.72243714
qa-066,qa,deletion,0.5,0.8207999,0.63257205
qa-066,qa,deletion,0.3,0.7366512,0.54422724
qa-066,qa,shuffled,,0.83266443,0.6673619
qa-066,qa,normalised,,0.94036436,0.8980308
qa-066,qa,unrelated,,0.6357338,0.47564873
qa-067,qa,identical,1.0,0.9999999,1.0
qa-067,qa,deletion,0.9,0.98446107,0.9482629
qa-067,qa,deletion,0.7,0.89441246,0.77078414
qa-067,qa,deletion,0.5,0.8663351,0.71224654
qa-067,qa,deletion,0.3,0.70559716,0.54061687
qa-067,qa,shuffled,,0.82567286,0.6874758
qa-067,qa,normalised,,0.9351222,0.93047965
qa-067,qa,unrelated,,0.6610401,0.47021285
qa-122,qa,identical,1.0,0.99999994,1.0
qa-122,qa,deletion,0.9,0.95140356,0.93624705
qa-122,qa,deletion,0.7,0.8811312,0.8014465
qa-122,qa,deletion,0.5,0.831861,0.6976513
qa-122,qa,deletion,0.3,0.78921664,0.6276589
qa-122,qa,shuffled,,0.8113109,0.7034806
qa-122,qa,normalised,,0.94207525,0.9137766
qa-122,qa,unrelated,,0.6825961,0.52172756
qa-106,qa,identical,1.0,0.9999999,1.0
qa-106,qa,deletion,0.9,0.95253986,0.9304205
qa-106,qa,deletion,0.7,0.8885523,0.83981204
qa-106,qa,deletion,0.5,0.8408551,0.67362714
qa-106,qa,deletion,0.3,0.739294,0.56700104
qa-106,qa,shuffled,,0.80777687,0.6643777
qa-106,qa,normalised,,0.8913888,0.83880526
qa-106,qa,unrelated,,0.6324084,0.43303773
qa-096,qa,identical,1.0,0.99999994,1.0
qa-096,qa,deletion,0.9,0.950948,0.94758475
qa-096,qa,deletion,0.7,0.88976103,0.8412843
qa-096,qa,deletion,0.5,0.8516085,0.7846802
qa-096,qa,deletion,0.3,0.7547434,0.5465575
qa-096,qa,shuffled,,0.85372543,0.81487834
qa-096,qa,normalised,,0.92551553,0.86184436
qa-096,qa,unrelated,,0.6468094,0.5265535
qa-047,qa,identical,1.0,1.0000001,0.9999998
qa-047,qa,deletion,0.9,0.95923054,0.9372299
qa-047,qa,deletion,0.7,0.8531663,0.72348565
qa-047,qa,deletion,0.5,0.8213122,0.69684666
qa-047,qa,deletion,0.3,0.74025255,0.6269852
qa-047,qa,shuffled,,0.8721152,0.78813595
qa-047,qa,normalised,,0.9186276,0.9088495
qa-047,qa,unrelated,,0.620767,0.45500785
qa-078,qa,identical,1.0,1.0,0.99999994
qa-078,qa,deletion,0.9,0.9784488,0.9540365
qa-078,qa,deletion,0.7,0.91812426,0.8567503
qa-078,qa,deletion,0.5,0.85412234,0.70900947
qa-078,qa,deletion,0.3,0.8015893,0.6520543
qa-078,qa,shuffled,,0.8548231,0.77848184
qa-078,qa,normalised,,0.9413834,0.94125867
qa-078,qa,unrelated,,0.66674536,0.48799622
qa-098,qa,identical,1.0,0.99999994,1.0000004
qa-098,qa,deletion,0.9,0.94636583,0.9246431
qa-098,qa,deletion,0.7,0.9052739,0.8159452
qa-098,qa,deletion,0.5,0.8369209,0.7415796
qa-098,qa,deletion,0.3,0.731622,0.5873993
qa-098,qa,shuffled,,0.80357444,0.7115051
qa-098,qa,normalised,,0.9214874,0.9021952
qa-098,qa,unrelated,,0.655782,0.51920193
qa-017,qa,identical,1.0,0.99999994,1.0000001
qa-017,qa,deletion,0.9,0.96704227,0.93388563
qa-017,qa,deletion,0.7,0.9073666,0.8147387
qa-017,qa,deletion,0.5,0.8052018,0.58948845
qa-017,qa,deletion,0.3,0.7233378,0.61638075
qa-017,qa,shuffled,,0.7842488,0.65421945
qa-017,qa,normalised,,0.88773793,0.86692935
qa-017,qa,unrelated,,0.6729651,0.48416516
qa-095,qa,identical,1.0,0.9999999,1.0
qa-095,qa,deletion,0.9,0.95683914,0.91106504
qa-095,qa,deletion,0.7,0.9177045,0.8548926
qa-095,qa,deletion,0.5,0.8037899,0.66709155
qa-095,qa,deletion,0.3,0.790503,0.65160143
qa-095,qa,shuffled,,0.7994084,0.660514
qa-095,qa,normalised,,0.9135411,0.8968581
qa-095,qa,unrelated,,0.65264827,0.49913183
qa-029,qa,identical,1.0,1.0000001,1.0
qa-029,qa,deletion,0.9,0.96216094,0.95007074
qa-029,qa,deletion,0.7,0.9079342,0.86471987
qa-029,qa,deletion,0.5,0.8295038,0.6818159
qa-029,qa,deletion,0.3,0.7904978,0.6013336
qa-029,qa,shuffled,,0.8364655,0.7270879
qa-029,qa,normalised,,0.9279497,0.85613936
qa-029,qa,unrelated,,0.64393556,0.4772789
qa-120,qa,identical,1.0,1.0,0.99999994
qa-120,qa,deletion,0.9,0.94004714,0.92545587
qa-120,qa,deletion,0.7,0.8630144,0.8056669
qa-120,qa,deletion,0.5,0.780789,0.67436606
qa-120,qa,deletion,0.3,0.7106932,0.62472934
qa-120,qa,shuffled,,0.73738503,0.57553476
qa-120,qa,normalised,,0.91117775,0.8900213
qa-120,qa,unrelated,,0.57385015,0.43028992
qa-074,qa,identical,1.0,1.0,0.99999994
qa-074,qa,deletion,0.9,0.98247004,0.9681142
qa-074,qa,deletion,0.7,0.87928617,0.813623
qa-074,qa,deletion,0.5,0.8092163,0.6608229
qa-074,qa,deletion,0.3,0.7632598,0.63209945
qa-074,qa,shuffled,,0.8307305,0.7924052
qa-074,qa,normalised,,0.9123641,0.83823645
qa-074,qa,unrelated,,0.63387865,0.4716082
qa-019,qa,identical,1.0,0.99999994,0.9999999
qa-019,qa,deletion,0.9,0.9345392,0.85306305
qa-019,qa,deletion,0.7,0.911752,0.8582938
qa-019,qa,deletion,0.5,0.86840636,0.7081559
qa-019,qa,deletion,0.3,0.7882221,0.60087043
qa-019,qa,shuffled,,0.82102334,0.7344859
qa-019,qa,normalised,,0.8893827,0.82767427
qa-019,qa,unrelated,,0.6111653,0.43286046
creat-057,creative,identical,1.0,1.0,0.9999999
creat-057,creative,deletion,0.9,0.9726651,0.9847279
creat-057,creative,deletion,0.7,0.88650477,0.86542094
creat-057,creative,deletion,0.5,0.8438702,0.77427
creat-057,creative,deletion,0.3,0.79702234,0.66776294
creat-057,creative,shuffled,,0.82511926,0.73415184
creat-057,creative,normalised,,0.9600142,0.91752917
creat-057,creative,unrelated,,0.6381405,0.49454838
creat-107,creative,identical,1.0,0.99999994,0.9999999
creat-107,creative,deletion,0.9,0.9644024,0.93658084
creat-107,creative,deletion,0.7,0.9091545,0.8271469
creat-107,creative,deletion,0.5,0.8097941,0.6677965
creat-107,creative,deletion,0.3,0.7645277,0.5662821
creat-107,creative,shuffled,,0.79032034,0.66212887
creat-107,creative,normalised,,0.9395695,0.86706865
creat-107,creative,unrelated,,0.69265044,0.5408867
creat-070,creative,identical,1.0,0.99999994,0.99999994
creat-070,creative,deletion,0.9,0.9706563,0.951196
creat-070,creative,deletion,0.7,0.9307977,0.8147473
creat-070,creative,deletion,0.5,0.7885895,0.6565544
creat-070,creative,deletion,0.3,0.7376933,0.5118207
creat-070,creative,shuffled,,0.8231394,0.6500337
creat-070,creative,normalised,,0.9569879,0.90884745
creat-070,creative,unrelated,,0.6944056,0.53927475
creat-091,creative,identical,1.0,0.99999994,1.0
creat-091,creative,deletion,0.9,0.9745851,0.9257184
creat-091,creative,deletion,0.7,0.8841664,0.77664584
creat-091,creative,deletion,0.5,0.8097556,0.7230762
creat-091,creative,deletion,0.3,0.7707631,0.5955986
creat-091,creative,shuffled,,0.7832094,0.64534235
creat-091,creative,normalised,,0.9653787,0.94430536
creat-091,creative,unrelated,,0.6987887,0.56143004
creat-039,creative,identical,1.0,1.0,1.0
creat-039,creative,deletion,0.9,0.9807341,0.9581496
creat-039,creative,deletion,0.7,0.90257347,0.7837688
creat-039,creative,deletion,0.5,0.8616803,0.73352545
creat-039,creative,deletion,0.3,0.7959008,0.6075295
creat-039,creative,shuffled,,0.81040084,0.7076182
creat-039,creative,normalised,,0.9710769,0.949096
creat-039,creative,unrelated,,0.70469344,0.52383876
creat-079,creative,identical,1.0,1.0,1.0
creat-079,creative,deletion,0.9,0.96954113,0.96993196
creat-079,creative,deletion,0.7,0.8970596,0.7647096
creat-079,creative,deletion,0.5,0.8714424,0.74413073
creat-079,creative,deletion,0.3,0.7381853,0.59463304
creat-079,creative,shuffled,,0.8242043,0.7117338
creat-079,creative,normalised,,0.9708289,0.92485857
creat-079,creative,unrelated,,0.62646645,0.42997172
creat-104,creative,identical,1.0,0.99999994,1.0
creat-104,creative,deletion,0.9,0.9621355,0.9363325
creat-104,creative,deletion,0.7,0.9002074,0.8538522
creat-104,creative,deletion,0.5,0.8255996,0.676966
creat-104,creative,deletion,0.3,0.7511206,0.50336474
creat-104,creative,shuffled,,0.7928921,0.6858297
creat-104,creative,normalised,,0.97162235,0.93542683
creat-104,creative,unrelated,,0.615378,0.44321838
creat-084,creative,identical,1.0,1.0,1.0
creat-084,creative,deletion,0.9,0.9787833,0.93308717
creat-084,creative,deletion,0.7,0.8523219,0.752357
creat-084,creative,deletion,0.5,0.81215453,0.7137173
creat-084,creative,deletion,0.3,0.7403384,0.55805194
creat-084,creative,shuffled,,0.8540343,0.7294139
creat-084,creative,normalised,,0.9583953,0.9531446
creat-084,creative,unrelated,,0.64512175,0.4578938
creat-068,creative,identical,1.0,1.0,1.0
creat-068,creative,deletion,0.9,0.9712383,0.961028
creat-068,creative,deletion,0.7,0.87181246,0.7442546
creat-068,creative,deletion,0.5,0.8342716,0.67161894
creat-068,creative,deletion,0.3,0.7285209,0.5907985
creat-068,creative,shuffled,,0.81056297,0.7039581
creat-068,creative,normalised,,0.95465815,0.9220505
creat-068,creative,unrelated,,0.69587356,0.5661949
creat-002,creative,identical,1.0,1.0000001,0.9999999
creat-002,creative,deletion,0.9,0.97132486,0.9476242
creat-002,creative,deletion,0.7,0.8879258,0.7932774
creat-002,creative,deletion,0.5,0.83510536,0.7254528
creat-002,creative,deletion,0.3,0.7962347,0.64413434
creat-002,creative,shuffled,,0.8341889,0.7247846
creat-002,creative,normalised,,0.95013916,0.9256812
creat-002,creative,unrelated,,0.65229964,0.424884
creat-086,creative,identical,1.0,0.99999994,1.0
creat-086,creative,deletion,0.9,0.95649415,0.9280434
creat-086,creative,deletion,0.7,0.8877103,0.7752759
creat-086,creative,deletion,0.5,0.79726374,0.63435715
creat-086,creative,deletion,0.3,0.7736065,0.6116221
creat-086,creative,shuffled,,0.81685066,0.6878413
creat-086,creative,normalised,,0.96098304,0.9327999
creat-086,creative,unrelated,,0.61472607,0.43587077
creat-105,creative,identical,1.0,1.0,0.99999994
creat-105,creative,deletion,0.9,0.97504026,0.96196496
creat-105,creative,deletion,0.7,0.8729235,0.815915
creat-105,creative,deletion,0.5,0.8003264,0.6619728
creat-105,creative,deletion,0.3,0.7280987,0.5540445
creat-105,creative,shuffled,,0.7744445,0.70444083
creat-105,creative,normalised,,0.9584694,0.9275451
creat-105,creative,unrelated,,0.6642637,0.5209193
creat-071,creative,identical,1.0,1.0000001,0.99999994
creat-071,creative,deletion,0.9,0.96351516,0.9234818
creat-071,creative,deletion,0.7,0.8854944,0.8437115
creat-071,creative,deletion,0.5,0.8493689,0.7124853
creat-071,creative,deletion,0.3,0.8002818,0.60569626
creat-071,creative,shuffled,,0.8258511,0.7190639
creat-071,creative,normalised,,0.94985074,0.9363402
creat-071,creative,unrelated,,0.6717529,0.52369714
creat-121,creative,identical,1.0,1.0000001,0.9999999
creat-121,creative,deletion,0.9,0.9497364,0.9446896
creat-121,creative,deletion,0.7,0.87581384,0.81380063
creat-121,creative,deletion,0.5,0.7959066,0.680259
creat-121,creative,deletion,0.3,0.7517806,0.54962337
creat-121,creative,shuffled,,0.78437036,0.5989828
creat-121,creative,normalised,,0.9583372,0.948963
creat-121,creative,unrelated,,0.715412,0.54819477
creat-085,creative,identical,1.0,1.0000001,1.0000001
creat-085,creative,deletion,0.9,0.94741154,0.89274716
creat-085,creative,deletion,0.7,0.88533825,0.84188265
creat-085,creative,deletion,0.5,0.8394869,0.7307074
creat-085,creative,deletion,0.3,0.7497798,0.6318794
creat-085,creative,shuffled,,0.8035352,0.677661
creat-085,creative,normalised,,0.93760884,0.92883927
creat-085,creative,unrelated,,0.6983491,0.49023998
creat-014,creative,identical,1.0,1.0,1.0
creat-014,creative,deletion,0.9,0.9193647,0.93867403
creat-014,creative,deletion,0.7,0.89966613,0.8118478
creat-014,creative,deletion,0.5,0.80948853,0.64233935
creat-014,creative,deletion,0.3,0.7801751,0.5784218
creat-014,creative,shuffled,,0.84133655,0.7928927
creat-014,creative,normalised,,0.9505338,0.8810912
creat-014,creative,unrelated,,0.63033897,0.45514044
creat-018,creative,identical,1.0,0.99999994,0.9999998
creat-018,creative,deletion,0.9,0.97071004,0.94500905
creat-018,creative,deletion,0.7,0.90851295,0.82459104
creat-018,creative,deletion,0.5,0.8231968,0.7292874
creat-018,creative,deletion,0.3,0.76428825,0.64719003
creat-018,creative,shuffled,,0.82771534,0.7011906
creat-018,creative,normalised,,0.92930275,0.8961418
creat-018,creative,unrelated,,0.65826863,0.4391476
creat-034,creative,identical,1.0,0.99999994,1.0
creat-034,creative,deletion,0.9,0.96085733,0.91937697
creat-034,creative,deletion,0.7,0.86457646,0.7838572
creat-034,creative,deletion,0.5,0.7825753,0.6584286
creat-034,creative,deletion,0.3,0.77309775,0.629459
creat-034,creative,shuffled,,0.80237937,0.7210884
creat-034,creative,normalised,,0.9611163,0.9301748
creat-034,creative,unrelated,,0.6294355,0.44844368
creat-015,creative,identical,1.0,0.99999994,1.0
creat-015,creative,deletion,0.9,0.9538171,0.9068526
creat-015,creative,deletion,0.7,0.89666826,0.80543387
creat-015,creative,deletion,0.5,0.806489,0.7241008
creat-015,creative,deletion,0.3,0.7515642,0.5546906
creat-015,creative,shuffled,,0.8045577,0.71112233
creat-015,creative,normalised,,0.9633826,0.92223704
creat-015,creative,unrelated,,0.62881726,0.46658823
creat-110,creative,identical,1.0,0.99999994,0.99999994
creat-110,creative,deletion,0.9,0.95908815,0.9367487
creat-110,creative,deletion,0.7,0.91466373,0.8639688
creat-110,creative,deletion,0.5,0.81282693,0.70325845
creat-110,creative,deletion,0.3,0.76933014,0.6040495
creat-110,creative,shuffled,,0.78630954,0.64124715
creat-110,creative,normalised,,0.9395622,0.9218605
creat-110,creative,unrelated,,0.6648366,0.51564914
creat-096,creative,identical,1.0,1.0,0.99999994
creat-096,creative,deletion,0.9,0.9439532,0.8888157
creat-096,creative,deletion,0.7,0.9051038,0.82313913
creat-096,creative,deletion,0.5,0.84078085,0.67044044
creat-096,creative,deletion,0.3,0.7985514,0.6595694
creat-096,creative,shuffled,,0.8175901,0.69271594
creat-096,creative,normalised,,0.9707777,0.95322263
creat-096,creative,unrelated,,0.6977182,0.5108014
creat-113,creative,identical,1.0,1.0,0.99999994
creat-113,creative,deletion,0.9,0.97404796,0.93351173
creat-113,creative,deletion,0.7,0.8667352,0.74699146
creat-113,creative,deletion,0.5,0.84492725,0.70122147
creat-113,creative,deletion,0.3,0.76445895,0.5863019
creat-113,creative,shuffled,,0.84719634,0.7535957
creat-113,creative,normalised,,0.97207314,0.93963075
creat-113,creative,unrelated,,0.6966591,0.57886237
creat-020,creative,identical,1.0,1.0000001,1.0
creat-020,creative,deletion,0.9,0.9895404,0.96300006
creat-020,creative,deletion,0.7,0.87343746,0.7993139
creat-020,creative,deletion,0.5,0.8593285,0.7514011
creat-020,creative,deletion,0.3,0.7337554,0.6470938
creat-020,creative,shuffled,,0.8190747,0.7246223
creat-020,creative,normalised,,0.93489945,0.917069
creat-020,creative,unrelated,,0.62261444,0.4587632
creat-035,creative,identical,1.0,1.0,0.99999994
creat-035,creative,deletion,0.9,0.9494031,0.9234364
creat-035,creative,deletion,0.7,0.89331627,0.7891157
creat-035,creative,deletion,0.5,0.80920255,0.6864422
creat-035,creative,deletion,0.3,0.72855216,0.59151787
creat-035,creative,shuffled,,0.8049866,0.6523072
creat-035,creative,normalised,,0.9376639,0.92413366
creat-035,creative,unrelated,,0.6322337,0.47969735
creat-037,creative,identical,1.0,0.99999994,1.0
creat-037,creative,deletion,0.9,0.98265284,0.976503
creat-037,creative,deletion,0.7,0.8785566,0.7932989
creat-037,creative,deletion,0.5,0.85100424,0.7021573
creat-037,creative,deletion,0.3,0.76288456,0.592611
creat-037,creative,shuffled,,0.79585516,0.70238394
creat-037,creative,normalised,,0.9622825,0.91805196
creat-037,creative,unrelated,,0.6569836,0.4849303
creat-078,creative,identical,1.0,1.0000001,0.99999994
creat-078,creative,deletion,0.9,0.96701044,0.9640735
creat-078,creative,deletion,0.7,0.87568706,0.7352361
creat-078,creative,deletion,0.5,0.871337,0.79809314
creat-078,creative,deletion,0.3,0.77879435,0.5843376
creat-078,creative,shuffled,,0.838175,0.7320433
creat-078,creative,normalised,,0.96855044,0.9456374
creat-078,creative,unrelated,,0.64619154,0.47877753
creat-027,creative,identical,1.0,0.99999994,0.99999994
creat-027,creative,deletion,0.9,0.96469,0.95328504
creat-027,creative,deletion,0.7,0.8792327,0.83066237
creat-027,creative,deletion,0.5,0.84189224,0.71944785
creat-027,creative,deletion,0.3,0.7515166,0.5706373
creat-027,creative,shuffled,,0.80425143,0.7178864
creat-027,creative,normalised,,0.9615311,0.9259704
creat-027,creative,unrelated,,0.6857565,0.5275041
creat-092,creative,identical,1.0,1.0,0.9999999
creat-092,creative,deletion,0.9,0.95670545,0.8905974
creat-092,creative,deletion,0.7,0.8751935,0.81661093
creat-092,creative,deletion,0.5,0.82404363,0.6917766
creat-092,creative,deletion,0.3,0.7091108,0.5442085
creat-092,creative,shuffled,,0.76071626,0.6066014
creat-092,creative,normalised,,0.97294074,0.95359445
creat-092,creative,unrelated,,0.60771596,0.44589263
creat-044,creative,identical,1.0,0.99999994,1.0
creat-044,creative,deletion,0.9,0.9872134,0.968921
creat-044,creative,deletion,0.7,0.8602233,0.77674997
creat-044,creative,deletion,0.5,0.7780671,0.6000847
creat-044,creative,deletion,0.3,0.79142606,0.56260943
creat-044,creative,shuffled,,0.8474463,0.71271014
creat-044,creative,normalised,,0.9538116,0.93276244
creat-044,creative,unrelated,,0.6533883,0.39624104
creat-099,creative,identical,1.0,0.99999994,1.0000002
creat-099,creative,deletion,0.9,0.9534766,0.94635475
creat-099,creative,deletion,0.7,0.88484114,0.80692476
creat-099,creative,deletion,0.5,0.7827708,0.5952179
creat-099,creative,deletion,0.3,0.73607934,0.5737281
creat-099,creative,shuffled,,0.80226076,0.7068862
creat-099,creative,normalised,,0.96300995,0.926744
creat-099,creative,unrelated,,0.68615127,0.5368477
creat-088,creative,identical,1.0,0.99999994,0.99999994
creat-088,creative,deletion,0.9,0.9661811,0.9559055
creat-088,creative,deletion,0.7,0.8768373,0.76531184
creat-088,creative,deletion,0.5,0.8135688,0.7037313
creat-088,creative,deletion,0.3,0.789462,0.60511667
creat-088,creative,shuffled,,0.8406791,0.73609245
creat-088,creative,normalised,,0.9682473,0.95358473
creat-088,creative,unrelated,,0.69699234,0.539274
creat-082,creative,identical,1.0,0.99999994,1.0
creat-082,creative,deletion,0.9,0.9607954,0.92598
creat-082,creative,deletion,0.7,0.898516,0.7724419
creat-082,creative,deletion,0.5,0.8354971,0.66291225
creat-082,creative,deletion,0.3,0.76861346,0.5978047
creat-082,creative,shuffled,,0.8113298,0.6759332
creat-082,creative,normalised,,0.9675272,0.9365873
creat-082,creative,unrelated,,0.6954476,0.5109299
creat-108,creative,identical,1.0,1.0,1.0
creat-108,creative,deletion,0.9,0.9694814,0.96011287
creat-108,creative,deletion,0.7,0.91155803,0.85998553
creat-108,creative,deletion,0.5,0.85043836,0.6860995
creat-108,creative,deletion,0.3,0.76381236,0.5703462
creat-108,creative,shuffled,,0.8062825,0.6819372
creat-108,creative,normalised,,0.9614193,0.95545375
creat-108,creative,unrelated,,0.6471373,0.4663595
creat-065,creative,identical,1.0,1.0000001,0.99999994
creat-065,creative,deletion,0.9,0.97037315,0.8830546
creat-065,creative,deletion,0.7,0.91874933,0.8667764
creat-065,creative,deletion,0.5,0.8062799,0.6602329
creat-065,creative,deletion,0.3,0.78528476,0.6218921
creat-065,creative,shuffled,,0.84109724,0.7075184
creat-065,creative,normalised,,0.93976593,0.9228962
creat-065,creative,unrelated,,0.6322381,0.50828433
creat-063,creative,identical,1.0,1.0000001,1.0
creat-063,creative,deletion,0.9,0.96044064,0.9279276
creat-063,creative,deletion,0.7,0.89554757,0.86437315
creat-063,creative,deletion,0.5,0.7963423,0.70439506
creat-063,creative,deletion,0.3,0.80872136,0.5868141
creat-063,creative,shuffled,,0.7956963,0.6681185
creat-063,creative,normalised,,0.94974065,0.92843527
creat-063,creative,unrelated,,0.7021497,0.5456383
creat-033,creative,identical,1.0,1.0,0.99999994
creat-033,creative,deletion,0.9,0.9535611,0.9253738
creat-033,creative,deletion,0.7,0.9016446,0.7860303
creat-033,creative,deletion,0.5,0.8577487,0.6684209
creat-033,creative,deletion,0.3,0.81261826,0.6418462
creat-033,creative,shuffled,,0.89177656,0.7732312
creat-033,creative,normalised,,0.9568848,0.9178958
creat-033,creative,unrelated,,0.6891625,0.531567
creat-007,creative,identical,1.0,1.0,0.99999994
creat-007,creative,deletion,0.9,0.9753362,0.9601608
creat-007,creative,deletion,0.7,0.8898259,0.8219551
creat-007,creative,deletion,0.5,0.8301798,0.7403321
creat-007,creative,deletion,0.3,0.8188813,0.6665828
creat-007,creative,shuffled,,0.82626826,0.70138705
creat-007,creative,normalised,,0.9610038,0.9423408
creat-007,creative,unrelated,,0.69845223,0.49277017
creat-012,creative,identical,1.0,1.0,1.0000002
creat-012,creative,deletion,0.9,0.9280334,0.9106516
creat-012,creative,deletion,0.7,0.896178,0.82642996
creat-012,creative,deletion,0.5,0.789638,0.6248443
creat-012,creative,deletion,0.3,0.7425066,0.5500315
creat-012,creative,shuffled,,0.7959142,0.68794584
creat-012,creative,normalised,,0.93402284,0.92857957
creat-012,creative,unrelated,,0.6664189,0.5041275
creat-094,creative,identical,1.0,1.0,1.0
creat-094,creative,deletion,0.9,0.94376063,0.9026999
creat-094,creative,deletion,0.7,0.8738816,0.803173
creat-094,creative,deletion,0.5,0.8126452,0.7029464
creat-094,creative,deletion,0.3,0.72489226,0.6135738
creat-094,creative,shuffled,,0.7964092,0.65515274
creat-094,creative,normalised,,0.9700328,0.9552138
creat-094,creative,unrelated,,0.69347787,0.5300318
creat-055,creative,identical,1.0,0.9999999,0.9999999
creat-055,creative,deletion,0.9,0.9640804,0.9394827
creat-055,creative,deletion,0.7,0.8686601,0.78495663
creat-055,creative,deletion,0.5,0.856313,0.636673
creat-055,creative,deletion,0.3,0.75309926,0.6069883
creat-055,creative,shuffled,,0.82325,0.6974705
creat-055,creative,normalised,,0.96746814,0.92707276
creat-055,creative,unrelated,,0.68376744,0.5151303
creat-036,creative,identical,1.0,1.0000001,0.9999999
creat-036,creative,deletion,0.9,0.9748416,0.9670959
creat-036,creative,deletion,0.7,0.9045801,0.7976457
creat-036,creative,deletion,0.5,0.8031342,0.6425112
creat-036,creative,deletion,0.3,0.77941746,0.6006029
creat-036,creative,shuffled,,0.8333215,0.64911115
creat-036,creative,normalised,,0.92649704,0.9409012
creat-036,creative,unrelated,,0.6919951,0.5213641
creat-006,creative,identical,1.0,0.9999999,0.9999999
creat-006,creative,deletion,0.9,0.96495336,0.95484906
creat-006,creative,deletion,0.7,0.8726328,0.778661
creat-006,creative,deletion,0.5,0.8172573,0.68279815
creat-006,creative,deletion,0.3,0.74206746,0.5172483
creat-006,creative,shuffled,,0.8074392,0.68251985
creat-006,creative,normalised,,0.9081211,0.93874824
creat-006,creative,unrelated,,0.6211027,0.40627706
creat-001,creative,identical,1.0,1.0,0.99999994
creat-001,creative,deletion,0.9,0.95885307,0.9349348
creat-001,creative,deletion,0.7,0.8892487,0.80676115
creat-001,creative,deletion,0.5,0.8572897,0.7045371
creat-001,creative,deletion,0.3,0.76073986,0.522715
creat-001,creative,shuffled,,0.80868584,0.63961834
creat-001,creative,normalised,,0.95743144,0.9386371
creat-001,creative,unrelated,,0.7192953,0.5663994
creat-043,creative,identical,1.0,0.99999994,1.0
creat-043,creative,deletion,0.9,0.9714738,0.9388609
creat-043,creative,deletion,0.7,0.898006,0.8131085
creat-043,creative,deletion,0.5,0.8312271,0.7734361
creat-043,creative,deletion,0.3,0.7845678,0.6700988
creat-043,creative,shuffled,,0.82641613,0.71871275
creat-043,creative,normalised,,0.9574662,0.93874973
creat-043,creative,unrelated,,0.6548098,0.4731657
creat-017,creative,identical,1.0,1.0000001,0.99999994
creat-017,creative,deletion,0.9,0.98257095,0.94974077
creat-017,creative,deletion,0.7,0.9173223,0.8458863
creat-017,creative,deletion,0.5,0.7927494,0.65408516
creat-017,creative,deletion,0.3,0.7887529,0.6103628
creat-017,creative,shuffled,,0.80440086,0.68207586
creat-017,creative,normalised,,0.96081334,0.9014311
creat-017,creative,unrelated,,0.67671186,0.5264908
creat-093,creative,identical,1.0,0.9999998,0.9999998
creat-093,creative,deletion,0.9,0.9894789,0.95603997
creat-093,creative,deletion,0.7,0.86531734,0.7635702
creat-093,creative,deletion,0.5,0.8332255,0.7147358
creat-093,creative,deletion,0.3,0.7662049,0.6642233
creat-093,creative,shuffled,,0.81963634,0.74247646
creat-093,creative,normalised,,0.9457482,0.9202523
creat-093,creative,unrelated,,0.6573078,0.5121632
creat-021,creative,identical,1.0,0.9999998,1.0000002
creat-021,creative,deletion,0.9,0.94038254,0.84473366
creat-021,creative,deletion,0.7,0.86322594,0.7886776
creat-021,creative,deletion,0.5,0.837018,0.7237442
creat-021,creative,deletion,0.3,0.762409,0.5836593
creat-021,creative,shuffled,,0.80416304,0.7099874
creat-021,creative,normalised,,0.958125,0.92986065
creat-021,creative,unrelated,,0.62676686,0.46658388
creat-125,creative,identical,1.0,0.99999994,1.0
creat-125,creative,deletion,0.9,0.94785464,0.91819364
creat-125,creative,deletion,0.7,0.9063658,0.8373455
creat-125,creative,deletion,0.5,0.81507266,0.70408136
creat-125,creative,deletion,0.3,0.75448257,0.5983531
creat-125,creative,shuffled,,0.78864723,0.66146505
creat-125,creative,normalised,,0.9622721,0.94672716
creat-125,creative,unrelated,,0.667244,0.5180806
creat-119,creative,identical,1.0,0.9999998,1.0
creat-119,creative,deletion,0.9,0.9654994,0.9521933
creat-119,creative,deletion,0.7,0.84360737,0.78470314
creat-119,creative,deletion,0.5,0.81546044,0.68290704
creat-119,creative,deletion,0.3,0.77197564,0.6386291
creat-119,creative,shuffled,,0.780743,0.66551375
creat-119,creative,normalised,,0.94461393,0.9241343
creat-119,creative,unrelated,,0.6704663,0.48505092
creat-115,creative,identical,1.0,1.0000001,1.0
creat-115,creative,deletion,0.9,0.96308935,0.96839887
creat-115,creative,deletion,0.7,0.8918591,0.7751678
creat-115,creative,deletion,0.5,0.8045168,0.690529
creat-115,creative,deletion,0.3,0.7495846,0.6152025
creat-115,creative,shuffled,,0.761471,0.6260968
creat-115,creative,normalised,,0.9286832,0.90492505
creat-115,creative,unrelated,,0.67816067,0.5209914
creat-072,creative,identical,1.0,1.0,0.99999994
creat-072,creative,deletion,0.9,0.98150307,0.979283
creat-072,creative,deletion,0.7,0.91666085,0.78083706
creat-072,creative,deletion,0.5,0.7978307,0.67255217
creat-072,creative,deletion,0.3,0.7789663,0.5698033
creat-072,creative,shuffled,,0.84235346,0.755734
creat-072,creative,normalised,,0.96002686,0.91273385
creat-072,creative,unrelated,,0.63219744,0.49822372
creat-116,creative,identical,1.0,1.0000001,0.9999999
creat-116,creative,deletion,0.9,0.95761573,0.93291533
creat-116,creative,deletion,0.7,0.9120909,0.82036865
creat-116,creative,deletion,0.5,0.8168266,0.7487469
creat-116,creative,deletion,0.3,0.7411801,0.54618996
creat-116,creative,shuffled,,0.7879972,0.67922235
creat-116,creative,normalised,,0.9516263,0.9432045
creat-116,creative,unrelated,,0.65096825,0.5079342
creat-124,creative,identical,1.0,1.0,1.0
creat-124,creative,deletion,0.9,0.96119016,0.9178958
creat-124,creative,deletion,0.7,0.87484187,0.8035025
creat-124,creative,deletion,0.5,0.79394776,0.65517694
creat-124,creative,deletion,0.3,0.77491254,0.634946
creat-124,creative,shuffled,,0.7829373,0.5883918
creat-124,creative,normalised,,0.9691064,0.95064133
creat-124,creative,unrelated,,0.6792196,0.47403303
creat-010,creative,identical,1.0,1.0,0.99999994
creat-010,creative,deletion,0.9,0.96365213,0.9257263
creat-010,creative,deletion,0.7,0.8651195,0.78104544
creat-010,creative,deletion,0.5,0.8303364,0.71041423
creat-010,creative,deletion,0.3,0.7688234,0.6339121
creat-010,creative,shuffled,,0.8045022,0.75169796
creat-010,creative,normalised,,0.9680092,0.92861426
creat-010,creative,unrelated,,0.68625456,0.5263676
creat-103,creative,identical,1.0,0.9999999,0.9999999
creat-103,creative,deletion,0.9,0.95796466,0.92972875
creat-103,creative,deletion,0.7,0.89497805,0.80862343
creat-103,creative,deletion,0.5,0.849616,0.7039147
creat-103,creative,deletion,0.3,0.7693188,0.5478639
creat-103,creative,shuffled,,0.82028484,0.67674786
creat-103,creative,normalised,,0.9696146,0.921109
creat-103,creative,unrelated,,0.6605217,0.4377605
creat-123,creative,identical,1.0,1.0000001,0.99999994
creat-123,creative,deletion,0.9,0.9281152,0.9200725
creat-123,creative,deletion,0.7,0.86275136,0.7852309
creat-123,creative,deletion,0.5,0.8304284,0.6904667
creat-123,creative,deletion,0.3,0.76462275,0.56086814
creat-123,creative,shuffled,,0.82248515,0.6861975
creat-123,creative,normalised,,0.93611676,0.9054289
creat-123,creative,unrelated,,0.6475676,0.479733
creat-005,creative,identical,1.0,1.0,0.99999994
creat-005,creative,deletion,0.9,0.94536954,0.9128933
creat-005,creative,deletion,0.7,0.8668804,0.8065261
creat-005,creative,deletion,0.5,0.81437683,0.63419163
creat-005,creative,deletion,0.3,0.760475,0.57459086
creat-005,creative,shuffled,,0.80791646,0.67897654
creat-005,creative,normalised,,0.943929,0.89239365
creat-005,creative,unrelated,,0.69122416,0.48990422
creat-048,creative,identical,1.0,1.0000001,0.9999999
creat-048,creative,deletion,0.9,0.97550654,0.9620792
creat-048,creative,deletion,0.7,0.8863559,0.8370344
creat-048,creative,deletion,0.5,0.8330649,0.7071051
creat-048,creative,deletion,0.3,0.7451845,0.5437526
creat-048,creative,shuffled,,0.8202716,0.68625236
creat-048,creative,normalised,,0.96169585,0.9384504
creat-048,creative,unrelated,,0.63066983,0.45231462
creat-019,creative,identical,1.0,0.99999994,1.0
creat-019,creative,deletion,0.9,0.95426494,0.95652205
creat-019,creative,deletion,0.7,0.90191364,0.79809546
creat-019,creative,deletion,0.5,0.7627904,0.6269345
creat-019,creative,deletion,0.3,0.7821418,0.62051195
creat-019,creative,shuffled,,0.81967574,0.69889855
creat-019,creative,normalised,,0.96356773,0.905873
creat-019,creative,unrelated,,0.6679722,0.49412927
creat-056,creative,identical,1.0,0.99999994,1.0
creat-056,creative,deletion,0.9,0.98504686,0.97504854
creat-056,creative,deletion,0.7,0.8924176,0.8606322
creat-056,creative,deletion,0.5,0.8335461,0.72584116
creat-056,creative,deletion,0.3,0.7742097,0.6459866
creat-056,creative,shuffled,,0.8116368,0.7273843
creat-056,creative,normalised,,0.955866,0.9141721
creat-056,creative,unrelated,,0.62693727,0.48641667
creat-081,creative,identical,1.0,0.99999994,1.0000002
creat-081,creative,deletion,0.9,0.9669369,0.9626597
creat-081,creative,deletion,0.7,0.86548746,0.76294845
creat-081,creative,deletion,0.5,0.8111861,0.69900995
creat-081,creative,deletion,0.3,0.79071754,0.6391141
creat-081,creative,shuffled,,0.81778204,0.7203394
creat-081,creative,normalised,,0.9315739,0.9253528
creat-081,creative,unrelated,,0.64620465,0.41770196
creat-118,creative,identical,1.0,1.0,0.9999999
creat-118,creative,deletion,0.9,0.9802314,0.9562006
creat-118,creative,deletion,0.7,0.9213548,0.81150115
creat-118,creative,deletion,0.5,0.8288505,0.65943956
creat-118,creative,deletion,0.3,0.79803,0.6147193
creat-118,creative,shuffled,,0.81394744,0.6722121
creat-118,creative,normalised,,0.9306291,0.91857153
creat-118,creative,unrelated,,0.6631554,0.4829044
creat-077,creative,identical,1.0,0.9999999,1.0000001
creat-077,creative,deletion,0.9,0.96227,0.9198877
creat-077,creative,deletion,0.7,0.8751717,0.81196684
creat-077,creative,deletion,0.5,0.85947454,0.6933362
creat-077,creative,deletion,0.3,0.77201533,0.54452306
creat-077,creative,shuffled,,0.8139383,0.62704057
creat-077,creative,normalised,,0.95791376,0.94053894
creat-077,creative,unrelated,,0.6934604,0.53241384
creat-024,creative,identical,1.0,0.99999994,1.0000001
creat-024,creative,deletion,0.9,0.97899216,0.9529926
creat-024,creative,deletion,0.7,0.8791833,0.8085232
creat-024,creative,deletion,0.5,0.84509873,0.72798437
creat-024,creative,deletion,0.3,0.73618335,0.5822189
creat-024,creative,shuffled,,0.81824785,0.69614214
creat-024,creative,normalised,,0.9488815,0.921273
creat-024,creative,unrelated,,0.6830802,0.4923428
creat-058,creative,identical,1.0,0.9999999,0.99999994
creat-058,creative,deletion,0.9,0.9733323,0.93829894
creat-058,creative,deletion,0.7,0.8834324,0.8032324
creat-058,creative,deletion,0.5,0.8365393,0.6587602
creat-058,creative,deletion,0.3,0.7686527,0.6122837
creat-058,creative,shuffled,,0.82339585,0.722307
creat-058,creative,normalised,,0.9602744,0.92668754
creat-058,creative,unrelated,,0.62814635,0.47624257
creat-060,creative,identical,1.0,0.99999994,1.0000001
creat-060,creative,deletion,0.9,0.956333,0.91697264
creat-060,creative,deletion,0.7,0.89521855,0.87460315
creat-060,creative,deletion,0.5,0.8129571,0.7473316
creat-060,creative,deletion,0.3,0.7735383,0.6009574
creat-060,creative,shuffled,,0.7836567,0.72365385
creat-060,creative,normalised,,0.9619864,0.943236
creat-060,creative,unrelated,,0.63657093,0.48606557
creat-051,creative,identical,1.0,0.99999994,1.0
creat-051,creative,deletion,0.9,0.9613299,0.9087438
creat-051,creative,deletion,0.7,0.88018817,0.79062915
creat-051,creative,deletion,0.5,0.84418803,0.7443311
creat-051,creative,deletion,0.3,0.79440814,0.67290604
creat-051,creative,shuffled,,0.83444935,0.71844494
creat-051,creative,normalised,,0.9641881,0.91175103
creat-051,creative,unrelated,,0.6273261,0.49695376
creat-066,creative,identical,1.0,1.0,1.0000001
creat-066,creative,deletion,0.9,0.97368085,0.9226843
creat-066,creative,deletion,0.7,0.8626661,0.7787878
creat-066,creative,deletion,0.5,0.8611365,0.738425
creat-066,creative,deletion,0.3,0.7871051,0.61774445
creat-066,creative,shuffled,,0.8150252,0.7266906
creat-066,creative,normalised,,0.9620906,0.92956233
creat-066,creative,unrelated,,0.69326496,0.57609135
creat-003,creative,identical,1.0,0.99999994,0.99999994
creat-003,creative,deletion,0.9,0.95137274,0.91544163
creat-003,creative,deletion,0.7,0.8783213,0.79522544
creat-003,creative,deletion,0.5,0.8039489,0.68175006
creat-003,creative,deletion,0.3,0.7789548,0.64831626
creat-003,creative,shuffled,,0.79744864,0.6932943
creat-003,creative,normalised,,0.94987035,0.9364828
creat-003,creative,unrelated,,0.64457697,0.48097584
creat-023,creative,identical,1.0,0.99999994,1.0
creat-023,creative,deletion,0.9,0.9894913,0.9777817
creat-023,creative,deletion,0.7,0.8997398,0.79062384
creat-023,creative,deletion,0.5,0.8915668,0.7893002
creat-023,creative,deletion,0.3,0.7672721,0.59805024
creat-023,creative,shuffled,,0.8491159,0.7292581
creat-023,creative,normalised,,0.9188321,0.91443443
creat-023,creative,unrelated,,0.6283201,0.46829858
creat-106,creative,identical,1.0,1.0,1.0000001
creat-106,creative,deletion,0.9,0.96334684,0.9691839
creat-106,creative,deletion,0.7,0.8903841,0.8434096
creat-106,creative,deletion,0.5,0.8044087,0.674634
creat-106,creative,deletion,0.3,0.7805397,0.63279355
creat-106,creative,shuffled,,0.7980775,0.6720298
creat-106,creative,normalised,,0.95409644,0.9206535
creat-106,creative,unrelated,,0.6799012,0.545038
creat-097,creative,identical,1.0,0.99999994,0.9999998
creat-097,creative,deletion,0.9,0.9597348,0.92029256
creat-097,creative,deletion,0.7,0.893919,0.7636437
creat-097,creative,deletion,0.5,0.85365885,0.71669436
creat-097,creative,deletion,0.3,0.8401417,0.67324495
creat-097,creative,shuffled,,0.82442605,0.70991063
creat-097,creative,normalised,,0.97698617,0.94382674
creat-097,creative,unrelated,,0.6531861,0.46043444
creat-016,creative,identical,1.0,0.99999994,1.0
creat-016,creative,deletion,0.9,0.9488901,0.89879376
creat-016,creative,deletion,0.7,0.8883845,0.77781874
creat-016,creative,deletion,0.5,0.8121426,0.6384492
creat-016,creative,deletion,0.3,0.78104126,0.61648744
creat-016,creative,shuffled,,0.8133988,0.6610987
creat-016,creative,normalised,,0.9530752,0.9166219
creat-016,creative,unrelated,,0.66595507,0.4800281
creat-087,creative,identical,1.0,1.0000001,1.0
creat-087,creative,deletion,0.9,0.96806073,0.9155675
creat-087,creative,deletion,0.7,0.9128588,0.83124214
creat-087,creative,deletion,0.5,0.808415,0.65748686
creat-087,creative,deletion,0.3,0.79168475,0.6181079
creat-087,creative,shuffled,,0.79879725,0.6976142
creat-087,creative,normalised,,0.9614158,0.9227797
creat-087,creative,unrelated,,0.6914288,0.50857764
creat-089,creative,identical,1.0,1.0,1.0
creat-089,creative,deletion,0.9,0.9789673,0.95057803
creat-089,creative,deletion,0.7,0.8905849,0.78378886
creat-089,creative,deletion,0.5,0.8319314,0.6424206
creat-089,creative,deletion,0.3,0.79402274,0.6269527
creat-089,creative,shuffled,,0.8254087,0.6891403
creat-089,creative,normalised,,0.920643,0.9528281
creat-089,creative,unrelated,,0.65970796,0.45922622
creat-061,creative,identical,1.0,1.0,1.0000001
creat-061,creative,deletion,0.9,0.96925545,0.94871044
creat-061,creative,deletion,0.7,0.9061772,0.7933519
creat-061,creative,deletion,0.5,0.85121,0.73629075
creat-061,creative,deletion,0.3,0.7512819,0.63955206
creat-061,creative,shuffled,,0.80670285,0.69657403
creat-061,creative,normalised,,0.96218467,0.89304936
creat-061,creative,unrelated,,0.6855418,0.5490585
creat-111,creative,identical,1.0,0.99999994,1.0
creat-111,creative,deletion,0.9,0.92798805,0.8990758
creat-111,creative,deletion,0.7,0.8860041,0.7970765
creat-111,creative,deletion,0.5,0.8417439,0.71124804
creat-111,creative,deletion,0.3,0.7558491,0.5850245
creat-111,creative,shuffled,,0.7894079,0.6717854
creat-111,creative,normalised,,0.95102024,0.93824106
creat-111,creative,unrelated,,0.65007627,0.46465927
creat-114,creative,identical,1.0,1.0,1.0
creat-114,creative,deletion,0.9,0.96007276,0.94371086
creat-114,creative,deletion,0.7,0.8658044,0.7254217
creat-114,creative,deletion,0.5,0.835845,0.73260593
creat-114,creative,deletion,0.3,0.74676114,0.68027925
creat-114,creative,shuffled,,0.81391376,0.7191026
creat-114,creative,normalised,,0.9496448,0.92560905
creat-114,creative,unrelated,,0.6635138,0.51009774
creat-040,creative,identical,1.0,1.0,0.99999976
creat-040,creative,deletion,0.9,0.9596693,0.9304224
creat-040,creative,deletion,0.7,0.90505594,0.7899523
creat-040,creative,deletion,0.5,0.80024177,0.64718086
creat-040,creative,deletion,0.3,0.753163,0.4362838
creat-040,creative,shuffled,,0.80392903,0.6381308
creat-040,creative,normalised,,0.93092096,0.93930733
creat-040,creative,unrelated,,0.6360775,0.4209509
creat-075,creative,identical,1.0,1.0000001,1.0000001
creat-075,creative,deletion,0.9,0.9467506,0.88627124
creat-075,creative,deletion,0.7,0.8921326,0.7333701
creat-075,creative,deletion,0.5,0.8600911,0.7239508
creat-075,creative,deletion,0.3,0.7686793,0.52683926
creat-075,creative,shuffled,,0.81138057,0.68042004
creat-075,creative,normalised,,0.9661643,0.92590684
creat-075,creative,unrelated,,0.69167775,0.5181656
creat-053,creative,identical,1.0,0.9999998,0.9999999
creat-053,creative,deletion,0.9,0.9809838,0.9331385
creat-053,creative,deletion,0.7,0.847751,0.75110245
creat-053,creative,deletion,0.5,0.79377496,0.6716244
creat-053,creative,deletion,0.3,0.7557229,0.60231656
creat-053,creative,shuffled,,0.80651367,0.7146712
creat-053,creative,normalised,,0.9710441,0.88263184
creat-053,creative,unrelated,,0.6310934,0.48394528
creat-011,creative,identical,1.0,0.9999999,1.0
creat-011,creative,deletion,0.9,0.94278693,0.9411086
creat-011,creative,deletion,0.7,0.88282055,0.8120884
creat-011,creative,deletion,0.5,0.81955814,0.71770865
creat-011,creative,deletion,0.3,0.7426019,0.63308597
creat-011,creative,shuffled,,0.7859597,0.6711489
creat-011,creative,normalised,,0.96194124,0.8852726
creat-011,creative,unrelated,,0.62056154,0.41667005
creat-095,creative,identical,1.0,1.0,1.0
creat-095,creative,deletion,0.9,0.9626352,0.91976035
creat-095,creative,deletion,0.7,0.90601045,0.7924224
creat-095,creative,deletion,0.5,0.8569818,0.7482758
creat-095,creative,deletion,0.3,0.73733056,0.5803141
creat-095,creative,shuffled,,0.7949,0.6771354
creat-095,creative,normalised,,0.97326356,0.9345523
creat-095,creative,unrelated,,0.6550834,0.5255076
creat-117,creative,identical,1.0,1.0,0.99999994
creat-117,creative,deletion,0.9,0.9616998,0.94274294
creat-117,creative,deletion,0.7,0.8936969,0.8166413
creat-117,creative,deletion,0.5,0.8356504,0.70697916
creat-117,creative,deletion,0.3,0.7564566,0.56933826
creat-117,creative,shuffled,,0.81167066,0.6938818
creat-117,creative,normalised,,0.9645714,0.96018714
creat-117,creative,unrelated,,0.6374777,0.49581802
creat-074,creative,identical,1.0,0.99999994,0.9999999
creat-074,creative,deletion,0.9,0.91545606,0.931593
creat-074,creative,deletion,0.7,0.8955531,0.8217478
creat-074,creative,deletion,0.5,0.84118915,0.67366785
creat-074,creative,deletion,0.3,0.745882,0.5778146
creat-074,creative,shuffled,,0.75734705,0.62250215
creat-074,creative,normalised,,0.9562951,0.9279524
creat-074,creative,unrelated,,0.6750293,0.53014183
creat-052,creative,identical,1.0,1.0,1.0000001
creat-052,creative,deletion,0.9,0.9701446,0.9574327
creat-052,creative,deletion,0.7,0.89287525,0.8286296
creat-052,creative,deletion,0.5,0.8527723,0.72679704
creat-052,creative,deletion,0.3,0.75352407,0.6270104
creat-052,creative,shuffled,,0.8550137,0.70766526
creat-052,creative,normalised,,0.9572177,0.9261297
creat-052,creative,unrelated,,0.6315146,0.4989553
creat-022,creative,identical,1.0,0.9999999,1.0000001
creat-022,creative,deletion,0.9,0.9765944,0.9714
creat-022,creative,deletion,0.7,0.9296283,0.84667844
creat-022,creative,deletion,0.5,0.82839704,0.68984336
creat-022,creative,deletion,0.3,0.7707688,0.5659832
creat-022,creative,shuffled,,0.8148363,0.6992816
creat-022,creative,normalised,,0.94064987,0.94052225
creat-022,creative,unrelated,,0.6499296,0.4311019
creat-042,creative,identical,1.0,0.9999999,1.0000001
creat-042,creative,deletion,0.9,0.96261114,0.9446921
creat-042,creative,deletion,0.7,0.89097863,0.8464103
creat-042,creative,deletion,0.5,0.7999156,0.6199501
creat-042,creative,deletion,0.3,0.7283962,0.5894632
creat-042,creative,shuffled,,0.80666834,0.70215553
creat-042,creative,normalised,,0.94078475,0.9216719
creat-042,creative,unrelated,,0.6331418,0.45531204
creat-045,creative,identical,1.0,0.99999994,0.9999999
creat-045,creative,deletion,0.9,0.9658251,0.93287563
creat-045,creative,deletion,0.7,0.89578307,0.80873364
creat-045,creative,deletion,0.5,0.880522,0.77451396
creat-045,creative,deletion,0.3,0.76473916,0.6144477
creat-045,creative,shuffled,,0.83269626,0.71799016
creat-045,creative,normalised,,0.9701029,0.9572759
creat-045,creative,unrelated,,0.6742502,0.47297418
creat-109,creative,identical,1.0,1.0,0.9999999
creat-109,creative,deletion,0.9,0.97336817,0.9599418
creat-109,creative,deletion,0.7,0.90921617,0.83678734
creat-109,creative,deletion,0.5,0.807644,0.6512079
creat-109,creative,deletion,0.3,0.72990394,0.49248457
creat-109,creative,shuffled,,0.7941086,0.6588063
creat-109,creative,normalised,,0.9612961,0.9353414
creat-109,creative,unrelated,,0.66873765,0.45009172
creat-054,creative,identical,1.0,0.99999994,0.99999994
creat-054,creative,deletion,0.9,0.9323759,0.91798127
creat-054,creative,deletion,0.7,0.911103,0.8548552
creat-054,creative,deletion,0.5,0.8585695,0.7467133
creat-054,creative,deletion,0.3,0.801119,0.62101686
creat-054,creative,shuffled,,0.8347949,0.7333842
creat-054,creative,normalised,,0.9565431,0.9168556
creat-054,creative,unrelated,,0.6411523,0.46975216
creat-059,creative,identical,1.0,0.9999999,1.0
creat-059,creative,deletion,0.9,0.9664113,0.91514665
creat-059,creative,deletion,0.7,0.878577,0.7318846
creat-059,creative,deletion,0.5,0.84935457,0.73578256
creat-059,creative,deletion,0.3,0.76270235,0.5382527
creat-059,creative,shuffled,,0.8254323,0.64380217
creat-059,creative,normalised,,0.95693237,0.9373976
creat-059,creative,unrelated,,0.6547574,0.50083417
creat-025,creative,identical,1.0,1.0,1.0
creat-025,creative,deletion,0.9,0.98986596,0.9676318
creat-025,creative,deletion,0.7,0.8795202,0.7776339
creat-025,creative,deletion,0.5,0.7614284,0.6058149
creat-025,creative,deletion,0.3,0.71646184,0.48419178
creat-025,creative,shuffled,,0.808703,0.6729417
creat-025,creative,normalised,,0.9530404,0.91868836
creat-025,creative,unrelated,,0.6376564,0.49437493
creat-100,creative,identical,1.0,0.99999994,0.9999999
creat-100,creative,deletion,0.9,0.9753989,0.95479137
creat-100,creative,deletion,0.7,0.88629425,0.7908668
creat-100,creative,deletion,0.5,0.8578851,0.7676095
creat-100,creative,deletion,0.3,0.7589693,0.6043171
creat-100,creative,shuffled,,0.8271883,0.75034803
creat-100,creative,normalised,,0.9761859,0.9502961
creat-100,creative,unrelated,,0.6460726,0.4166837
creat-028,creative,identical,1.0,1.0000001,1.0
creat-028,creative,deletion,0.9,0.99204373,0.9818031
creat-028,creative,deletion,0.7,0.8907943,0.78657615
creat-028,creative,deletion,0.5,0.8729892,0.7624962
creat-028,creative,deletion,0.3,0.7623275,0.6125229
creat-028,creative,shuffled,,0.8048385,0.6598423
creat-028,creative,normalised,,0.9518294,0.92153174
creat-028,creative,unrelated,,0.68507946,0.5094621
creat-101,creative,identical,1.0,0.99999994,0.99999994
creat-101,creative,deletion,0.9,0.9740234,0.94524246
creat-101,creative,deletion,0.7,0.87308073,0.81643397
creat-101,creative,deletion,0.5,0.79561675,0.70252764
creat-101,creative,deletion,0.3,0.7689393,0.6306263
creat-101,creative,shuffled,,0.80411744,0.6893959
creat-101,creative,normalised,,0.9590791,0.92879
creat-101,creative,unrelated,,0.6439883,0.49047613
creat-008,creative,identical,1.0,1.0,1.0000001
creat-008,creative,deletion,0.9,0.95306474,0.89759
creat-008,creative,deletion,0.7,0.9062515,0.8041036
creat-008,creative,deletion,0.5,0.79723203,0.60205925
creat-008,creative,deletion,0.3,0.73330086,0.52783525
creat-008,creative,shuffled,,0.8043534,0.6663957
creat-008,creative,normalised,,0.9608191,0.95269984
creat-008,creative,unrelated,,0.65378976,0.47655568
creat-080,creative,identical,1.0,1.0,1.0000001
creat-080,creative,deletion,0.9,0.97663283,0.9415806
creat-080,creative,deletion,0.7,0.90666085,0.81331366
creat-080,creative,deletion,0.5,0.84793705,0.6732339
creat-080,creative,deletion,0.3,0.6765837,0.42054147
creat-080,creative,shuffled,,0.8078944,0.6858726
creat-080,creative,normalised,,0.96814114,0.9493655
creat-080,creative,unrelated,,0.6645051,0.4834155
creat-038,creative,identical,1.0,0.99999994,0.99999994
creat-038,creative,deletion,0.9,0.94750017,0.9227638
creat-038,creative,deletion,0.7,0.9007869,0.8165896
creat-038,creative,deletion,0.5,0.7864834,0.6867351
creat-038,creative,deletion,0.3,0.7469243,0.609276
creat-038,creative,shuffled,,0.7999629,0.7139206
creat-038,creative,normalised,,0.9601614,0.9351301
creat-038,creative,unrelated,,0.6614194,0.48108283
creat-073,creative,identical,1.0,0.99999994,0.9999998
creat-073,creative,deletion,0.9,0.9615985,0.9631346
creat-073,creative,deletion,0.7,0.8673868,0.7943216
creat-073,creative,deletion,0.5,0.7755158,0.64880574
creat-073,creative,deletion,0.3,0.78498614,0.6363497
creat-073,creative,shuffled,,0.8339135,0.6968652
creat-073,creative,normalised,,0.9682233,0.94131845
creat-073,creative,unrelated,,0.6531849,0.49674672
creat-047,creative,identical,1.0,1.0,0.99999994
creat-047,creative,deletion,0.9,0.98094046,0.97115004
creat-047,creative,deletion,0.7,0.8624387,0.8052521
creat-047,creative,deletion,0.5,0.8343562,0.67500335
creat-047,creative,deletion,0.3,0.74315655,0.5649576
creat-047,creative,shuffled,,0.83388895,0.6922991
creat-047,creative,normalised,,0.96829635,0.9430025
creat-047,creative,unrelated,,0.6662382,0.49505118
creat-046,creative,identical,1.0,0.99999994,1.0
creat-046,creative,deletion,0.9,0.938488,0.8754889
creat-046,creative,deletion,0.7,0.87661093,0.76265806
creat-046,creative,deletion,0.5,0.76376545,0.6836282
creat-046,creative,deletion,0.3,0.7378645,0.57483995
creat-046,creative,shuffled,,0.7879294,0.62772083
creat-046,creative,normalised,,0.965142,0.93875957
creat-046,creative,unrelated,,0.64736575,0.47081614
creat-029,creative,identical,1.0,1.0000002,1.0
creat-029,creative,deletion,0.9,0.9915282,0.9837841
creat-029,creative,deletion,0.7,0.8929033,0.8557615
creat-029,creative,deletion,0.5,0.88550866,0.7974534
creat-029,creative,deletion,0.3,0.79971486,0.6403316
creat-029,creative,shuffled,,0.80466443,0.6592626
creat-029,creative,normalised,,0.9582,0.9187561
creat-029,creative,unrelated,,0.64126265,0.4795249
creat-050,creative,identical,1.0,0.99999994,0.99999994
creat-050,creative,deletion,0.9,0.9799009,0.96596324
creat-050,creative,deletion,0.7,0.91670555,0.8179298
creat-050,creative,deletion,0.5,0.82017297,0.6658878
creat-050,creative,deletion,0.3,0.7997151,0.5865418
creat-050,creative,shuffled,,0.8256028,0.7453992
creat-050,creative,normalised,,0.969005,0.9411245
creat-050,creative,unrelated,,0.68683946,0.48782474
creat-083,creative,identical,1.0,0.99999994,0.9999999
creat-083,creative,deletion,0.9,0.9895617,0.98458004
creat-083,creative,deletion,0.7,0.85044,0.7654921
creat-083,creative,deletion,0.5,0.81738085,0.70016724
creat-083,creative,deletion,0.3,0.77491003,0.57151175
creat-083,creative,shuffled,,0.83262384,0.719174
creat-083,creative,normalised,,0.96160364,0.9379581
creat-083,creative,unrelated,,0.64371127,0.47571772
creat-031,creative,identical,1.0,0.9999998,1.0
creat-031,creative,deletion,0.9,0.9530561,0.9120929
creat-031,creative,deletion,0.7,0.8843387,0.8171387
creat-031,creative,deletion,0.5,0.818219,0.6511235
creat-031,creative,deletion,0.3,0.7827574,0.59084123
creat-031,creative,shuffled,,0.8052653,0.65503293
creat-031,creative,normalised,,0.96182925,0.93610096
creat-031,creative,unrelated,,0.635045,0.4675728
creat-013,creative,identical,1.0,1.0,1.0
creat-013,creative,deletion,0.9,0.976096,0.94657075
creat-013,creative,deletion,0.7,0.87948203,0.7386487
creat-013,creative,deletion,0.5,0.83137786,0.6735021
creat-013,creative,deletion,0.3,0.79438543,0.631459
creat-013,creative,shuffled,,0.8219257,0.6973436
creat-013,creative,normalised,,0.9634015,0.8785097
creat-013,creative,unrelated,,0.6600315,0.5193543
creat-102,creative,identical,1.0,0.99999994,1.0000002
creat-102,creative,deletion,0.9,0.95836186,0.9260007
creat-102,creative,deletion,0.7,0.9197838,0.81581455
creat-102,creative,deletion,0.5,0.85845715,0.7066857
creat-102,creative,deletion,0.3,0.75915474,0.55260247
creat-102,creative,shuffled,,0.7962749,0.59768003
creat-102,creative,normalised,,0.9260756,0.9288062
creat-102,creative,unrelated,,0.6395304,0.4596939
creat-009,creative,identical,1.0,0.99999994,1.0
creat-009,creative,deletion,0.9,0.93592757,0.8828687
creat-009,creative,deletion,0.7,0.8894056,0.7781121
creat-009,creative,deletion,0.5,0.77264965,0.65249157
creat-009,creative,deletion,0.3,0.8117228,0.65206903
creat-009,creative,shuffled,,0.8211791,0.6967188
creat-009,creative,normalised,,0.9524155,0.94914496
creat-009,creative,unrelated,,0.70700926,0.5376708
creat-032,creative,identical,1.0,0.9999999,0.9999999
creat-032,creative,deletion,0.9,0.972305,0.922257
creat-032,creative,deletion,0.7,0.89124966,0.78405005
creat-032,creative,deletion,0.5,0.76925945,0.5416385
creat-032,creative,deletion,0.3,0.743569,0.53767544
creat-032,creative,shuffled,,0.81735456,0.66674286
creat-032,creative,normalised,,0.95033205,0.928478
creat-032,creative,unrelated,,0.6937705,0.54063666
creat-067,creative,identical,1.0,1.0,1.0000001
creat-067,creative,deletion,0.9,0.9711941,0.9510476
creat-067,creative,deletion,0.7,0.8772652,0.80102
creat-067,creative,deletion,0.5,0.865192,0.7793681
creat-067,creative,deletion,0.3,0.77409095,0.6216052
creat-067,creative,shuffled,,0.79628307,0.6719887
creat-067,creative,normalised,,0.9649587,0.91861516
creat-067,creative,unrelated,,0.6427184,0.48295215
creat-069,creative,identical,1.0,1.0000001,1.0
creat-069,creative,deletion,0.9,0.96773106,0.9694541
creat-069,creative,deletion,0.7,0.90998787,0.81677246
creat-069,creative,deletion,0.5,0.841978,0.704398
creat-069,creative,deletion,0.3,0.766747,0.53804976
creat-069,creative,shuffled,,0.809448,0.6961504
creat-069,creative,normalised,,0.9628216,0.93206626
creat-069,creative,unrelated,,0.6356832,0.45653692
creat-064,creative,identical,1.0,0.99999994,0.99999994
creat-064,creative,deletion,0.9,0.97311777,0.9673041
creat-064,creative,deletion,0.7,0.90497416,0.83242923
creat-064,creative,deletion,0.5,0.81644803,0.6847688
creat-064,creative,deletion,0.3,0.8114655,0.64003915
creat-064,creative,shuffled,,0.794376,0.68930733
creat-064,creative,normalised,,0.9594551,0.94076526
creat-064,creative,unrelated,,0.659475,0.46420255
creat-049,creative,identical,1.0,1.0,1.0
creat-049,creative,deletion,0.9,0.9558929,0.92800564
creat-049,creative,deletion,0.7,0.9011771,0.81603366
creat-049,creative,deletion,0.5,0.825044,0.68849885
creat-049,creative,deletion,0.3,0.74128586,0.58449996
creat-049,creative,shuffled,,0.81807846,0.742849
creat-049,creative,normalised,,0.9511348,0.92873544
creat-049,creative,unrelated,,0.65925837,0.5076722
creat-098,creative,identical,1.0,1.0,1.0
creat-098,creative,deletion,0.9,0.9621198,0.93475753
creat-098,creative,deletion,0.7,0.8861221,0.7532413
creat-098,creative,deletion,0.5,0.84298676,0.67635345
creat-098,creative,deletion,0.3,0.78020006,0.60082304
creat-098,creative,shuffled,,0.78314245,0.6857238
creat-098,creative,normalised,,0.97001356,0.93819237
creat-098,creative,unrelated,,0.63015395,0.4559717
creat-122,creative,identical,1.0,1.0,0.9999999
creat-122,creative,deletion,0.9,0.97107697,0.94137347
creat-122,creative,deletion,0.7,0.88847667,0.82521135
creat-122,creative,deletion,0.5,0.8420393,0.7164638
creat-122,creative,deletion,0.3,0.76977956,0.59414434
creat-122,creative,shuffled,,0.808163,0.6447339
creat-122,creative,normalised,,0.9177907,0.9162862
creat-122,creative,unrelated,,0.66667044,0.4750377
creat-090,creative,identical,1.0,0.99999994,1.0000001
creat-090,creative,deletion,0.9,0.948231,0.87479347
creat-090,creative,deletion,0.7,0.8836894,0.7601221
creat-090,creative,deletion,0.5,0.7722035,0.6671906
creat-090,creative,deletion,0.3,0.78879166,0.58972496
creat-090,creative,shuffled,,0.8153618,0.6652163
creat-090,creative,normalised,,0.95179945,0.93264335
creat-090,creative,unrelated,,0.68071705,0.4768167
creat-026,creative,identical,1.0,0.99999994,1.0
creat-026,creative,deletion,0.9,0.9663138,0.9481788
creat-026,creative,deletion,0.7,0.89452475,0.81351453
creat-026,creative,deletion,0.5,0.8613446,0.7214581
creat-026,creative,deletion,0.3,0.7997216,0.6322938
creat-026,creative,shuffled,,0.80806327,0.67858875
creat-026,creative,normalised,,0.95677674,0.940932
creat-026,creative,unrelated,,0.63174194,0.4443816
creat-120,creative,identical,1.0,1.0,0.99999994
creat-120,creative,deletion,0.9,0.9432805,0.89747214
creat-120,creative,deletion,0.7,0.87601197,0.7797915
creat-120,creative,deletion,0.5,0.7900436,0.67659616
creat-120,creative,deletion,0.3,0.76509273,0.5779894
creat-120,creative,shuffled,,0.80662155,0.71174204
creat-120,creative,normalised,,0.9495291,0.92500067
creat-120,creative,unrelated,,0.6244041,0.4416255
creat-062,creative,identical,1.0,1.0,1.0000001
creat-062,creative,deletion,0.9,0.97163475,0.9610266
creat-062,creative,deletion,0.7,0.9279329,0.8845323
creat-062,creative,deletion,0.5,0.85818875,0.7547198
creat-062,creative,deletion,0.3,0.76020133,0.58119303
creat-062,creative,shuffled,,0.7951664,0.71154
creat-062,creative,normalised,,0.9448387,0.93076015
creat-062,creative,unrelated,,0.64503896,0.5050403
creat-030,creative,identical,1.0,1.0000001,1.0000001
creat-030,creative,deletion,0.9,0.98279345,0.974007
creat-030,creative,deletion,0.7,0.9059954,0.8360841
creat-030,creative,deletion,0.5,0.8594027,0.778751
creat-030,creative,deletion,0.3,0.79942334,0.65692955
creat-030,creative,shuffled,,0.8326471,0.7219669
creat-030,creative,normalised,,0.9451805,0.9213638
creat-030,creative,unrelated,,0.67287314,0.50760037
creat-041,creative,identical,1.0,1.0000001,1.0
creat-041,creative,deletion,0.9,0.954884,0.94782037
creat-041,creative,deletion,0.7,0.94672465,0.8803456
creat-041,creative,deletion,0.5,0.8319596,0.6898454
creat-041,creative,deletion,0.3,0.7889886,0.5747833
creat-041,creative,shuffled,,0.7960414,0.6607189
creat-041,creative,normalised,,0.95467854,0.94043887
creat-041,creative,unrelated,,0.6690041,0.49888444
creat-076,creative,identical,1.0,1.0,0.99999994
creat-076,creative,deletion,0.9,0.966847,0.9268559
creat-076,creative,deletion,0.7,0.8739688,0.82094127
creat-076,creative,deletion,0.5,0.79911226,0.66694987
creat-076,creative,deletion,0.3,0.7281028,0.65804416
creat-076,creative,shuffled,,0.7874406,0.6670584
creat-076,creative,normalised,,0.9577099,0.9316074
creat-076,creative,unrelated,,0.68696606,0.55209833
creat-004,creative,identical,1.0,1.0,1.0
creat-004,creative,deletion,0.9,0.9604743,0.9331758
creat-004,creative,deletion,0.7,0.90279466,0.7902991
creat-004,creative,deletion,0.5,0.8227989,0.7111604
creat-004,creative,deletion,0.3,0.80281436,0.676122
creat-004,creative,shuffled,,0.83207464,0.69966245
creat-004,creative,normalised,,0.94616514,0.92961925
creat-004,creative,unrelated,,0.6726316,0.48336983
creat-112,creative,identical,1.0,1.0000001,0.99999994
creat-112,creative,deletion,0.9,0.965249,0.93984205
creat-112,creative,deletion,0.7,0.8783345,0.7918144
creat-112,creative,deletion,0.5,0.8223918,0.66614944
creat-112,creative,deletion,0.3,0.7669247,0.6251919
creat-112,creative,shuffled,,0.82274115,0.7057374
creat-112,creative,normalised,,0.96296847,0.9255019
creat-112,creative,unrelated,,0.6696153,0.5204947
