prompt_id,category,method,target_rate,resp_wp,ref_wp,window_exceeded,out_f1_arabert
inst-001,instruction,random_deletion,0.7,223,118,False,0.4936
inst-001,instruction,llmlingua_qwen,0.7,167,118,False,0.562
inst-001,instruction,llmlingua2,0.7,112,118,False,0.8905
inst-001,instruction,random_deletion,0.5,200,118,False,0.6417
inst-001,instruction,llmlingua_qwen,0.5,152,118,False,0.5739
inst-001,instruction,llmlingua2,0.5,109,118,False,0.6621
inst-001,instruction,random_deletion,0.3,314,118,False,0.5435
inst-001,instruction,llmlingua_qwen,0.3,329,118,False,0.5223
inst-001,instruction,llmlingua2,0.3,126,118,False,0.6665
inst-002,instruction,random_deletion,0.7,218,199,False,0.8009
inst-002,instruction,llmlingua_qwen,0.7,360,199,False,0.5885
inst-002,instruction,llmlingua2,0.7,254,199,False,0.8047
inst-002,instruction,random_deletion,0.5,481,199,False,0.6076
inst-002,instruction,llmlingua_qwen,0.5,380,199,False,0.5763
inst-002,instruction,llmlingua2,0.5,174,199,False,0.7131
inst-002,instruction,random_deletion,0.3,99,199,False,0.5718
inst-002,instruction,llmlingua_qwen,0.3,347,199,False,0.5611
inst-002,instruction,llmlingua2,0.3,195,199,False,0.6287
inst-003,instruction,random_deletion,0.7,447,282,False,0.7052
inst-003,instruction,llmlingua_qwen,0.7,331,282,False,0.8464
inst-003,instruction,llmlingua2,0.7,259,282,False,0.7728
inst-003,instruction,random_deletion,0.5,164,282,False,0.55
inst-003,instruction,llmlingua_qwen,0.5,331,282,False,0.8464
inst-003,instruction,llmlingua2,0.5,173,282,False,0.5947
inst-003,instruction,random_deletion,0.3,179,282,False,0.5809
inst-003,instruction,llmlingua_qwen,0.3,331,282,False,0.8464
inst-003,instruction,llmlingua2,0.3,230,282,False,0.6259
inst-004,instruction,random_deletion,0.7,190,99,False,0.4953
inst-004,instruction,llmlingua_qwen,0.7,99,99,False,1.0
inst-004,instruction,llmlingua2,0.7,102,99,False,0.6217
inst-004,instruction,random_deletion,0.5,143,99,False,0.5284
inst-004,instruction,llmlingua_qwen,0.5,99,99,False,1.0
inst-004,instruction,llmlingua2,0.5,110,99,False,0.5969
inst-004,instruction,random_deletion,0.3,146,99,False,0.5428
inst-004,instruction,llmlingua_qwen,0.3,96,99,False,0.6888
inst-004,instruction,llmlingua2,0.3,116,99,False,0.6586
inst-005,instruction,random_deletion,0.7,223,255,False,0.6774
inst-005,instruction,llmlingua_qwen,0.7,227,255,False,0.853
inst-005,instruction,llmlingua2,0.7,257,255,False,0.7425
inst-005,instruction,random_deletion,0.5,354,255,False,0.6065
inst-005,instruction,llmlingua_qwen,0.5,227,255,False,0.853
inst-005,instruction,llmlingua2,0.5,248,255,False,0.597
inst-005,instruction,random_deletion,0.3,401,255,False,0.5891
inst-005,instruction,llmlingua_qwen,0.3,227,255,False,0.853
inst-005,instruction,llmlingua2,0.3,168,255,False,0.6113
inst-006,instruction,random_deletion,0.7,374,189,False,0.687
inst-006,instruction,llmlingua_qwen,0.7,276,189,False,0.6315
inst-006,instruction,llmlingua2,0.7,137,189,False,0.6663
inst-006,instruction,random_deletion,0.5,306,189,False,0.6503
inst-006,instruction,llmlingua_qwen,0.5,404,189,False,0.6243
inst-006,instruction,llmlingua2,0.5,142,189,False,0.6044
inst-006,instruction,random_deletion,0.3,222,189,False,0.6164
inst-006,instruction,llmlingua_qwen,0.3,57,189,False,0.507
inst-006,instruction,llmlingua2,0.3,168,189,False,0.6117
inst-007,instruction,random_deletion,0.7,397,186,False,0.7044
inst-007,instruction,llmlingua_qwen,0.7,171,186,False,0.6429
inst-007,instruction,llmlingua2,0.7,190,186,False,0.8646
inst-007,instruction,random_deletion,0.5,190,186,False,0.5983
inst-007,instruction,llmlingua_qwen,0.5,43,186,False,0.4471
inst-007,instruction,llmlingua2,0.5,214,186,False,0.7946
inst-007,instruction,random_deletion,0.3,73,186,False,0.4971
inst-007,instruction,llmlingua_qwen,0.3,157,186,False,0.4938
inst-007,instruction,llmlingua2,0.3,170,186,False,0.676
inst-008,instruction,random_deletion,0.7,322,145,False,0.6588
inst-008,instruction,llmlingua_qwen,0.7,145,145,False,1.0
inst-008,instruction,llmlingua2,0.7,148,145,False,0.6832
inst-008,instruction,random_deletion,0.5,127,145,False,0.596
inst-008,instruction,llmlingua_qwen,0.5,135,145,False,0.7929
inst-008,instruction,llmlingua2,0.5,127,145,False,0.6336
inst-008,instruction,random_deletion,0.3,16,145,False,0.462
inst-008,instruction,llmlingua_qwen,0.3,135,145,False,0.7929
inst-008,instruction,llmlingua2,0.3,129,145,False,0.573
inst-009,instruction,random_deletion,0.7,175,246,False,0.6031
inst-009,instruction,llmlingua_qwen,0.7,246,246,False,1.0
inst-009,instruction,llmlingua2,0.7,250,246,False,0.8401
inst-009,instruction,random_deletion,0.5,201,246,False,0.557
inst-009,instruction,llmlingua_qwen,0.5,246,246,False,1.0
inst-009,instruction,llmlingua2,0.5,184,246,False,0.6172
inst-009,instruction,random_deletion,0.3,36,246,False,0.4918
inst-009,instruction,llmlingua_qwen,0.3,260,246,False,0.8404
inst-009,instruction,llmlingua2,0.3,196,246,False,0.6443
inst-010,instruction,random_deletion,0.7,170,179,False,0.5804
inst-010,instruction,llmlingua_qwen,0.7,179,179,False,1.0
inst-010,instruction,llmlingua2,0.7,164,179,False,0.764
inst-010,instruction,random_deletion,0.5,155,179,False,0.6204
inst-010,instruction,llmlingua_qwen,0.5,179,179,False,1.0
inst-010,instruction,llmlingua2,0.5,169,179,False,0.7193
inst-010,instruction,random_deletion,0.3,246,179,False,0.4581
inst-010,instruction,llmlingua_qwen,0.3,161,179,False,0.7868
inst-010,instruction,llmlingua2,0.3,159,179,False,0.6752
inst-011,instruction,random_deletion,0.7,249,166,False,0.7457
inst-011,instruction,llmlingua_qwen,0.7,166,166,False,0.7973
inst-011,instruction,llmlingua2,0.7,163,166,False,0.7647
inst-011,instruction,random_deletion,0.5,196,166,False,0.6878
inst-011,instruction,llmlingua_qwen,0.5,166,166,False,0.7986
inst-011,instruction,llmlingua2,0.5,187,166,False,0.6921
inst-011,instruction,random_deletion,0.3,86,166,False,0.5298
inst-011,instruction,llmlingua_qwen,0.3,166,166,False,0.7986
inst-011,instruction,llmlingua2,0.3,176,166,False,0.6736
inst-012,instruction,random_deletion,0.7,144,151,False,0.8168
inst-012,instruction,llmlingua_qwen,0.7,151,151,False,1.0
inst-012,instruction,llmlingua2,0.7,176,151,False,0.6936
inst-012,instruction,random_deletion,0.5,153,151,False,0.7101
inst-012,instruction,llmlingua_qwen,0.5,151,151,False,1.0
inst-012,instruction,llmlingua2,0.5,142,151,False,0.6083
inst-012,instruction,random_deletion,0.3,318,151,False,0.6703
inst-012,instruction,llmlingua_qwen,0.3,167,151,False,0.7627
inst-012,instruction,llmlingua2,0.3,133,151,False,0.6288
inst-013,instruction,random_deletion,0.7,117,116,False,0.7572
inst-013,instruction,llmlingua_qwen,0.7,91,116,False,0.4985
inst-013,instruction,llmlingua2,0.7,114,116,False,0.7663
inst-013,instruction,random_deletion,0.5,136,116,False,0.645
inst-013,instruction,llmlingua_qwen,0.5,41,116,False,0.4911
inst-013,instruction,llmlingua2,0.5,116,116,False,0.723
inst-013,instruction,random_deletion,0.3,55,116,False,0.5611
inst-013,instruction,llmlingua_qwen,0.3,38,116,False,0.4993
inst-013,instruction,llmlingua2,0.3,123,116,False,0.7317
inst-014,instruction,random_deletion,0.7,146,135,False,0.7159
inst-014,instruction,llmlingua_qwen,0.7,135,135,False,1.0
inst-014,instruction,llmlingua2,0.7,121,135,False,0.6885
inst-014,instruction,random_deletion,0.5,265,135,False,0.6348
inst-014,instruction,llmlingua_qwen,0.5,135,135,False,1.0
inst-014,instruction,llmlingua2,0.5,104,135,False,0.6709
inst-014,instruction,random_deletion,0.3,305,135,False,0.5714
inst-014,instruction,llmlingua_qwen,0.3,135,135,False,1.0
inst-014,instruction,llmlingua2,0.3,138,135,False,0.6969
inst-015,instruction,random_deletion,0.7,163,141,False,0.7868
inst-015,instruction,llmlingua_qwen,0.7,141,141,False,1.0
inst-015,instruction,llmlingua2,0.7,168,141,False,0.7732
inst-015,instruction,random_deletion,0.5,166,141,False,0.6038
inst-015,instruction,llmlingua_qwen,0.5,154,141,False,0.6992
inst-015,instruction,llmlingua2,0.5,153,141,False,0.7488
inst-015,instruction,random_deletion,0.3,167,141,False,0.5823
inst-015,instruction,llmlingua_qwen,0.3,154,141,False,0.6992
inst-015,instruction,llmlingua2,0.3,163,141,False,0.5945
inst-016,instruction,random_deletion,0.7,193,238,False,0.6932
inst-016,instruction,llmlingua_qwen,0.7,238,238,False,1.0
inst-016,instruction,llmlingua2,0.7,223,238,False,0.7685
inst-016,instruction,random_deletion,0.5,227,238,False,0.6554
inst-016,instruction,llmlingua_qwen,0.5,214,238,False,0.8165
inst-016,instruction,llmlingua2,0.5,196,238,False,0.6563
inst-016,instruction,random_deletion,0.3,409,238,False,0.5411
inst-016,instruction,llmlingua_qwen,0.3,214,238,False,0.8165
inst-016,instruction,llmlingua2,0.3,192,238,False,0.5976
inst-017,instruction,random_deletion,0.7,153,179,False,0.7658
inst-017,instruction,llmlingua_qwen,0.7,191,179,False,0.739
inst-017,instruction,llmlingua2,0.7,245,179,False,0.8174
inst-017,instruction,random_deletion,0.5,202,179,False,0.7781
inst-017,instruction,llmlingua_qwen,0.5,346,179,False,0.6697
inst-017,instruction,llmlingua2,0.5,178,179,False,0.8138
inst-017,instruction,random_deletion,0.3,221,179,False,0.7078
inst-017,instruction,llmlingua_qwen,0.3,34,179,False,0.4304
inst-017,instruction,llmlingua2,0.3,173,179,False,0.7386
inst-018,instruction,random_deletion,0.7,147,144,False,0.7213
inst-018,instruction,llmlingua_qwen,0.7,140,144,False,0.7784
inst-018,instruction,llmlingua2,0.7,130,144,False,0.7886
inst-018,instruction,random_deletion,0.5,137,144,False,0.686
inst-018,instruction,llmlingua_qwen,0.5,140,144,False,0.7784
inst-018,instruction,llmlingua2,0.5,150,144,False,0.7483
inst-018,instruction,random_deletion,0.3,122,144,False,0.6957
inst-018,instruction,llmlingua_qwen,0.3,140,144,False,0.7784
inst-018,instruction,llmlingua2,0.3,156,144,False,0.7132
inst-019,instruction,random_deletion,0.7,119,114,False,0.7948
inst-019,instruction,llmlingua_qwen,0.7,40,114,False,0.6845
inst-019,instruction,llmlingua2,0.7,114,114,False,0.7967
inst-019,instruction,random_deletion,0.5,119,114,False,0.7475
inst-019,instruction,llmlingua_qwen,0.5,400,114,False,0.5613
inst-019,instruction,llmlingua2,0.5,111,114,False,0.7473
inst-019,instruction,random_deletion,0.3,387,114,False,0.4812
inst-019,instruction,llmlingua_qwen,0.3,210,114,False,0.5253
inst-019,instruction,llmlingua2,0.3,137,114,False,0.7092
inst-020,instruction,random_deletion,0.7,263,250,False,0.7185
inst-020,instruction,llmlingua_qwen,0.7,277,250,False,0.8925
inst-020,instruction,llmlingua2,0.7,252,250,False,0.7587
inst-020,instruction,random_deletion,0.5,238,250,False,0.6853
inst-020,instruction,llmlingua_qwen,0.5,277,250,False,0.767
inst-020,instruction,llmlingua2,0.5,222,250,False,0.7187
inst-020,instruction,random_deletion,0.3,351,250,False,0.6408
inst-020,instruction,llmlingua_qwen,0.3,277,250,False,0.767
inst-020,instruction,llmlingua2,0.3,247,250,False,0.7446
inst-021,instruction,random_deletion,0.7,213,308,False,0.7559
inst-021,instruction,llmlingua_qwen,0.7,305,308,False,0.8782
inst-021,instruction,llmlingua2,0.7,278,308,False,0.7627
inst-021,instruction,random_deletion,0.5,281,308,False,0.6992
inst-021,instruction,llmlingua_qwen,0.5,293,308,False,0.8022
inst-021,instruction,llmlingua2,0.5,264,308,False,0.7607
inst-021,instruction,random_deletion,0.3,381,308,False,0.5865
inst-021,instruction,llmlingua_qwen,0.3,293,308,False,0.8022
inst-021,instruction,llmlingua2,0.3,284,308,False,0.7147
inst-022,instruction,random_deletion,0.7,258,265,False,0.866
inst-022,instruction,llmlingua_qwen,0.7,276,265,False,0.6729
inst-022,instruction,llmlingua2,0.7,261,265,False,0.7823
inst-022,instruction,random_deletion,0.5,371,265,False,0.6532
inst-022,instruction,llmlingua_qwen,0.5,45,265,False,0.4328
inst-022,instruction,llmlingua2,0.5,247,265,False,0.7529
inst-022,instruction,random_deletion,0.3,327,265,False,0.6387
inst-022,instruction,llmlingua_qwen,0.3,39,265,False,0.4324
inst-022,instruction,llmlingua2,0.3,286,265,False,0.7227
inst-023,instruction,random_deletion,0.7,328,312,False,0.7779
inst-023,instruction,llmlingua_qwen,0.7,380,312,False,0.5476
inst-023,instruction,llmlingua2,0.7,262,312,False,0.6668
inst-023,instruction,random_deletion,0.5,348,312,False,0.7306
inst-023,instruction,llmlingua_qwen,0.5,368,312,False,0.5501
inst-023,instruction,llmlingua2,0.5,177,312,False,0.562
inst-023,instruction,random_deletion,0.3,269,312,False,0.5849
inst-023,instruction,llmlingua_qwen,0.3,39,312,False,0.4116
inst-023,instruction,llmlingua2,0.3,261,312,False,0.6983
inst-024,instruction,random_deletion,0.7,532,297,True,0.6747
inst-024,instruction,llmlingua_qwen,0.7,297,297,False,1.0
inst-024,instruction,llmlingua2,0.7,342,297,False,0.7157
inst-024,instruction,random_deletion,0.5,250,297,False,0.6917
inst-024,instruction,llmlingua_qwen,0.5,297,297,False,1.0
inst-024,instruction,llmlingua2,0.5,302,297,False,0.6701
inst-024,instruction,random_deletion,0.3,296,297,False,0.569
inst-024,instruction,llmlingua_qwen,0.3,297,297,False,1.0
inst-024,instruction,llmlingua2,0.3,363,297,False,0.6385
inst-025,instruction,random_deletion,0.7,331,200,False,0.6037
inst-025,instruction,llmlingua_qwen,0.7,308,200,False,0.689
inst-025,instruction,llmlingua2,0.7,194,200,False,0.7225
inst-025,instruction,random_deletion,0.5,147,200,False,0.6217
inst-025,instruction,llmlingua_qwen,0.5,328,200,False,0.6573
inst-025,instruction,llmlingua2,0.5,215,200,False,0.6426
inst-025,instruction,random_deletion,0.3,63,200,False,0.5007
inst-025,instruction,llmlingua_qwen,0.3,75,200,False,0.5025
inst-025,instruction,llmlingua2,0.3,271,200,False,0.5882
inst-026,instruction,random_deletion,0.7,397,273,False,0.7939
inst-026,instruction,llmlingua_qwen,0.7,415,273,False,0.5895
inst-026,instruction,llmlingua2,0.7,242,273,False,0.7187
inst-026,instruction,random_deletion,0.5,389,273,False,0.7131
inst-026,instruction,llmlingua_qwen,0.5,374,273,False,0.5956
inst-026,instruction,llmlingua2,0.5,222,273,False,0.7163
inst-026,instruction,random_deletion,0.3,194,273,False,0.5838
inst-026,instruction,llmlingua_qwen,0.3,35,273,False,0.4551
inst-026,instruction,llmlingua2,0.3,186,273,False,0.6061
inst-027,instruction,random_deletion,0.7,329,240,False,0.7673
inst-027,instruction,llmlingua_qwen,0.7,240,240,False,1.0
inst-027,instruction,llmlingua2,0.7,310,240,False,0.6694
inst-027,instruction,random_deletion,0.5,194,240,False,0.62
inst-027,instruction,llmlingua_qwen,0.5,240,240,False,1.0
inst-027,instruction,llmlingua2,0.5,166,240,False,0.6407
inst-027,instruction,random_deletion,0.3,288,240,False,0.6614
inst-027,instruction,llmlingua_qwen,0.3,261,240,False,0.8781
inst-027,instruction,llmlingua2,0.3,235,240,False,0.5695
inst-028,instruction,random_deletion,0.7,203,236,False,0.6255
inst-028,instruction,llmlingua_qwen,0.7,62,236,False,0.5073
inst-028,instruction,llmlingua2,0.7,216,236,False,0.7681
inst-028,instruction,random_deletion,0.5,184,236,False,0.6333
inst-028,instruction,llmlingua_qwen,0.5,380,236,False,0.5139
inst-028,instruction,llmlingua2,0.5,196,236,False,0.7354
inst-028,instruction,random_deletion,0.3,222,236,False,0.5322
inst-028,instruction,llmlingua_qwen,0.3,188,236,False,0.552
inst-028,instruction,llmlingua2,0.3,209,236,False,0.787
inst-029,instruction,random_deletion,0.7,254,231,False,0.6786
inst-029,instruction,llmlingua_qwen,0.7,429,231,False,0.6145
inst-029,instruction,llmlingua2,0.7,254,231,False,0.7134
inst-029,instruction,random_deletion,0.5,92,231,False,0.5814
inst-029,instruction,llmlingua_qwen,0.5,51,231,False,0.4148
inst-029,instruction,llmlingua2,0.5,224,231,False,0.6518
inst-029,instruction,random_deletion,0.3,239,231,False,0.5814
inst-029,instruction,llmlingua_qwen,0.3,52,231,False,0.4251
inst-029,instruction,llmlingua2,0.3,181,231,False,0.5251
inst-030,instruction,random_deletion,0.7,401,235,False,0.696
inst-030,instruction,llmlingua_qwen,0.7,322,235,False,0.63
inst-030,instruction,llmlingua2,0.7,242,235,False,0.6423
inst-030,instruction,random_deletion,0.5,391,235,False,0.674
inst-030,instruction,llmlingua_qwen,0.5,258,235,False,0.5547
inst-030,instruction,llmlingua2,0.5,332,235,False,0.6412
inst-030,instruction,random_deletion,0.3,260,235,False,0.642
inst-030,instruction,llmlingua_qwen,0.3,37,235,False,0.5057
inst-030,instruction,llmlingua2,0.3,284,235,False,0.6343
inst-031,instruction,random_deletion,0.7,509,435,False,0.6243
inst-031,instruction,llmlingua_qwen,0.7,417,435,False,0.5785
inst-031,instruction,llmlingua2,0.7,428,435,False,0.6679
inst-031,instruction,random_deletion,0.5,483,435,False,0.7167
inst-031,instruction,llmlingua_qwen,0.5,409,435,False,0.5475
inst-031,instruction,llmlingua2,0.5,387,435,False,0.7827
inst-031,instruction,random_deletion,0.3,122,435,False,0.4833
inst-031,instruction,llmlingua_qwen,0.3,418,435,False,0.5505
inst-031,instruction,llmlingua2,0.3,337,435,False,0.6293
inst-032,instruction,random_deletion,0.7,199,257,False,0.6652
inst-032,instruction,llmlingua_qwen,0.7,408,257,False,0.6337
inst-032,instruction,llmlingua2,0.7,298,257,False,0.7398
inst-032,instruction,random_deletion,0.5,354,257,False,0.6579
inst-032,instruction,llmlingua_qwen,0.5,312,257,False,0.531
inst-032,instruction,llmlingua2,0.5,361,257,False,0.6978
inst-032,instruction,random_deletion,0.3,258,257,False,0.5471
inst-032,instruction,llmlingua_qwen,0.3,308,257,False,0.5689
inst-032,instruction,llmlingua2,0.3,236,257,False,0.6307
inst-033,instruction,random_deletion,0.7,402,314,False,0.6459
inst-033,instruction,llmlingua_qwen,0.7,354,314,False,0.6186
inst-033,instruction,llmlingua2,0.7,252,314,False,0.6585
inst-033,instruction,random_deletion,0.5,183,314,False,0.5496
inst-033,instruction,llmlingua_qwen,0.5,358,314,False,0.5835
inst-033,instruction,llmlingua2,0.5,250,314,False,0.6284
inst-033,instruction,random_deletion,0.3,75,314,False,0.4988
inst-033,instruction,llmlingua_qwen,0.3,37,314,False,0.4006
inst-033,instruction,llmlingua2,0.3,302,314,False,0.612
inst-034,instruction,random_deletion,0.7,245,272,False,0.7073
inst-034,instruction,llmlingua_qwen,0.7,305,272,False,0.6534
inst-034,instruction,llmlingua2,0.7,229,272,False,0.729
inst-034,instruction,random_deletion,0.5,266,272,False,0.5957
inst-034,instruction,llmlingua_qwen,0.5,202,272,False,0.6144
inst-034,instruction,llmlingua2,0.5,229,272,False,0.7341
inst-034,instruction,random_deletion,0.3,197,272,False,0.5409
inst-034,instruction,llmlingua_qwen,0.3,47,272,False,0.4631
inst-034,instruction,llmlingua2,0.3,218,272,False,0.5892
inst-035,instruction,random_deletion,0.7,261,243,False,0.7102
inst-035,instruction,llmlingua_qwen,0.7,399,243,False,0.6427
inst-035,instruction,llmlingua2,0.7,210,243,False,0.7357
inst-035,instruction,random_deletion,0.5,397,243,False,0.7017
inst-035,instruction,llmlingua_qwen,0.5,290,243,False,0.6404
inst-035,instruction,llmlingua2,0.5,184,243,False,0.67
inst-035,instruction,random_deletion,0.3,445,243,False,0.5501
inst-035,instruction,llmlingua_qwen,0.3,38,243,False,0.458
inst-035,instruction,llmlingua2,0.3,177,243,False,0.5665
inst-036,instruction,random_deletion,0.7,206,454,False,0.5056
inst-036,instruction,llmlingua_qwen,0.7,454,454,False,1.0
inst-036,instruction,llmlingua2,0.7,467,454,False,0.822
inst-036,instruction,random_deletion,0.5,328,454,False,0.564
inst-036,instruction,llmlingua_qwen,0.5,454,454,False,1.0
inst-036,instruction,llmlingua2,0.5,264,454,False,0.583
inst-036,instruction,random_deletion,0.3,382,454,False,0.6932
inst-036,instruction,llmlingua_qwen,0.3,481,454,False,0.8801
inst-036,instruction,llmlingua2,0.3,292,454,False,0.6425
inst-037,instruction,random_deletion,0.7,306,311,False,0.7038
inst-037,instruction,llmlingua_qwen,0.7,45,311,False,0.4325
inst-037,instruction,llmlingua2,0.7,255,311,False,0.7367
inst-037,instruction,random_deletion,0.5,271,311,False,0.7161
inst-037,instruction,llmlingua_qwen,0.5,53,311,False,0.4466
inst-037,instruction,llmlingua2,0.5,317,311,False,0.7776
inst-037,instruction,random_deletion,0.3,177,311,False,0.5803
inst-037,instruction,llmlingua_qwen,0.3,80,311,False,0.4565
inst-037,instruction,llmlingua2,0.3,253,311,False,0.5991
inst-038,instruction,random_deletion,0.7,364,261,False,0.768
inst-038,instruction,llmlingua_qwen,0.7,374,261,False,0.68
inst-038,instruction,llmlingua2,0.7,237,261,False,0.804
inst-038,instruction,random_deletion,0.5,324,261,False,0.7731
inst-038,instruction,llmlingua_qwen,0.5,49,261,False,0.4437
inst-038,instruction,llmlingua2,0.5,234,261,False,0.8135
inst-038,instruction,random_deletion,0.3,286,261,False,0.5855
inst-038,instruction,llmlingua_qwen,0.3,39,261,False,0.4246
inst-038,instruction,llmlingua2,0.3,217,261,False,0.7044
inst-039,instruction,random_deletion,0.7,208,239,False,0.6545
inst-039,instruction,llmlingua_qwen,0.7,337,239,False,0.595
inst-039,instruction,llmlingua2,0.7,239,239,False,0.7888
inst-039,instruction,random_deletion,0.5,197,239,False,0.6406
inst-039,instruction,llmlingua_qwen,0.5,276,239,False,0.5754
inst-039,instruction,llmlingua2,0.5,215,239,False,0.774
inst-039,instruction,random_deletion,0.3,183,239,False,0.6083
inst-039,instruction,llmlingua_qwen,0.3,41,239,False,0.4718
inst-039,instruction,llmlingua2,0.3,202,239,False,0.636
inst-040,instruction,random_deletion,0.7,406,267,False,0.6812
inst-040,instruction,llmlingua_qwen,0.7,417,267,False,0.6422
inst-040,instruction,llmlingua2,0.7,260,267,False,0.7515
inst-040,instruction,random_deletion,0.5,345,267,False,0.6875
inst-040,instruction,llmlingua_qwen,0.5,341,267,False,0.5781
inst-040,instruction,llmlingua2,0.5,213,267,False,0.6114
inst-040,instruction,random_deletion,0.3,229,267,False,0.6508
inst-040,instruction,llmlingua_qwen,0.3,44,267,False,0.4716
inst-040,instruction,llmlingua2,0.3,304,267,False,0.7372
inst-041,instruction,random_deletion,0.7,399,581,True,0.74
inst-041,instruction,llmlingua_qwen,0.7,570,581,True,0.8977
inst-041,instruction,llmlingua2,0.7,355,581,True,0.8031
inst-041,instruction,random_deletion,0.5,391,581,True,0.5574
inst-041,instruction,llmlingua_qwen,0.5,570,581,True,0.8977
inst-041,instruction,llmlingua2,0.5,280,581,True,0.5839
inst-041,instruction,random_deletion,0.3,309,581,True,0.538
inst-041,instruction,llmlingua_qwen,0.3,570,581,True,0.8977
inst-041,instruction,llmlingua2,0.3,376,581,True,0.6052
inst-042,instruction,random_deletion,0.7,280,238,False,0.7299
inst-042,instruction,llmlingua_qwen,0.7,238,238,False,1.0
inst-042,instruction,llmlingua2,0.7,178,238,False,0.6961
inst-042,instruction,random_deletion,0.5,262,238,False,0.5182
inst-042,instruction,llmlingua_qwen,0.5,238,238,False,1.0
inst-042,instruction,llmlingua2,0.5,148,238,False,0.6829
inst-042,instruction,random_deletion,0.3,135,238,False,0.4888
inst-042,instruction,llmlingua_qwen,0.3,239,238,False,0.859
inst-042,instruction,llmlingua2,0.3,139,238,False,0.6209
inst-043,instruction,random_deletion,0.7,264,256,False,0.8041
inst-043,instruction,llmlingua_qwen,0.7,328,256,False,0.669
inst-043,instruction,llmlingua2,0.7,259,256,False,0.7959
inst-043,instruction,random_deletion,0.5,259,256,False,0.7962
inst-043,instruction,llmlingua_qwen,0.5,349,256,False,0.6717
inst-043,instruction,llmlingua2,0.5,239,256,False,0.7883
inst-043,instruction,random_deletion,0.3,159,256,False,0.5051
inst-043,instruction,llmlingua_qwen,0.3,35,256,False,0.4302
inst-043,instruction,llmlingua2,0.3,285,256,False,0.7674
inst-044,instruction,random_deletion,0.7,268,286,False,0.7882
inst-044,instruction,llmlingua_qwen,0.7,399,286,False,0.6423
inst-044,instruction,llmlingua2,0.7,311,286,False,0.7598
inst-044,instruction,random_deletion,0.5,309,286,False,0.6253
inst-044,instruction,llmlingua_qwen,0.5,54,286,False,0.4617
inst-044,instruction,llmlingua2,0.5,270,286,False,0.7622
inst-044,instruction,random_deletion,0.3,337,286,False,0.5782
inst-044,instruction,llmlingua_qwen,0.3,37,286,False,0.4354
inst-044,instruction,llmlingua2,0.3,250,286,False,0.7531
inst-045,instruction,random_deletion,0.7,321,344,False,0.8061
inst-045,instruction,llmlingua_qwen,0.7,366,344,False,0.6447
inst-045,instruction,llmlingua2,0.7,319,344,False,0.7912
inst-045,instruction,random_deletion,0.5,376,344,False,0.7284
inst-045,instruction,llmlingua_qwen,0.5,191,344,False,0.5026
inst-045,instruction,llmlingua2,0.5,250,344,False,0.6308
inst-045,instruction,random_deletion,0.3,125,344,False,0.4843
inst-045,instruction,llmlingua_qwen,0.3,333,344,False,0.5987
inst-045,instruction,llmlingua2,0.3,223,344,False,0.587
inst-046,instruction,random_deletion,0.7,231,324,False,0.7218
inst-046,instruction,llmlingua_qwen,0.7,371,324,False,0.6625
inst-046,instruction,llmlingua2,0.7,275,324,False,0.7801
inst-046,instruction,random_deletion,0.5,142,324,False,0.6937
inst-046,instruction,llmlingua_qwen,0.5,43,324,False,0.4225
inst-046,instruction,llmlingua2,0.5,246,324,False,0.7013
inst-046,instruction,random_deletion,0.3,329,324,False,0.711
inst-046,instruction,llmlingua_qwen,0.3,35,324,False,0.4171
inst-046,instruction,llmlingua2,0.3,257,324,False,0.6897
inst-047,instruction,random_deletion,0.7,354,211,False,0.6447
inst-047,instruction,llmlingua_qwen,0.7,405,211,False,0.5729
inst-047,instruction,llmlingua2,0.7,197,211,False,0.7316
inst-047,instruction,random_deletion,0.5,178,211,False,0.6123
inst-047,instruction,llmlingua_qwen,0.5,372,211,False,0.5266
inst-047,instruction,llmlingua2,0.5,310,211,False,0.6085
inst-047,instruction,random_deletion,0.3,326,211,False,0.5885
inst-047,instruction,llmlingua_qwen,0.3,44,211,False,0.4508
inst-047,instruction,llmlingua2,0.3,276,211,False,0.5764
inst-048,instruction,random_deletion,0.7,251,257,False,0.7452
inst-048,instruction,llmlingua_qwen,0.7,28,257,False,0.5318
inst-048,instruction,llmlingua2,0.7,260,257,False,0.7945
inst-048,instruction,random_deletion,0.5,169,257,False,0.603
inst-048,instruction,llmlingua_qwen,0.5,370,257,False,0.6237
inst-048,instruction,llmlingua2,0.5,252,257,False,0.8392
inst-048,instruction,random_deletion,0.3,27,257,False,0.452
inst-048,instruction,llmlingua_qwen,0.3,40,257,False,0.4392
inst-048,instruction,llmlingua2,0.3,271,257,False,0.7858
inst-049,instruction,random_deletion,0.7,295,321,False,0.6632
inst-049,instruction,llmlingua_qwen,0.7,249,321,False,0.7469
inst-049,instruction,llmlingua2,0.7,308,321,False,0.7675
inst-049,instruction,random_deletion,0.5,263,321,False,0.6105
inst-049,instruction,llmlingua_qwen,0.5,249,321,False,0.7469
inst-049,instruction,llmlingua2,0.5,191,321,False,0.5492
inst-049,instruction,random_deletion,0.3,225,321,False,0.6593
inst-049,instruction,llmlingua_qwen,0.3,249,321,False,0.7469
inst-049,instruction,llmlingua2,0.3,203,321,False,0.5237
inst-050,instruction,random_deletion,0.7,308,270,False,0.7545
inst-050,instruction,llmlingua_qwen,0.7,256,270,False,0.763
inst-050,instruction,llmlingua2,0.7,277,270,False,0.787
inst-050,instruction,random_deletion,0.5,333,270,False,0.6953
inst-050,instruction,llmlingua_qwen,0.5,311,270,False,0.6293
inst-050,instruction,llmlingua2,0.5,258,270,False,0.8181
inst-050,instruction,random_deletion,0.3,413,270,False,0.6336
inst-050,instruction,llmlingua_qwen,0.3,37,270,False,0.4145
inst-050,instruction,llmlingua2,0.3,242,270,False,0.7553
inst-051,instruction,random_deletion,0.7,134,355,False,0.5944
inst-051,instruction,llmlingua_qwen,0.7,316,355,False,0.8343
inst-051,instruction,llmlingua2,0.7,312,355,False,0.8075
inst-051,instruction,random_deletion,0.5,398,355,False,0.7871
inst-051,instruction,llmlingua_qwen,0.5,316,355,False,0.8343
inst-051,instruction,llmlingua2,0.5,262,355,False,0.7399
inst-051,instruction,random_deletion,0.3,263,355,False,0.7432
inst-051,instruction,llmlingua_qwen,0.3,316,355,False,0.8343
inst-051,instruction,llmlingua2,0.3,199,355,False,0.5749
inst-052,instruction,random_deletion,0.7,82,165,False,0.6072
inst-052,instruction,llmlingua_qwen,0.7,393,165,False,0.6062
inst-052,instruction,llmlingua2,0.7,164,165,False,0.651
inst-052,instruction,random_deletion,0.5,442,165,False,0.694
inst-052,instruction,llmlingua_qwen,0.5,333,165,False,0.5858
inst-052,instruction,llmlingua2,0.5,162,165,False,0.6379
inst-052,instruction,random_deletion,0.3,396,165,False,0.6192
inst-052,instruction,llmlingua_qwen,0.3,332,165,False,0.5852
inst-052,instruction,llmlingua2,0.3,190,165,False,0.6391
inst-053,instruction,random_deletion,0.7,196,186,False,0.6502
inst-053,instruction,llmlingua_qwen,0.7,367,186,False,0.5644
inst-053,instruction,llmlingua2,0.7,278,186,False,0.6311
inst-053,instruction,random_deletion,0.5,351,186,False,0.6828
inst-053,instruction,llmlingua_qwen,0.5,227,186,False,0.5527
inst-053,instruction,llmlingua2,0.5,245,186,False,0.6457
inst-053,instruction,random_deletion,0.3,333,186,False,0.5382
inst-053,instruction,llmlingua_qwen,0.3,36,186,False,0.425
inst-053,instruction,llmlingua2,0.3,196,186,False,0.6058
inst-054,instruction,random_deletion,0.7,531,273,True,0.7753
inst-054,instruction,llmlingua_qwen,0.7,454,273,False,0.7278
inst-054,instruction,llmlingua2,0.7,229,273,False,0.6746
inst-054,instruction,random_deletion,0.5,378,273,False,0.7372
inst-054,instruction,llmlingua_qwen,0.5,309,273,False,0.5199
inst-054,instruction,llmlingua2,0.5,237,273,False,0.7424
inst-054,instruction,random_deletion,0.3,298,273,False,0.5775
inst-054,instruction,llmlingua_qwen,0.3,51,273,False,0.438
inst-054,instruction,llmlingua2,0.3,213,273,False,0.5618
inst-055,instruction,random_deletion,0.7,90,200,False,0.686
inst-055,instruction,llmlingua_qwen,0.7,372,200,False,0.5848
inst-055,instruction,llmlingua2,0.7,225,200,False,0.7295
inst-055,instruction,random_deletion,0.5,192,200,False,0.6707
inst-055,instruction,llmlingua_qwen,0.5,281,200,False,0.6082
inst-055,instruction,llmlingua2,0.5,173,200,False,0.6954
inst-055,instruction,random_deletion,0.3,52,200,False,0.494
inst-055,instruction,llmlingua_qwen,0.3,151,200,False,0.5741
inst-055,instruction,llmlingua2,0.3,188,200,False,0.7194
inst-056,instruction,random_deletion,0.7,359,229,False,0.801
inst-056,instruction,llmlingua_qwen,0.7,392,229,False,0.5835
inst-056,instruction,llmlingua2,0.7,252,229,False,0.7184
inst-056,instruction,random_deletion,0.5,386,229,False,0.5894
inst-056,instruction,llmlingua_qwen,0.5,46,229,False,0.4307
inst-056,instruction,llmlingua2,0.5,170,229,False,0.6952
inst-056,instruction,random_deletion,0.3,253,229,False,0.5552
inst-056,instruction,llmlingua_qwen,0.3,44,229,False,0.4285
inst-056,instruction,llmlingua2,0.3,158,229,False,0.6152
inst-057,instruction,random_deletion,0.7,244,217,False,0.5944
inst-057,instruction,llmlingua_qwen,0.7,390,217,False,0.626
inst-057,instruction,llmlingua2,0.7,212,217,False,0.6021
inst-057,instruction,random_deletion,0.5,226,217,False,0.5644
inst-057,instruction,llmlingua_qwen,0.5,218,217,False,0.5516
inst-057,instruction,llmlingua2,0.5,201,217,False,0.5377
inst-057,instruction,random_deletion,0.3,307,217,False,0.52
inst-057,instruction,llmlingua_qwen,0.3,148,217,False,0.53
inst-057,instruction,llmlingua2,0.3,356,217,False,0.5885
inst-058,instruction,random_deletion,0.7,409,244,False,0.7298
inst-058,instruction,llmlingua_qwen,0.7,368,244,False,0.6184
inst-058,instruction,llmlingua2,0.7,200,244,False,0.7463
inst-058,instruction,random_deletion,0.5,327,244,False,0.6832
inst-058,instruction,llmlingua_qwen,0.5,293,244,False,0.6452
inst-058,instruction,llmlingua2,0.5,248,244,False,0.7992
inst-058,instruction,random_deletion,0.3,131,244,False,0.6406
inst-058,instruction,llmlingua_qwen,0.3,318,244,False,0.5994
inst-058,instruction,llmlingua2,0.3,269,244,False,0.751
inst-059,instruction,random_deletion,0.7,256,640,True,0.5405
inst-059,instruction,llmlingua_qwen,0.7,119,640,True,0.4516
inst-059,instruction,llmlingua2,0.7,404,640,True,0.7689
inst-059,instruction,random_deletion,0.5,422,640,True,0.5407
inst-059,instruction,llmlingua_qwen,0.5,59,640,True,0.3878
inst-059,instruction,llmlingua2,0.5,358,640,True,0.7302
inst-059,instruction,random_deletion,0.3,327,640,True,0.708
inst-059,instruction,llmlingua_qwen,0.3,53,640,True,0.3873
inst-059,instruction,llmlingua2,0.3,208,640,True,0.4335
inst-060,instruction,random_deletion,0.7,290,206,False,0.5927
inst-060,instruction,llmlingua_qwen,0.7,368,206,False,0.6023
inst-060,instruction,llmlingua2,0.7,212,206,False,0.8065
inst-060,instruction,random_deletion,0.5,207,206,False,0.8131
inst-060,instruction,llmlingua_qwen,0.5,333,206,False,0.605
inst-060,instruction,llmlingua2,0.5,203,206,False,0.8229
inst-060,instruction,random_deletion,0.3,183,206,False,0.5531
inst-060,instruction,llmlingua_qwen,0.3,45,206,False,0.4738
inst-060,instruction,llmlingua2,0.3,162,206,False,0.7145
inst-061,instruction,random_deletion,0.7,180,196,False,0.6941
inst-061,instruction,llmlingua_qwen,0.7,41,196,False,0.4513
inst-061,instruction,llmlingua2,0.7,207,196,False,0.7494
inst-061,instruction,random_deletion,0.5,220,196,False,0.6089
inst-061,instruction,llmlingua_qwen,0.5,58,196,False,0.4714
inst-061,instruction,llmlingua2,0.5,165,196,False,0.709
inst-061,instruction,random_deletion,0.3,346,196,False,0.6005
inst-061,instruction,llmlingua_qwen,0.3,78,196,False,0.4789
inst-061,instruction,llmlingua2,0.3,161,196,False,0.7111
inst-062,instruction,random_deletion,0.7,76,155,False,0.6591
inst-062,instruction,llmlingua_qwen,0.7,224,155,False,0.6902
inst-062,instruction,llmlingua2,0.7,143,155,False,0.6808
inst-062,instruction,random_deletion,0.5,77,155,False,0.6467
inst-062,instruction,llmlingua_qwen,0.5,262,155,False,0.5792
inst-062,instruction,llmlingua2,0.5,126,155,False,0.6771
inst-062,instruction,random_deletion,0.3,354,155,False,0.517
inst-062,instruction,llmlingua_qwen,0.3,270,155,False,0.6128
inst-062,instruction,llmlingua2,0.3,175,155,False,0.6629
inst-063,instruction,random_deletion,0.7,289,151,False,0.6061
inst-063,instruction,llmlingua_qwen,0.7,474,151,False,0.6025
inst-063,instruction,llmlingua2,0.7,156,151,False,0.709
inst-063,instruction,random_deletion,0.5,112,151,False,0.6407
inst-063,instruction,llmlingua_qwen,0.5,501,151,False,0.588
inst-063,instruction,llmlingua2,0.5,247,151,False,0.6707
inst-063,instruction,random_deletion,0.3,282,151,False,0.5944
inst-063,instruction,llmlingua_qwen,0.3,285,151,False,0.6231
inst-063,instruction,llmlingua2,0.3,181,151,False,0.7549
inst-064,instruction,random_deletion,0.7,145,170,False,0.6222
inst-064,instruction,llmlingua_qwen,0.7,181,170,False,0.5193
inst-064,instruction,llmlingua2,0.7,159,170,False,0.7222
inst-064,instruction,random_deletion,0.5,111,170,False,0.5554
inst-064,instruction,llmlingua_qwen,0.5,340,170,False,0.5441
inst-064,instruction,llmlingua2,0.5,143,170,False,0.6836
inst-064,instruction,random_deletion,0.3,375,170,False,0.5468
inst-064,instruction,llmlingua_qwen,0.3,271,170,False,0.5377
inst-064,instruction,llmlingua2,0.3,211,170,False,0.6555
inst-065,instruction,random_deletion,0.7,344,245,False,0.7224
inst-065,instruction,llmlingua_qwen,0.7,268,245,False,0.6101
inst-065,instruction,llmlingua2,0.7,242,245,False,0.7356
inst-065,instruction,random_deletion,0.5,193,245,False,0.701
inst-065,instruction,llmlingua_qwen,0.5,345,245,False,0.5881
inst-065,instruction,llmlingua2,0.5,252,245,False,0.7324
inst-065,instruction,random_deletion,0.3,238,245,False,0.638
inst-065,instruction,llmlingua_qwen,0.3,322,245,False,0.5116
inst-065,instruction,llmlingua2,0.3,227,245,False,0.6983
inst-066,instruction,random_deletion,0.7,162,146,False,0.6734
inst-066,instruction,llmlingua_qwen,0.7,138,146,False,0.5544
inst-066,instruction,llmlingua2,0.7,147,146,False,0.758
inst-066,instruction,random_deletion,0.5,145,146,False,0.5884
inst-066,instruction,llmlingua_qwen,0.5,49,146,False,0.4598
inst-066,instruction,llmlingua2,0.5,165,146,False,0.7106
inst-066,instruction,random_deletion,0.3,161,146,False,0.5559
inst-066,instruction,llmlingua_qwen,0.3,42,146,False,0.4217
inst-066,instruction,llmlingua2,0.3,139,146,False,0.6085
inst-067,instruction,random_deletion,0.7,205,210,False,0.5919
inst-067,instruction,llmlingua_qwen,0.7,330,210,False,0.6612
inst-067,instruction,llmlingua2,0.7,203,210,False,0.7565
inst-067,instruction,random_deletion,0.5,196,210,False,0.6473
inst-067,instruction,llmlingua_qwen,0.5,242,210,False,0.6113
inst-067,instruction,llmlingua2,0.5,211,210,False,0.6344
inst-067,instruction,random_deletion,0.3,83,210,False,0.5243
inst-067,instruction,llmlingua_qwen,0.3,225,210,False,0.612
inst-067,instruction,llmlingua2,0.3,196,210,False,0.6599
inst-068,instruction,random_deletion,0.7,139,188,False,0.6392
inst-068,instruction,llmlingua_qwen,0.7,188,188,False,1.0
inst-068,instruction,llmlingua2,0.7,214,188,False,0.7615
inst-068,instruction,random_deletion,0.5,272,188,False,0.6722
inst-068,instruction,llmlingua_qwen,0.5,205,188,False,0.8375
inst-068,instruction,llmlingua2,0.5,223,188,False,0.7464
inst-068,instruction,random_deletion,0.3,56,188,False,0.5531
inst-068,instruction,llmlingua_qwen,0.3,205,188,False,0.8375
inst-068,instruction,llmlingua2,0.3,249,188,False,0.6325
inst-069,instruction,random_deletion,0.7,369,265,False,0.714
inst-069,instruction,llmlingua_qwen,0.7,265,265,False,1.0
inst-069,instruction,llmlingua2,0.7,288,265,False,0.7219
inst-069,instruction,random_deletion,0.5,313,265,False,0.6642
inst-069,instruction,llmlingua_qwen,0.5,265,265,False,1.0
inst-069,instruction,llmlingua2,0.5,292,265,False,0.7319
inst-069,instruction,random_deletion,0.3,383,265,False,0.597
inst-069,instruction,llmlingua_qwen,0.3,270,265,False,0.8144
inst-069,instruction,llmlingua2,0.3,215,265,False,0.5868
inst-070,instruction,random_deletion,0.7,211,243,False,0.7851
inst-070,instruction,llmlingua_qwen,0.7,43,243,False,0.4241
inst-070,instruction,llmlingua2,0.7,222,243,False,0.7464
inst-070,instruction,random_deletion,0.5,239,243,False,0.6012
inst-070,instruction,llmlingua_qwen,0.5,438,243,False,0.5573
inst-070,instruction,llmlingua2,0.5,247,243,False,0.8445
inst-070,instruction,random_deletion,0.3,196,243,False,0.5683
inst-070,instruction,llmlingua_qwen,0.3,409,243,False,0.5453
inst-070,instruction,llmlingua2,0.3,298,243,False,0.6468
inst-071,instruction,random_deletion,0.7,183,165,False,0.5899
inst-071,instruction,llmlingua_qwen,0.7,216,165,False,0.5864
inst-071,instruction,llmlingua2,0.7,163,165,False,0.5828
inst-071,instruction,random_deletion,0.5,149,165,False,0.6231
inst-071,instruction,llmlingua_qwen,0.5,252,165,False,0.5571
inst-071,instruction,llmlingua2,0.5,178,165,False,0.5927
inst-071,instruction,random_deletion,0.3,41,165,False,0.5263
inst-071,instruction,llmlingua_qwen,0.3,44,165,False,0.5325
inst-071,instruction,llmlingua2,0.3,185,165,False,0.6735
inst-072,instruction,random_deletion,0.7,56,99,False,0.6112
inst-072,instruction,llmlingua_qwen,0.7,99,99,False,1.0
inst-072,instruction,llmlingua2,0.7,97,99,False,0.6493
inst-072,instruction,random_deletion,0.5,103,99,False,0.533
inst-072,instruction,llmlingua_qwen,0.5,99,99,False,1.0
inst-072,instruction,llmlingua2,0.5,79,99,False,0.6735
inst-072,instruction,random_deletion,0.3,208,99,False,0.4816
inst-072,instruction,llmlingua_qwen,0.3,99,99,False,1.0
inst-072,instruction,llmlingua2,0.3,122,99,False,0.5156
inst-073,instruction,random_deletion,0.7,337,213,False,0.6518
inst-073,instruction,llmlingua_qwen,0.7,332,213,False,0.5842
inst-073,instruction,llmlingua2,0.7,223,213,False,0.8251
inst-073,instruction,random_deletion,0.5,197,213,False,0.68
inst-073,instruction,llmlingua_qwen,0.5,374,213,False,0.5699
inst-073,instruction,llmlingua2,0.5,185,213,False,0.8208
inst-073,instruction,random_deletion,0.3,217,213,False,0.5054
inst-073,instruction,llmlingua_qwen,0.3,404,213,False,0.6021
inst-073,instruction,llmlingua2,0.3,210,213,False,0.7062
inst-074,instruction,random_deletion,0.7,289,190,False,0.6906
inst-074,instruction,llmlingua_qwen,0.7,208,190,False,0.7151
inst-074,instruction,llmlingua2,0.7,203,190,False,0.74
inst-074,instruction,random_deletion,0.5,208,190,False,0.6403
inst-074,instruction,llmlingua_qwen,0.5,207,190,False,0.497
inst-074,instruction,llmlingua2,0.5,195,190,False,0.6264
inst-074,instruction,random_deletion,0.3,239,190,False,0.5842
inst-074,instruction,llmlingua_qwen,0.3,187,190,False,0.5457
inst-074,instruction,llmlingua2,0.3,206,190,False,0.595
inst-075,instruction,random_deletion,0.7,167,167,False,0.5712
inst-075,instruction,llmlingua_qwen,0.7,333,167,False,0.5523
inst-075,instruction,llmlingua2,0.7,172,167,False,0.7713
inst-075,instruction,random_deletion,0.5,141,167,False,0.6716
inst-075,instruction,llmlingua_qwen,0.5,377,167,False,0.4903
inst-075,instruction,llmlingua2,0.5,185,167,False,0.7453
inst-075,instruction,random_deletion,0.3,318,167,False,0.6061
inst-075,instruction,llmlingua_qwen,0.3,48,167,False,0.5334
inst-075,instruction,llmlingua2,0.3,181,167,False,0.6458
inst-076,instruction,random_deletion,0.7,262,189,False,0.7041
inst-076,instruction,llmlingua_qwen,0.7,344,189,False,0.6569
inst-076,instruction,llmlingua2,0.7,176,189,False,0.6799
inst-076,instruction,random_deletion,0.5,139,189,False,0.5962
inst-076,instruction,llmlingua_qwen,0.5,51,189,False,0.5394
inst-076,instruction,llmlingua2,0.5,166,189,False,0.6809
inst-076,instruction,random_deletion,0.3,34,189,False,0.5336
inst-076,instruction,llmlingua_qwen,0.3,296,189,False,0.6241
inst-076,instruction,llmlingua2,0.3,231,189,False,0.6344
inst-077,instruction,random_deletion,0.7,321,206,False,0.6528
inst-077,instruction,llmlingua_qwen,0.7,380,206,False,0.6002
inst-077,instruction,llmlingua2,0.7,301,206,False,0.7084
inst-077,instruction,random_deletion,0.5,280,206,False,0.6543
inst-077,instruction,llmlingua_qwen,0.5,86,206,False,0.5418
inst-077,instruction,llmlingua2,0.5,279,206,False,0.6411
inst-077,instruction,random_deletion,0.3,335,206,False,0.5866
inst-077,instruction,llmlingua_qwen,0.3,47,206,False,0.4944
inst-077,instruction,llmlingua2,0.3,295,206,False,0.6745
inst-078,instruction,random_deletion,0.7,179,197,False,0.6908
inst-078,instruction,llmlingua_qwen,0.7,364,197,False,0.6375
inst-078,instruction,llmlingua2,0.7,192,197,False,0.6471
inst-078,instruction,random_deletion,0.5,163,197,False,0.5508
inst-078,instruction,llmlingua_qwen,0.5,396,197,False,0.5881
inst-078,instruction,llmlingua2,0.5,138,197,False,0.5913
inst-078,instruction,random_deletion,0.3,154,197,False,0.6067
inst-078,instruction,llmlingua_qwen,0.3,45,197,False,0.4509
inst-078,instruction,llmlingua2,0.3,199,197,False,0.5459
inst-079,instruction,random_deletion,0.7,172,213,False,0.6669
inst-079,instruction,llmlingua_qwen,0.7,256,213,False,0.567
inst-079,instruction,llmlingua2,0.7,179,213,False,0.7073
inst-079,instruction,random_deletion,0.5,170,213,False,0.5069
inst-079,instruction,llmlingua_qwen,0.5,287,213,False,0.5783
inst-079,instruction,llmlingua2,0.5,138,213,False,0.5509
inst-079,instruction,random_deletion,0.3,174,213,False,0.5229
inst-079,instruction,llmlingua_qwen,0.3,217,213,False,0.5188
inst-079,instruction,llmlingua2,0.3,246,213,False,0.6204
inst-080,instruction,random_deletion,0.7,217,260,False,0.7196
inst-080,instruction,llmlingua_qwen,0.7,295,260,False,0.6168
inst-080,instruction,llmlingua2,0.7,238,260,False,0.7501
inst-080,instruction,random_deletion,0.5,234,260,False,0.6346
inst-080,instruction,llmlingua_qwen,0.5,285,260,False,0.5499
inst-080,instruction,llmlingua2,0.5,220,260,False,0.728
inst-080,instruction,random_deletion,0.3,35,260,False,0.4671
inst-080,instruction,llmlingua_qwen,0.3,34,260,False,0.4403
inst-080,instruction,llmlingua2,0.3,257,260,False,0.642
inst-081,instruction,random_deletion,0.7,252,357,False,0.7119
inst-081,instruction,llmlingua_qwen,0.7,430,357,False,0.6899
inst-081,instruction,llmlingua2,0.7,301,357,False,0.8609
inst-081,instruction,random_deletion,0.5,189,357,False,0.4792
inst-081,instruction,llmlingua_qwen,0.5,238,357,False,0.5742
inst-081,instruction,llmlingua2,0.5,171,357,False,0.5918
inst-081,instruction,random_deletion,0.3,168,357,False,0.57
inst-081,instruction,llmlingua_qwen,0.3,236,357,False,0.5717
inst-081,instruction,llmlingua2,0.3,406,357,False,0.7753
inst-082,instruction,random_deletion,0.7,388,225,False,0.6342
inst-082,instruction,llmlingua_qwen,0.7,34,225,False,0.4301
inst-082,instruction,llmlingua2,0.7,275,225,False,0.7777
inst-082,instruction,random_deletion,0.5,484,225,False,0.6546
inst-082,instruction,llmlingua_qwen,0.5,229,225,False,0.5296
inst-082,instruction,llmlingua2,0.5,271,225,False,0.737
inst-082,instruction,random_deletion,0.3,332,225,False,0.5674
inst-082,instruction,llmlingua_qwen,0.3,77,225,False,0.463
inst-082,instruction,llmlingua2,0.3,347,225,False,0.6819
inst-083,instruction,random_deletion,0.7,194,274,False,0.5191
inst-083,instruction,llmlingua_qwen,0.7,479,274,False,0.6464
inst-083,instruction,llmlingua2,0.7,238,274,False,0.7392
inst-083,instruction,random_deletion,0.5,387,274,False,0.6601
inst-083,instruction,llmlingua_qwen,0.5,322,274,False,0.6822
inst-083,instruction,llmlingua2,0.5,387,274,False,0.6651
inst-083,instruction,random_deletion,0.3,378,274,False,0.7069
inst-083,instruction,llmlingua_qwen,0.3,36,274,False,0.4385
inst-083,instruction,llmlingua2,0.3,303,274,False,0.7248
inst-084,instruction,random_deletion,0.7,485,211,False,0.6549
inst-084,instruction,llmlingua_qwen,0.7,397,211,False,0.6094
inst-084,instruction,llmlingua2,0.7,245,211,False,0.6178
inst-084,instruction,random_deletion,0.5,265,211,False,0.6503
inst-084,instruction,llmlingua_qwen,0.5,365,211,False,0.5505
inst-084,instruction,llmlingua2,0.5,227,211,False,0.662
inst-084,instruction,random_deletion,0.3,304,211,False,0.5656
inst-084,instruction,llmlingua_qwen,0.3,41,211,False,0.4641
inst-084,instruction,llmlingua2,0.3,173,211,False,0.5897
inst-085,instruction,random_deletion,0.7,191,217,False,0.7919
inst-085,instruction,llmlingua_qwen,0.7,347,217,False,0.6139
inst-085,instruction,llmlingua2,0.7,196,217,False,0.8687
inst-085,instruction,random_deletion,0.5,375,217,False,0.6734
inst-085,instruction,llmlingua_qwen,0.5,242,217,False,0.512
inst-085,instruction,llmlingua2,0.5,188,217,False,0.8148
inst-085,instruction,random_deletion,0.3,159,217,False,0.5926
inst-085,instruction,llmlingua_qwen,0.3,36,217,False,0.4367
inst-085,instruction,llmlingua2,0.3,199,217,False,0.7897
inst-086,instruction,random_deletion,0.7,182,236,False,0.6698
inst-086,instruction,llmlingua_qwen,0.7,386,236,False,0.5923
inst-086,instruction,llmlingua2,0.7,209,236,False,0.6886
inst-086,instruction,random_deletion,0.5,43,236,False,0.4532
inst-086,instruction,llmlingua_qwen,0.5,401,236,False,0.5558
inst-086,instruction,llmlingua2,0.5,240,236,False,0.7049
inst-086,instruction,random_deletion,0.3,426,236,False,0.5872
inst-086,instruction,llmlingua_qwen,0.3,372,236,False,0.5806
inst-086,instruction,llmlingua2,0.3,206,236,False,0.6556
inst-087,instruction,random_deletion,0.7,222,225,False,0.6382
inst-087,instruction,llmlingua_qwen,0.7,371,225,False,0.6057
inst-087,instruction,llmlingua2,0.7,336,225,False,0.5824
inst-087,instruction,random_deletion,0.5,260,225,False,0.5897
inst-087,instruction,llmlingua_qwen,0.5,356,225,False,0.5843
inst-087,instruction,llmlingua2,0.5,256,225,False,0.6522
inst-087,instruction,random_deletion,0.3,317,225,False,0.5733
inst-087,instruction,llmlingua_qwen,0.3,41,225,False,0.4814
inst-087,instruction,llmlingua2,0.3,235,225,False,0.5767
inst-088,instruction,random_deletion,0.7,142,192,False,0.5769
inst-088,instruction,llmlingua_qwen,0.7,380,192,False,0.5546
inst-088,instruction,llmlingua2,0.7,226,192,False,0.7357
inst-088,instruction,random_deletion,0.5,178,192,False,0.5866
inst-088,instruction,llmlingua_qwen,0.5,340,192,False,0.5224
inst-088,instruction,llmlingua2,0.5,123,192,False,0.705
inst-088,instruction,random_deletion,0.3,130,192,False,0.4737
inst-088,instruction,llmlingua_qwen,0.3,205,192,False,0.5329
inst-088,instruction,llmlingua2,0.3,146,192,False,0.6462
inst-089,instruction,random_deletion,0.7,296,199,False,0.6457
inst-089,instruction,llmlingua_qwen,0.7,421,199,False,0.6097
inst-089,instruction,llmlingua2,0.7,222,199,False,0.7693
inst-089,instruction,random_deletion,0.5,175,199,False,0.6111
inst-089,instruction,llmlingua_qwen,0.5,351,199,False,0.6009
inst-089,instruction,llmlingua2,0.5,205,199,False,0.7587
inst-089,instruction,random_deletion,0.3,54,199,False,0.5071
inst-089,instruction,llmlingua_qwen,0.3,318,199,False,0.5869
inst-089,instruction,llmlingua2,0.3,214,199,False,0.739
inst-090,instruction,random_deletion,0.7,291,232,False,0.6988
inst-090,instruction,llmlingua_qwen,0.7,51,232,False,0.5248
inst-090,instruction,llmlingua2,0.7,228,232,False,0.7233
inst-090,instruction,random_deletion,0.5,220,232,False,0.6432
inst-090,instruction,llmlingua_qwen,0.5,337,232,False,0.5542
inst-090,instruction,llmlingua2,0.5,226,232,False,0.7383
inst-090,instruction,random_deletion,0.3,383,232,False,0.6456
inst-090,instruction,llmlingua_qwen,0.3,41,232,False,0.4532
inst-090,instruction,llmlingua2,0.3,228,232,False,0.7086
inst-091,instruction,random_deletion,0.7,240,318,False,0.6333
inst-091,instruction,llmlingua_qwen,0.7,417,318,False,0.6355
inst-091,instruction,llmlingua2,0.7,230,318,False,0.6084
inst-091,instruction,random_deletion,0.5,194,318,False,0.5717
inst-091,instruction,llmlingua_qwen,0.5,342,318,False,0.6162
inst-091,instruction,llmlingua2,0.5,294,318,False,0.8591
inst-091,instruction,random_deletion,0.3,220,318,False,0.5458
inst-091,instruction,llmlingua_qwen,0.3,324,318,False,0.5401
inst-091,instruction,llmlingua2,0.3,244,318,False,0.6179
inst-092,instruction,random_deletion,0.7,500,370,False,0.8064
inst-092,instruction,llmlingua_qwen,0.7,370,370,False,1.0
inst-092,instruction,llmlingua2,0.7,413,370,False,0.8245
inst-092,instruction,random_deletion,0.5,417,370,False,0.6987
inst-092,instruction,llmlingua_qwen,0.5,370,370,False,1.0
inst-092,instruction,llmlingua2,0.5,315,370,False,0.6476
inst-092,instruction,random_deletion,0.3,277,370,False,0.5908
inst-092,instruction,llmlingua_qwen,0.3,357,370,False,0.8603
inst-092,instruction,llmlingua2,0.3,243,370,False,0.5983
inst-093,instruction,random_deletion,0.7,207,280,False,0.6727
inst-093,instruction,llmlingua_qwen,0.7,358,280,False,0.6964
inst-093,instruction,llmlingua2,0.7,271,280,False,0.8595
inst-093,instruction,random_deletion,0.5,264,280,False,0.7169
inst-093,instruction,llmlingua_qwen,0.5,370,280,False,0.6705
inst-093,instruction,llmlingua2,0.5,201,280,False,0.6353
inst-093,instruction,random_deletion,0.3,314,280,False,0.6529
inst-093,instruction,llmlingua_qwen,0.3,44,280,False,0.4528
inst-093,instruction,llmlingua2,0.3,196,280,False,0.6018
inst-094,instruction,random_deletion,0.7,214,190,False,0.7246
inst-094,instruction,llmlingua_qwen,0.7,262,190,False,0.5541
inst-094,instruction,llmlingua2,0.7,219,190,False,0.7111
inst-094,instruction,random_deletion,0.5,226,190,False,0.6903
inst-094,instruction,llmlingua_qwen,0.5,330,190,False,0.5464
inst-094,instruction,llmlingua2,0.5,175,190,False,0.7907
inst-094,instruction,random_deletion,0.3,127,190,False,0.5055
inst-094,instruction,llmlingua_qwen,0.3,323,190,False,0.5484
inst-094,instruction,llmlingua2,0.3,227,190,False,0.7257
inst-095,instruction,random_deletion,0.7,224,210,False,0.7518
inst-095,instruction,llmlingua_qwen,0.7,350,210,False,0.6114
inst-095,instruction,llmlingua2,0.7,238,210,False,0.8418
inst-095,instruction,random_deletion,0.5,204,210,False,0.5518
inst-095,instruction,llmlingua_qwen,0.5,323,210,False,0.6543
inst-095,instruction,llmlingua2,0.5,240,210,False,0.7545
inst-095,instruction,random_deletion,0.3,125,210,False,0.6096
inst-095,instruction,llmlingua_qwen,0.3,43,210,False,0.4543
inst-095,instruction,llmlingua2,0.3,224,210,False,0.6495
inst-096,instruction,random_deletion,0.7,249,212,False,0.7995
inst-096,instruction,llmlingua_qwen,0.7,362,212,False,0.5849
inst-096,instruction,llmlingua2,0.7,186,212,False,0.6936
inst-096,instruction,random_deletion,0.5,407,212,False,0.6559
inst-096,instruction,llmlingua_qwen,0.5,282,212,False,0.6098
inst-096,instruction,llmlingua2,0.5,144,212,False,0.583
inst-096,instruction,random_deletion,0.3,42,212,False,0.4757
inst-096,instruction,llmlingua_qwen,0.3,267,212,False,0.6009
inst-096,instruction,llmlingua2,0.3,224,212,False,0.5758
inst-097,instruction,random_deletion,0.7,436,421,False,0.5663
inst-097,instruction,llmlingua_qwen,0.7,34,421,False,0.4116
inst-097,instruction,llmlingua2,0.7,381,421,False,0.8676
inst-097,instruction,random_deletion,0.5,268,421,False,0.7351
inst-097,instruction,llmlingua_qwen,0.5,206,421,False,0.5249
inst-097,instruction,llmlingua2,0.5,393,421,False,0.811
inst-097,instruction,random_deletion,0.3,394,421,False,0.5497
inst-097,instruction,llmlingua_qwen,0.3,325,421,False,0.5309
inst-097,instruction,llmlingua2,0.3,214,421,False,0.4722
inst-098,instruction,random_deletion,0.7,399,241,False,0.7308
inst-098,instruction,llmlingua_qwen,0.7,334,241,False,0.6573
inst-098,instruction,llmlingua2,0.7,252,241,False,0.8123
inst-098,instruction,random_deletion,0.5,157,241,False,0.6103
inst-098,instruction,llmlingua_qwen,0.5,299,241,False,0.6539
inst-098,instruction,llmlingua2,0.5,219,241,False,0.7373
inst-098,instruction,random_deletion,0.3,182,241,False,0.6153
inst-098,instruction,llmlingua_qwen,0.3,204,241,False,0.5196
inst-098,instruction,llmlingua2,0.3,179,241,False,0.615
inst-099,instruction,random_deletion,0.7,269,298,False,0.6841
inst-099,instruction,llmlingua_qwen,0.7,391,298,False,0.6026
inst-099,instruction,llmlingua2,0.7,289,298,False,0.681
inst-099,instruction,random_deletion,0.5,193,298,False,0.5761
inst-099,instruction,llmlingua_qwen,0.5,379,298,False,0.576
inst-099,instruction,llmlingua2,0.5,265,298,False,0.6768
inst-099,instruction,random_deletion,0.3,258,298,False,0.5582
inst-099,instruction,llmlingua_qwen,0.3,51,298,False,0.4093
inst-099,instruction,llmlingua2,0.3,248,298,False,0.5667
inst-100,instruction,random_deletion,0.7,315,329,False,0.6651
inst-100,instruction,llmlingua_qwen,0.7,443,329,False,0.6892
inst-100,instruction,llmlingua2,0.7,266,329,False,0.7333
inst-100,instruction,random_deletion,0.5,231,329,False,0.6143
inst-100,instruction,llmlingua_qwen,0.5,468,329,False,0.6867
inst-100,instruction,llmlingua2,0.5,163,329,False,0.6511
inst-100,instruction,random_deletion,0.3,344,329,False,0.7408
inst-100,instruction,llmlingua_qwen,0.3,671,329,True,0.5951
inst-100,instruction,llmlingua2,0.3,232,329,False,0.6266
summ-001,summarisation,random_deletion,0.7,57,41,False,0.7803
summ-001,summarisation,llmlingua_qwen,0.7,42,41,False,0.7083
summ-001,summarisation,llmlingua2,0.7,34,41,False,0.7342
summ-001,summarisation,random_deletion,0.5,71,41,False,0.6261
summ-001,summarisation,llmlingua_qwen,0.5,39,41,False,0.7173
summ-001,summarisation,llmlingua2,0.5,70,41,False,0.745
summ-001,summarisation,random_deletion,0.3,70,41,False,0.6066
summ-001,summarisation,llmlingua_qwen,0.3,37,41,False,0.7137
summ-001,summarisation,llmlingua2,0.3,61,41,False,0.7028
summ-002,summarisation,random_deletion,0.7,60,63,False,0.737
summ-002,summarisation,llmlingua_qwen,0.7,57,63,False,0.7723
summ-002,summarisation,llmlingua2,0.7,51,63,False,0.7793
summ-002,summarisation,random_deletion,0.5,93,63,False,0.6338
summ-002,summarisation,llmlingua_qwen,0.5,43,63,False,0.6439
summ-002,summarisation,llmlingua2,0.5,34,63,False,0.6769
summ-002,summarisation,random_deletion,0.3,41,63,False,0.6203
summ-002,summarisation,llmlingua_qwen,0.3,52,63,False,0.7025
summ-002,summarisation,llmlingua2,0.3,36,63,False,0.6719
summ-003,summarisation,random_deletion,0.7,87,90,False,0.8297
summ-003,summarisation,llmlingua_qwen,0.7,86,90,False,0.8177
summ-003,summarisation,llmlingua2,0.7,141,90,False,0.7556
summ-003,summarisation,random_deletion,0.5,117,90,False,0.6566
summ-003,summarisation,llmlingua_qwen,0.5,78,90,False,0.7524
summ-003,summarisation,llmlingua2,0.5,121,90,False,0.6976
summ-003,summarisation,random_deletion,0.3,68,90,False,0.6292
summ-003,summarisation,llmlingua_qwen,0.3,73,90,False,0.7217
summ-003,summarisation,llmlingua2,0.3,92,90,False,0.6476
summ-004,summarisation,random_deletion,0.7,124,188,False,0.792
summ-004,summarisation,llmlingua_qwen,0.7,182,188,False,0.8377
summ-004,summarisation,llmlingua2,0.7,198,188,False,0.8299
summ-004,summarisation,random_deletion,0.5,342,188,False,0.7129
summ-004,summarisation,llmlingua_qwen,0.5,198,188,False,0.7657
summ-004,summarisation,llmlingua2,0.5,160,188,False,0.7387
summ-004,summarisation,random_deletion,0.3,124,188,False,0.6355
summ-004,summarisation,llmlingua_qwen,0.3,193,188,False,0.7388
summ-004,summarisation,llmlingua2,0.3,143,188,False,0.6792
summ-005,summarisation,random_deletion,0.7,97,51,False,0.7062
summ-005,summarisation,llmlingua_qwen,0.7,50,51,False,0.6894
summ-005,summarisation,llmlingua2,0.7,57,51,False,0.8657
summ-005,summarisation,random_deletion,0.5,84,51,False,0.6697
summ-005,summarisation,llmlingua_qwen,0.5,45,51,False,0.7549
summ-005,summarisation,llmlingua2,0.5,54,51,False,0.6735
summ-005,summarisation,random_deletion,0.3,67,51,False,0.6039
summ-005,summarisation,llmlingua_qwen,0.3,44,51,False,0.7224
summ-005,summarisation,llmlingua2,0.3,48,51,False,0.6702
summ-006,summarisation,random_deletion,0.7,90,103,False,0.7981
summ-006,summarisation,llmlingua_qwen,0.7,94,103,False,0.8098
summ-006,summarisation,llmlingua2,0.7,108,103,False,0.8366
summ-006,summarisation,random_deletion,0.5,133,103,False,0.6909
summ-006,summarisation,llmlingua_qwen,0.5,82,103,False,0.7283
summ-006,summarisation,llmlingua2,0.5,90,103,False,0.733
summ-006,summarisation,random_deletion,0.3,67,103,False,0.6361
summ-006,summarisation,llmlingua_qwen,0.3,89,103,False,0.7566
summ-006,summarisation,llmlingua2,0.3,78,103,False,0.6665
summ-007,summarisation,random_deletion,0.7,153,108,False,0.738
summ-007,summarisation,llmlingua_qwen,0.7,107,108,False,0.8261
summ-007,summarisation,llmlingua2,0.7,112,108,False,0.8094
summ-007,summarisation,random_deletion,0.5,104,108,False,0.6873
summ-007,summarisation,llmlingua_qwen,0.5,89,108,False,0.7391
summ-007,summarisation,llmlingua2,0.5,142,108,False,0.6548
summ-007,summarisation,random_deletion,0.3,64,108,False,0.6214
summ-007,summarisation,llmlingua_qwen,0.3,79,108,False,0.7155
summ-007,summarisation,llmlingua2,0.3,80,108,False,0.6624
summ-008,summarisation,random_deletion,0.7,94,109,False,0.7596
summ-008,summarisation,llmlingua_qwen,0.7,105,109,False,0.789
summ-008,summarisation,llmlingua2,0.7,94,109,False,0.7185
summ-008,summarisation,random_deletion,0.5,100,109,False,0.6585
summ-008,summarisation,llmlingua_qwen,0.5,100,109,False,0.7726
summ-008,summarisation,llmlingua2,0.5,100,109,False,0.758
summ-008,summarisation,random_deletion,0.3,273,109,False,0.598
summ-008,summarisation,llmlingua_qwen,0.3,91,109,False,0.787
summ-008,summarisation,llmlingua2,0.3,100,109,False,0.6287
summ-009,summarisation,random_deletion,0.7,164,151,False,0.7777
summ-009,summarisation,llmlingua_qwen,0.7,143,151,False,0.8073
summ-009,summarisation,llmlingua2,0.7,148,151,False,0.7731
summ-009,summarisation,random_deletion,0.5,232,151,False,0.7004
summ-009,summarisation,llmlingua_qwen,0.5,196,151,False,0.7687
summ-009,summarisation,llmlingua2,0.5,112,151,False,0.7575
summ-009,summarisation,random_deletion,0.3,261,151,False,0.6264
summ-009,summarisation,llmlingua_qwen,0.3,147,151,False,0.7766
summ-009,summarisation,llmlingua2,0.3,74,151,False,0.6558
summ-010,summarisation,random_deletion,0.7,96,96,False,0.7848
summ-010,summarisation,llmlingua_qwen,0.7,106,96,False,0.8175
summ-010,summarisation,llmlingua2,0.7,104,96,False,0.8509
summ-010,summarisation,random_deletion,0.5,150,96,False,0.6805
summ-010,summarisation,llmlingua_qwen,0.5,83,96,False,0.754
summ-010,summarisation,llmlingua2,0.5,86,96,False,0.7463
summ-010,summarisation,random_deletion,0.3,63,96,False,0.6009
summ-010,summarisation,llmlingua_qwen,0.3,67,96,False,0.7507
summ-010,summarisation,llmlingua2,0.3,75,96,False,0.6752
summ-011,summarisation,random_deletion,0.7,70,32,False,0.7619
summ-011,summarisation,llmlingua_qwen,0.7,34,32,False,0.7077
summ-011,summarisation,llmlingua2,0.7,34,32,False,0.8175
summ-011,summarisation,random_deletion,0.5,95,32,False,0.6034
summ-011,summarisation,llmlingua_qwen,0.5,33,32,False,0.6722
summ-011,summarisation,llmlingua2,0.5,61,32,False,0.7
summ-011,summarisation,random_deletion,0.3,36,32,False,0.6021
summ-011,summarisation,llmlingua_qwen,0.3,31,32,False,0.655
summ-011,summarisation,llmlingua2,0.3,85,32,False,0.6402
summ-012,summarisation,random_deletion,0.7,56,57,False,0.6569
summ-012,summarisation,llmlingua_qwen,0.7,55,57,False,0.7161
summ-012,summarisation,llmlingua2,0.7,60,57,False,0.7162
summ-012,summarisation,random_deletion,0.5,71,57,False,0.6571
summ-012,summarisation,llmlingua_qwen,0.5,45,57,False,0.6307
summ-012,summarisation,llmlingua2,0.5,42,57,False,0.6472
summ-012,summarisation,random_deletion,0.3,67,57,False,0.6073
summ-012,summarisation,llmlingua_qwen,0.3,42,57,False,0.6086
summ-012,summarisation,llmlingua2,0.3,43,57,False,0.6255
summ-013,summarisation,random_deletion,0.7,92,100,False,0.8142
summ-013,summarisation,llmlingua_qwen,0.7,94,100,False,0.9058
summ-013,summarisation,llmlingua2,0.7,146,100,False,0.7623
summ-013,summarisation,random_deletion,0.5,141,100,False,0.665
summ-013,summarisation,llmlingua_qwen,0.5,71,100,False,0.7482
summ-013,summarisation,llmlingua2,0.5,151,100,False,0.6985
summ-013,summarisation,random_deletion,0.3,55,100,False,0.6077
summ-013,summarisation,llmlingua_qwen,0.3,81,100,False,0.7077
summ-013,summarisation,llmlingua2,0.3,108,100,False,0.6458
summ-014,summarisation,random_deletion,0.7,99,172,False,0.7733
summ-014,summarisation,llmlingua_qwen,0.7,146,172,False,0.8337
summ-014,summarisation,llmlingua2,0.7,224,172,False,0.8127
summ-014,summarisation,random_deletion,0.5,174,172,False,0.7038
summ-014,summarisation,llmlingua_qwen,0.5,212,172,False,0.7383
summ-014,summarisation,llmlingua2,0.5,94,172,False,0.6992
summ-014,summarisation,random_deletion,0.3,52,172,False,0.5769
summ-014,summarisation,llmlingua_qwen,0.3,195,172,False,0.7213
summ-014,summarisation,llmlingua2,0.3,101,172,False,0.6454
summ-015,summarisation,random_deletion,0.7,41,45,False,0.8129
summ-015,summarisation,llmlingua_qwen,0.7,42,45,False,0.7431
summ-015,summarisation,llmlingua2,0.7,61,45,False,0.7832
summ-015,summarisation,random_deletion,0.5,92,45,False,0.633
summ-015,summarisation,llmlingua_qwen,0.5,46,45,False,0.7251
summ-015,summarisation,llmlingua2,0.5,51,45,False,0.7041
summ-015,summarisation,random_deletion,0.3,127,45,False,0.569
summ-015,summarisation,llmlingua_qwen,0.3,43,45,False,0.6775
summ-015,summarisation,llmlingua2,0.3,53,45,False,0.687
summ-016,summarisation,random_deletion,0.7,105,90,False,0.7812
summ-016,summarisation,llmlingua_qwen,0.7,85,90,False,0.8053
summ-016,summarisation,llmlingua2,0.7,100,90,False,0.7992
summ-016,summarisation,random_deletion,0.5,80,90,False,0.7234
summ-016,summarisation,llmlingua_qwen,0.5,89,90,False,0.7567
summ-016,summarisation,llmlingua2,0.5,91,90,False,0.7391
summ-016,summarisation,random_deletion,0.3,80,90,False,0.5868
summ-016,summarisation,llmlingua_qwen,0.3,82,90,False,0.6775
summ-016,summarisation,llmlingua2,0.3,99,90,False,0.6988
summ-017,summarisation,random_deletion,0.7,85,104,False,0.7374
summ-017,summarisation,llmlingua_qwen,0.7,113,104,False,0.839
summ-017,summarisation,llmlingua2,0.7,119,104,False,0.7879
summ-017,summarisation,random_deletion,0.5,150,104,False,0.6907
summ-017,summarisation,llmlingua_qwen,0.5,95,104,False,0.7391
summ-017,summarisation,llmlingua2,0.5,129,104,False,0.7171
summ-017,summarisation,random_deletion,0.3,62,104,False,0.6625
summ-017,summarisation,llmlingua_qwen,0.3,86,104,False,0.7584
summ-017,summarisation,llmlingua2,0.3,114,104,False,0.637
summ-018,summarisation,random_deletion,0.7,111,88,False,0.7291
summ-018,summarisation,llmlingua_qwen,0.7,103,88,False,0.7172
summ-018,summarisation,llmlingua2,0.7,133,88,False,0.717
summ-018,summarisation,random_deletion,0.5,75,88,False,0.6625
summ-018,summarisation,llmlingua_qwen,0.5,75,88,False,0.7208
summ-018,summarisation,llmlingua2,0.5,107,88,False,0.7132
summ-018,summarisation,random_deletion,0.3,171,88,False,0.6885
summ-018,summarisation,llmlingua_qwen,0.3,92,88,False,0.6704
summ-018,summarisation,llmlingua2,0.3,67,88,False,0.6231
summ-019,summarisation,random_deletion,0.7,90,154,False,0.7195
summ-019,summarisation,llmlingua_qwen,0.7,170,154,False,0.8391
summ-019,summarisation,llmlingua2,0.7,159,154,False,0.7503
summ-019,summarisation,random_deletion,0.5,274,154,False,0.6981
summ-019,summarisation,llmlingua_qwen,0.5,165,154,False,0.7608
summ-019,summarisation,llmlingua2,0.5,117,154,False,0.7374
summ-019,summarisation,random_deletion,0.3,98,154,False,0.6199
summ-019,summarisation,llmlingua_qwen,0.3,196,154,False,0.7524
summ-019,summarisation,llmlingua2,0.3,81,154,False,0.669
summ-020,summarisation,random_deletion,0.7,87,94,False,0.8058
summ-020,summarisation,llmlingua_qwen,0.7,91,94,False,0.8238
summ-020,summarisation,llmlingua2,0.7,110,94,False,0.8289
summ-020,summarisation,random_deletion,0.5,81,94,False,0.7171
summ-020,summarisation,llmlingua_qwen,0.5,73,94,False,0.7019
summ-020,summarisation,llmlingua2,0.5,105,94,False,0.7796
summ-020,summarisation,random_deletion,0.3,348,94,False,0.5755
summ-020,summarisation,llmlingua_qwen,0.3,75,94,False,0.6853
summ-020,summarisation,llmlingua2,0.3,68,94,False,0.6616
summ-021,summarisation,random_deletion,0.7,85,37,False,0.6091
summ-021,summarisation,llmlingua_qwen,0.7,27,37,False,0.6465
summ-021,summarisation,llmlingua2,0.7,46,37,False,0.8113
summ-021,summarisation,random_deletion,0.5,54,37,False,0.7316
summ-021,summarisation,llmlingua_qwen,0.5,29,37,False,0.7331
summ-021,summarisation,llmlingua2,0.5,50,37,False,0.7759
summ-021,summarisation,random_deletion,0.3,64,37,False,0.626
summ-021,summarisation,llmlingua_qwen,0.3,34,37,False,0.6501
summ-021,summarisation,llmlingua2,0.3,70,37,False,0.6455
summ-022,summarisation,random_deletion,0.7,63,54,False,0.797
summ-022,summarisation,llmlingua_qwen,0.7,58,54,False,0.83
summ-022,summarisation,llmlingua2,0.7,74,54,False,0.7289
summ-022,summarisation,random_deletion,0.5,34,54,False,0.7036
summ-022,summarisation,llmlingua_qwen,0.5,51,54,False,0.8079
summ-022,summarisation,llmlingua2,0.5,53,54,False,0.7433
summ-022,summarisation,random_deletion,0.3,127,54,False,0.6327
summ-022,summarisation,llmlingua_qwen,0.3,44,54,False,0.7416
summ-022,summarisation,llmlingua2,0.3,36,54,False,0.7009
summ-023,summarisation,random_deletion,0.7,169,118,False,0.7612
summ-023,summarisation,llmlingua_qwen,0.7,86,118,False,0.7871
summ-023,summarisation,llmlingua2,0.7,148,118,False,0.8158
summ-023,summarisation,random_deletion,0.5,130,118,False,0.741
summ-023,summarisation,llmlingua_qwen,0.5,93,118,False,0.7672
summ-023,summarisation,llmlingua2,0.5,99,118,False,0.6987
summ-023,summarisation,random_deletion,0.3,109,118,False,0.6556
summ-023,summarisation,llmlingua_qwen,0.3,71,118,False,0.7315
summ-023,summarisation,llmlingua2,0.3,137,118,False,0.6625
summ-024,summarisation,random_deletion,0.7,108,201,False,0.7474
summ-024,summarisation,llmlingua_qwen,0.7,202,201,False,0.7912
summ-024,summarisation,llmlingua2,0.7,160,201,False,0.7849
summ-024,summarisation,random_deletion,0.5,177,201,False,0.7402
summ-024,summarisation,llmlingua_qwen,0.5,251,201,False,0.7374
summ-024,summarisation,llmlingua2,0.5,151,201,False,0.723
summ-024,summarisation,random_deletion,0.3,131,201,False,0.678
summ-024,summarisation,llmlingua_qwen,0.3,249,201,False,0.7303
summ-024,summarisation,llmlingua2,0.3,146,201,False,0.7038
summ-025,summarisation,random_deletion,0.7,46,47,False,0.746
summ-025,summarisation,llmlingua_qwen,0.7,40,47,False,0.8061
summ-025,summarisation,llmlingua2,0.7,56,47,False,0.8137
summ-025,summarisation,random_deletion,0.5,58,47,False,0.6876
summ-025,summarisation,llmlingua_qwen,0.5,35,47,False,0.7085
summ-025,summarisation,llmlingua2,0.5,52,47,False,0.6991
summ-025,summarisation,random_deletion,0.3,179,47,False,0.5906
summ-025,summarisation,llmlingua_qwen,0.3,33,47,False,0.716
summ-025,summarisation,llmlingua2,0.3,53,47,False,0.7042
summ-026,summarisation,random_deletion,0.7,110,94,False,0.7969
summ-026,summarisation,llmlingua_qwen,0.7,98,94,False,0.8015
summ-026,summarisation,llmlingua2,0.7,110,94,False,0.7938
summ-026,summarisation,random_deletion,0.5,236,94,False,0.6642
summ-026,summarisation,llmlingua_qwen,0.5,79,94,False,0.746
summ-026,summarisation,llmlingua2,0.5,101,94,False,0.7565
summ-026,summarisation,random_deletion,0.3,45,94,False,0.4847
summ-026,summarisation,llmlingua_qwen,0.3,85,94,False,0.6854
summ-026,summarisation,llmlingua2,0.3,87,94,False,0.7365
summ-027,summarisation,random_deletion,0.7,107,123,False,0.7918
summ-027,summarisation,llmlingua_qwen,0.7,105,123,False,0.7682
summ-027,summarisation,llmlingua2,0.7,105,123,False,0.7988
summ-027,summarisation,random_deletion,0.5,108,123,False,0.7251
summ-027,summarisation,llmlingua_qwen,0.5,106,123,False,0.7297
summ-027,summarisation,llmlingua2,0.5,138,123,False,0.715
summ-027,summarisation,random_deletion,0.3,53,123,False,0.6371
summ-027,summarisation,llmlingua_qwen,0.3,80,123,False,0.7089
summ-027,summarisation,llmlingua2,0.3,122,123,False,0.6443
summ-028,summarisation,random_deletion,0.7,100,88,False,0.7438
summ-028,summarisation,llmlingua_qwen,0.7,96,88,False,0.8268
summ-028,summarisation,llmlingua2,0.7,120,88,False,0.7584
summ-028,summarisation,random_deletion,0.5,89,88,False,0.6762
summ-028,summarisation,llmlingua_qwen,0.5,106,88,False,0.7369
summ-028,summarisation,llmlingua2,0.5,97,88,False,0.8066
summ-028,summarisation,random_deletion,0.3,82,88,False,0.6278
summ-028,summarisation,llmlingua_qwen,0.3,70,88,False,0.7213
summ-028,summarisation,llmlingua2,0.3,60,88,False,0.6083
summ-029,summarisation,random_deletion,0.7,169,159,False,0.7541
summ-029,summarisation,llmlingua_qwen,0.7,144,159,False,0.8074
summ-029,summarisation,llmlingua2,0.7,177,159,False,0.7487
summ-029,summarisation,random_deletion,0.5,147,159,False,0.737
summ-029,summarisation,llmlingua_qwen,0.5,195,159,False,0.7678
summ-029,summarisation,llmlingua2,0.5,105,159,False,0.7061
summ-029,summarisation,random_deletion,0.3,158,159,False,0.5879
summ-029,summarisation,llmlingua_qwen,0.3,191,159,False,0.7451
summ-029,summarisation,llmlingua2,0.3,77,159,False,0.6907
summ-030,summarisation,random_deletion,0.7,91,102,False,0.8251
summ-030,summarisation,llmlingua_qwen,0.7,90,102,False,0.8318
summ-030,summarisation,llmlingua2,0.7,96,102,False,0.8469
summ-030,summarisation,random_deletion,0.5,96,102,False,0.7297
summ-030,summarisation,llmlingua_qwen,0.5,72,102,False,0.7107
summ-030,summarisation,llmlingua2,0.5,82,102,False,0.7905
summ-030,summarisation,random_deletion,0.3,264,102,False,0.5595
summ-030,summarisation,llmlingua_qwen,0.3,72,102,False,0.6974
summ-030,summarisation,llmlingua2,0.3,68,102,False,0.6582
summ-031,summarisation,random_deletion,0.7,106,48,False,0.6576
summ-031,summarisation,llmlingua_qwen,0.7,39,48,False,0.6485
summ-031,summarisation,llmlingua2,0.7,41,48,False,0.7382
summ-031,summarisation,random_deletion,0.5,51,48,False,0.5853
summ-031,summarisation,llmlingua_qwen,0.5,31,48,False,0.6779
summ-031,summarisation,llmlingua2,0.5,41,48,False,0.6695
summ-031,summarisation,random_deletion,0.3,171,48,False,0.5147
summ-031,summarisation,llmlingua_qwen,0.3,25,48,False,0.6297
summ-031,summarisation,llmlingua2,0.3,62,48,False,0.6362
summ-032,summarisation,random_deletion,0.7,164,59,False,0.6735
summ-032,summarisation,llmlingua_qwen,0.7,33,59,False,0.7126
summ-032,summarisation,llmlingua2,0.7,62,59,False,0.7781
summ-032,summarisation,random_deletion,0.5,66,59,False,0.6424
summ-032,summarisation,llmlingua_qwen,0.5,43,59,False,0.7012
summ-032,summarisation,llmlingua2,0.5,41,59,False,0.6852
summ-032,summarisation,random_deletion,0.3,94,59,False,0.6197
summ-032,summarisation,llmlingua_qwen,0.3,34,59,False,0.7033
summ-032,summarisation,llmlingua2,0.3,45,59,False,0.6936
summ-033,summarisation,random_deletion,0.7,125,79,False,0.646
summ-033,summarisation,llmlingua_qwen,0.7,80,79,False,0.7883
summ-033,summarisation,llmlingua2,0.7,129,79,False,0.6692
summ-033,summarisation,random_deletion,0.5,135,79,False,0.6553
summ-033,summarisation,llmlingua_qwen,0.5,79,79,False,0.7758
summ-033,summarisation,llmlingua2,0.5,72,79,False,0.7201
summ-033,summarisation,random_deletion,0.3,72,79,False,0.5829
summ-033,summarisation,llmlingua_qwen,0.3,78,79,False,0.6843
summ-033,summarisation,llmlingua2,0.3,164,79,False,0.6298
summ-034,summarisation,random_deletion,0.7,249,195,False,0.7282
summ-034,summarisation,llmlingua_qwen,0.7,209,195,False,0.7924
summ-034,summarisation,llmlingua2,0.7,223,195,False,0.7764
summ-034,summarisation,random_deletion,0.5,158,195,False,0.6785
summ-034,summarisation,llmlingua_qwen,0.5,239,195,False,0.7733
summ-034,summarisation,llmlingua2,0.5,196,195,False,0.7162
summ-034,summarisation,random_deletion,0.3,90,195,False,0.5871
summ-034,summarisation,llmlingua_qwen,0.3,223,195,False,0.6892
summ-034,summarisation,llmlingua2,0.3,116,195,False,0.6739
summ-035,summarisation,random_deletion,0.7,50,51,False,0.7738
summ-035,summarisation,llmlingua_qwen,0.7,44,51,False,0.7277
summ-035,summarisation,llmlingua2,0.7,54,51,False,0.8108
summ-035,summarisation,random_deletion,0.5,57,51,False,0.7441
summ-035,summarisation,llmlingua_qwen,0.5,46,51,False,0.6945
summ-035,summarisation,llmlingua2,0.5,50,51,False,0.6704
summ-035,summarisation,random_deletion,0.3,54,51,False,0.482
summ-035,summarisation,llmlingua_qwen,0.3,47,51,False,0.7282
summ-035,summarisation,llmlingua2,0.3,54,51,False,0.626
summ-036,summarisation,random_deletion,0.7,80,92,False,0.7083
summ-036,summarisation,llmlingua_qwen,0.7,93,92,False,0.6909
summ-036,summarisation,llmlingua2,0.7,91,92,False,0.808
summ-036,summarisation,random_deletion,0.5,15,92,False,0.4563
summ-036,summarisation,llmlingua_qwen,0.5,85,92,False,0.68
summ-036,summarisation,llmlingua2,0.5,99,92,False,0.7388
summ-036,summarisation,random_deletion,0.3,294,92,False,0.5449
summ-036,summarisation,llmlingua_qwen,0.3,95,92,False,0.6554
summ-036,summarisation,llmlingua2,0.3,94,92,False,0.7033
summ-037,summarisation,random_deletion,0.7,101,97,False,0.5919
summ-037,summarisation,llmlingua_qwen,0.7,128,97,False,0.7083
summ-037,summarisation,llmlingua2,0.7,117,97,False,0.7337
summ-037,summarisation,random_deletion,0.5,161,97,False,0.6769
summ-037,summarisation,llmlingua_qwen,0.5,115,97,False,0.7115
summ-037,summarisation,llmlingua2,0.5,125,97,False,0.6969
summ-037,summarisation,random_deletion,0.3,95,97,False,0.6596
summ-037,summarisation,llmlingua_qwen,0.3,114,97,False,0.6718
summ-037,summarisation,llmlingua2,0.3,127,97,False,0.5924
summ-038,summarisation,random_deletion,0.7,115,70,False,0.5738
summ-038,summarisation,llmlingua_qwen,0.7,87,70,False,0.7185
summ-038,summarisation,llmlingua2,0.7,71,70,False,0.7123
summ-038,summarisation,random_deletion,0.5,79,70,False,0.5819
summ-038,summarisation,llmlingua_qwen,0.5,83,70,False,0.7078
summ-038,summarisation,llmlingua2,0.5,93,70,False,0.683
summ-038,summarisation,random_deletion,0.3,99,70,False,0.6056
summ-038,summarisation,llmlingua_qwen,0.3,87,70,False,0.6696
summ-038,summarisation,llmlingua2,0.3,126,70,False,0.6092
summ-039,summarisation,random_deletion,0.7,142,179,False,0.7001
summ-039,summarisation,llmlingua_qwen,0.7,203,179,False,0.7678
summ-039,summarisation,llmlingua2,0.7,168,179,False,0.7449
summ-039,summarisation,random_deletion,0.5,123,179,False,0.6754
summ-039,summarisation,llmlingua_qwen,0.5,226,179,False,0.7334
summ-039,summarisation,llmlingua2,0.5,104,179,False,0.6291
summ-039,summarisation,random_deletion,0.3,339,179,False,0.5509
summ-039,summarisation,llmlingua_qwen,0.3,186,179,False,0.7086
summ-039,summarisation,llmlingua2,0.3,76,179,False,0.6007
summ-040,summarisation,random_deletion,0.7,83,83,False,0.772
summ-040,summarisation,llmlingua_qwen,0.7,67,83,False,0.7141
summ-040,summarisation,llmlingua2,0.7,122,83,False,0.7393
summ-040,summarisation,random_deletion,0.5,65,83,False,0.751
summ-040,summarisation,llmlingua_qwen,0.5,71,83,False,0.6894
summ-040,summarisation,llmlingua2,0.5,81,83,False,0.7336
summ-040,summarisation,random_deletion,0.3,47,83,False,0.4894
summ-040,summarisation,llmlingua_qwen,0.3,73,83,False,0.6674
summ-040,summarisation,llmlingua2,0.3,110,83,False,0.6311
summ-041,summarisation,random_deletion,0.7,67,33,False,0.7276
summ-041,summarisation,llmlingua_qwen,0.7,30,33,False,0.7696
summ-041,summarisation,llmlingua2,0.7,49,33,False,0.7686
summ-041,summarisation,random_deletion,0.5,66,33,False,0.698
summ-041,summarisation,llmlingua_qwen,0.5,27,33,False,0.7103
summ-041,summarisation,llmlingua2,0.5,41,33,False,0.765
summ-041,summarisation,random_deletion,0.3,70,33,False,0.6847
summ-041,summarisation,llmlingua_qwen,0.3,29,33,False,0.6941
summ-041,summarisation,llmlingua2,0.3,87,33,False,0.688
summ-042,summarisation,random_deletion,0.7,50,59,False,0.8466
summ-042,summarisation,llmlingua_qwen,0.7,42,59,False,0.7668
summ-042,summarisation,llmlingua2,0.7,48,59,False,0.8675
summ-042,summarisation,random_deletion,0.5,158,59,False,0.5997
summ-042,summarisation,llmlingua_qwen,0.5,39,59,False,0.7588
summ-042,summarisation,llmlingua2,0.5,48,59,False,0.7821
summ-042,summarisation,random_deletion,0.3,40,59,False,0.4831
summ-042,summarisation,llmlingua_qwen,0.3,40,59,False,0.6808
summ-042,summarisation,llmlingua2,0.3,27,59,False,0.644
summ-043,summarisation,random_deletion,0.7,157,111,False,0.723
summ-043,summarisation,llmlingua_qwen,0.7,103,111,False,0.8137
summ-043,summarisation,llmlingua2,0.7,127,111,False,0.7817
summ-043,summarisation,random_deletion,0.5,168,111,False,0.6392
summ-043,summarisation,llmlingua_qwen,0.5,61,111,False,0.6925
summ-043,summarisation,llmlingua2,0.5,140,111,False,0.7273
summ-043,summarisation,random_deletion,0.3,124,111,False,0.5908
summ-043,summarisation,llmlingua_qwen,0.3,59,111,False,0.6864
summ-043,summarisation,llmlingua2,0.3,114,111,False,0.6517
summ-044,summarisation,random_deletion,0.7,146,194,False,0.7487
summ-044,summarisation,llmlingua_qwen,0.7,186,194,False,0.7393
summ-044,summarisation,llmlingua2,0.7,171,194,False,0.7606
summ-044,summarisation,random_deletion,0.5,389,194,False,0.7018
summ-044,summarisation,llmlingua_qwen,0.5,177,194,False,0.7244
summ-044,summarisation,llmlingua2,0.5,117,194,False,0.7386
summ-044,summarisation,random_deletion,0.3,161,194,False,0.649
summ-044,summarisation,llmlingua_qwen,0.3,187,194,False,0.689
summ-044,summarisation,llmlingua2,0.3,123,194,False,0.7304
summ-045,summarisation,random_deletion,0.7,51,48,False,0.7495
summ-045,summarisation,llmlingua_qwen,0.7,39,48,False,0.7161
summ-045,summarisation,llmlingua2,0.7,50,48,False,0.9158
summ-045,summarisation,random_deletion,0.5,53,48,False,0.6785
summ-045,summarisation,llmlingua_qwen,0.5,47,48,False,0.6387
summ-045,summarisation,llmlingua2,0.5,48,48,False,0.8689
summ-045,summarisation,random_deletion,0.3,45,48,False,0.6021
summ-045,summarisation,llmlingua_qwen,0.3,41,48,False,0.6319
summ-045,summarisation,llmlingua2,0.3,38,48,False,0.7264
summ-046,summarisation,random_deletion,0.7,78,93,False,0.7162
summ-046,summarisation,llmlingua_qwen,0.7,98,93,False,0.7519
summ-046,summarisation,llmlingua2,0.7,88,93,False,0.8218
summ-046,summarisation,random_deletion,0.5,79,93,False,0.6892
summ-046,summarisation,llmlingua_qwen,0.5,73,93,False,0.697
summ-046,summarisation,llmlingua2,0.5,95,93,False,0.8061
summ-046,summarisation,random_deletion,0.3,48,93,False,0.6621
summ-046,summarisation,llmlingua_qwen,0.3,81,93,False,0.6754
summ-046,summarisation,llmlingua2,0.3,68,93,False,0.7078
summ-047,summarisation,random_deletion,0.7,89,95,False,0.7771
summ-047,summarisation,llmlingua_qwen,0.7,102,95,False,0.7546
summ-047,summarisation,llmlingua2,0.7,99,95,False,0.8281
summ-047,summarisation,random_deletion,0.5,96,95,False,0.6877
summ-047,summarisation,llmlingua_qwen,0.5,106,95,False,0.6982
summ-047,summarisation,llmlingua2,0.5,131,95,False,0.6613
summ-047,summarisation,random_deletion,0.3,114,95,False,0.6669
summ-047,summarisation,llmlingua_qwen,0.3,96,95,False,0.6841
summ-047,summarisation,llmlingua2,0.3,117,95,False,0.638
summ-048,summarisation,random_deletion,0.7,72,96,False,0.7405
summ-048,summarisation,llmlingua_qwen,0.7,89,96,False,0.7377
summ-048,summarisation,llmlingua2,0.7,92,96,False,0.8737
summ-048,summarisation,random_deletion,0.5,91,96,False,0.7152
summ-048,summarisation,llmlingua_qwen,0.5,96,96,False,0.7238
summ-048,summarisation,llmlingua2,0.5,85,96,False,0.8067
summ-048,summarisation,random_deletion,0.3,43,96,False,0.4674
summ-048,summarisation,llmlingua_qwen,0.3,83,96,False,0.704
summ-048,summarisation,llmlingua2,0.3,101,96,False,0.6554
summ-049,summarisation,random_deletion,0.7,245,164,False,0.7337
summ-049,summarisation,llmlingua_qwen,0.7,147,164,False,0.7532
summ-049,summarisation,llmlingua2,0.7,149,164,False,0.7641
summ-049,summarisation,random_deletion,0.5,375,164,False,0.6723
summ-049,summarisation,llmlingua_qwen,0.5,203,164,False,0.7165
summ-049,summarisation,llmlingua2,0.5,115,164,False,0.7541
summ-049,summarisation,random_deletion,0.3,365,164,False,0.5996
summ-049,summarisation,llmlingua_qwen,0.3,186,164,False,0.7215
summ-049,summarisation,llmlingua2,0.3,188,164,False,0.6588
summ-050,summarisation,random_deletion,0.7,78,91,False,0.8298
summ-050,summarisation,llmlingua_qwen,0.7,70,91,False,0.7734
summ-050,summarisation,llmlingua2,0.7,101,91,False,0.8159
summ-050,summarisation,random_deletion,0.5,59,91,False,0.6917
summ-050,summarisation,llmlingua_qwen,0.5,66,91,False,0.6829
summ-050,summarisation,llmlingua2,0.5,65,91,False,0.7721
summ-050,summarisation,random_deletion,0.3,201,91,False,0.596
summ-050,summarisation,llmlingua_qwen,0.3,54,91,False,0.6794
summ-050,summarisation,llmlingua2,0.3,121,91,False,0.6787
summ-051,summarisation,random_deletion,0.7,80,23,False,0.6415
summ-051,summarisation,llmlingua_qwen,0.7,35,23,False,0.7325
summ-051,summarisation,llmlingua2,0.7,31,23,False,0.6911
summ-051,summarisation,random_deletion,0.5,59,23,False,0.6535
summ-051,summarisation,llmlingua_qwen,0.5,32,23,False,0.7385
summ-051,summarisation,llmlingua2,0.5,63,23,False,0.705
summ-051,summarisation,random_deletion,0.3,36,23,False,0.5926
summ-051,summarisation,llmlingua_qwen,0.3,31,23,False,0.6362
summ-051,summarisation,llmlingua2,0.3,88,23,False,0.7002
summ-052,summarisation,random_deletion,0.7,43,41,False,0.7616
summ-052,summarisation,llmlingua_qwen,0.7,43,41,False,0.6789
summ-052,summarisation,llmlingua2,0.7,41,41,False,0.8161
summ-052,summarisation,random_deletion,0.5,52,41,False,0.6831
summ-052,summarisation,llmlingua_qwen,0.5,45,41,False,0.6133
summ-052,summarisation,llmlingua2,0.5,38,41,False,0.6539
summ-052,summarisation,random_deletion,0.3,108,41,False,0.619
summ-052,summarisation,llmlingua_qwen,0.3,44,41,False,0.6196
summ-052,summarisation,llmlingua2,0.3,31,41,False,0.6618
summ-053,summarisation,random_deletion,0.7,75,107,False,0.7582
summ-053,summarisation,llmlingua_qwen,0.7,88,107,False,0.7754
summ-053,summarisation,llmlingua2,0.7,129,107,False,0.7692
summ-053,summarisation,random_deletion,0.5,144,107,False,0.6632
summ-053,summarisation,llmlingua_qwen,0.5,64,107,False,0.7562
summ-053,summarisation,llmlingua2,0.5,120,107,False,0.6948
summ-053,summarisation,random_deletion,0.3,410,107,False,0.5848
summ-053,summarisation,llmlingua_qwen,0.3,65,107,False,0.7237
summ-053,summarisation,llmlingua2,0.3,103,107,False,0.639
summ-054,summarisation,random_deletion,0.7,116,220,False,0.7861
summ-054,summarisation,llmlingua_qwen,0.7,227,220,False,0.754
summ-054,summarisation,llmlingua2,0.7,178,220,False,0.7387
summ-054,summarisation,random_deletion,0.5,310,220,False,0.6702
summ-054,summarisation,llmlingua_qwen,0.5,216,220,False,0.7045
summ-054,summarisation,llmlingua2,0.5,142,220,False,0.73
summ-054,summarisation,random_deletion,0.3,249,220,False,0.6517
summ-054,summarisation,llmlingua_qwen,0.3,242,220,False,0.7137
summ-054,summarisation,llmlingua2,0.3,125,220,False,0.727
summ-055,summarisation,random_deletion,0.7,92,47,False,0.7505
summ-055,summarisation,llmlingua_qwen,0.7,39,47,False,0.741
summ-055,summarisation,llmlingua2,0.7,49,47,False,0.7519
summ-055,summarisation,random_deletion,0.5,75,47,False,0.7213
summ-055,summarisation,llmlingua_qwen,0.5,35,47,False,0.7062
summ-055,summarisation,llmlingua2,0.5,42,47,False,0.7006
summ-055,summarisation,random_deletion,0.3,39,47,False,0.7101
summ-055,summarisation,llmlingua_qwen,0.3,36,47,False,0.6735
summ-055,summarisation,llmlingua2,0.3,48,47,False,0.6653
summ-056,summarisation,random_deletion,0.7,113,87,False,0.6841
summ-056,summarisation,llmlingua_qwen,0.7,85,87,False,0.7572
summ-056,summarisation,llmlingua2,0.7,89,87,False,0.7172
summ-056,summarisation,random_deletion,0.5,116,87,False,0.6599
summ-056,summarisation,llmlingua_qwen,0.5,93,87,False,0.6973
summ-056,summarisation,llmlingua2,0.5,96,87,False,0.7058
summ-056,summarisation,random_deletion,0.3,83,87,False,0.6589
summ-056,summarisation,llmlingua_qwen,0.3,76,87,False,0.6871
summ-056,summarisation,llmlingua2,0.3,108,87,False,0.648
summ-057,summarisation,random_deletion,0.7,142,99,False,0.6822
summ-057,summarisation,llmlingua_qwen,0.7,91,99,False,0.7114
summ-057,summarisation,llmlingua2,0.7,120,99,False,0.7434
summ-057,summarisation,random_deletion,0.5,87,99,False,0.7101
summ-057,summarisation,llmlingua_qwen,0.5,102,99,False,0.7157
summ-057,summarisation,llmlingua2,0.5,136,99,False,0.7225
summ-057,summarisation,random_deletion,0.3,370,99,False,0.5754
summ-057,summarisation,llmlingua_qwen,0.3,107,99,False,0.6777
summ-057,summarisation,llmlingua2,0.3,88,99,False,0.6524
summ-058,summarisation,random_deletion,0.7,75,102,False,0.6853
summ-058,summarisation,llmlingua_qwen,0.7,74,102,False,0.7219
summ-058,summarisation,llmlingua2,0.7,95,102,False,0.7352
summ-058,summarisation,random_deletion,0.5,197,102,False,0.6084
summ-058,summarisation,llmlingua_qwen,0.5,81,102,False,0.7718
summ-058,summarisation,llmlingua2,0.5,96,102,False,0.7159
summ-058,summarisation,random_deletion,0.3,384,102,False,0.6223
summ-058,summarisation,llmlingua_qwen,0.3,75,102,False,0.7172
summ-058,summarisation,llmlingua2,0.3,121,102,False,0.6684
summ-059,summarisation,random_deletion,0.7,96,139,False,0.677
summ-059,summarisation,llmlingua_qwen,0.7,143,139,False,0.7739
summ-059,summarisation,llmlingua2,0.7,154,139,False,0.7358
summ-059,summarisation,random_deletion,0.5,54,139,False,0.619
summ-059,summarisation,llmlingua_qwen,0.5,170,139,False,0.7371
summ-059,summarisation,llmlingua2,0.5,108,139,False,0.6635
summ-059,summarisation,random_deletion,0.3,158,139,False,0.6576
summ-059,summarisation,llmlingua_qwen,0.3,161,139,False,0.7274
summ-059,summarisation,llmlingua2,0.3,89,139,False,0.6473
summ-060,summarisation,random_deletion,0.7,108,92,False,0.7629
summ-060,summarisation,llmlingua_qwen,0.7,85,92,False,0.747
summ-060,summarisation,llmlingua2,0.7,105,92,False,0.7642
summ-060,summarisation,random_deletion,0.5,89,92,False,0.6995
summ-060,summarisation,llmlingua_qwen,0.5,79,92,False,0.7335
summ-060,summarisation,llmlingua2,0.5,78,92,False,0.7511
summ-060,summarisation,random_deletion,0.3,379,92,False,0.5626
summ-060,summarisation,llmlingua_qwen,0.3,70,92,False,0.6479
summ-060,summarisation,llmlingua2,0.3,84,92,False,0.6732
summ-061,summarisation,random_deletion,0.7,31,37,False,0.6973
summ-061,summarisation,llmlingua_qwen,0.7,35,37,False,0.6857
summ-061,summarisation,llmlingua2,0.7,28,37,False,0.7549
summ-061,summarisation,random_deletion,0.5,78,37,False,0.5873
summ-061,summarisation,llmlingua_qwen,0.5,35,37,False,0.7395
summ-061,summarisation,llmlingua2,0.5,24,37,False,0.7065
summ-061,summarisation,random_deletion,0.3,23,37,False,0.6544
summ-061,summarisation,llmlingua_qwen,0.3,28,37,False,0.774
summ-061,summarisation,llmlingua2,0.3,249,37,False,0.5322
summ-062,summarisation,random_deletion,0.7,46,50,False,0.7694
summ-062,summarisation,llmlingua_qwen,0.7,39,50,False,0.7351
summ-062,summarisation,llmlingua2,0.7,52,50,False,0.7645
summ-062,summarisation,random_deletion,0.5,69,50,False,0.711
summ-062,summarisation,llmlingua_qwen,0.5,47,50,False,0.7429
summ-062,summarisation,llmlingua2,0.5,44,50,False,0.7041
summ-062,summarisation,random_deletion,0.3,185,50,False,0.542
summ-062,summarisation,llmlingua_qwen,0.3,43,50,False,0.7254
summ-062,summarisation,llmlingua2,0.3,41,50,False,0.6884
summ-063,summarisation,random_deletion,0.7,132,93,False,0.758
summ-063,summarisation,llmlingua_qwen,0.7,67,93,False,0.7373
summ-063,summarisation,llmlingua2,0.7,125,93,False,0.7328
summ-063,summarisation,random_deletion,0.5,159,93,False,0.6661
summ-063,summarisation,llmlingua_qwen,0.5,66,93,False,0.7082
summ-063,summarisation,llmlingua2,0.5,133,93,False,0.6453
summ-063,summarisation,random_deletion,0.3,371,93,False,0.6109
summ-063,summarisation,llmlingua_qwen,0.3,54,93,False,0.7109
summ-063,summarisation,llmlingua2,0.3,188,93,False,0.6218
summ-064,summarisation,random_deletion,0.7,201,211,False,0.7619
summ-064,summarisation,llmlingua_qwen,0.7,207,211,False,0.738
summ-064,summarisation,llmlingua2,0.7,269,211,False,0.7382
summ-064,summarisation,random_deletion,0.5,113,211,False,0.7286
summ-064,summarisation,llmlingua_qwen,0.5,220,211,False,0.6912
summ-064,summarisation,llmlingua2,0.5,152,211,False,0.7092
summ-064,summarisation,random_deletion,0.3,100,211,False,0.5914
summ-064,summarisation,llmlingua_qwen,0.3,283,211,False,0.6625
summ-064,summarisation,llmlingua2,0.3,184,211,False,0.6756
summ-065,summarisation,random_deletion,0.7,90,47,False,0.7158
summ-065,summarisation,llmlingua_qwen,0.7,44,47,False,0.7435
summ-065,summarisation,llmlingua2,0.7,52,47,False,0.7716
summ-065,summarisation,random_deletion,0.5,56,47,False,0.6776
summ-065,summarisation,llmlingua_qwen,0.5,45,47,False,0.7199
summ-065,summarisation,llmlingua2,0.5,47,47,False,0.7314
summ-065,summarisation,random_deletion,0.3,429,47,False,0.4998
summ-065,summarisation,llmlingua_qwen,0.3,37,47,False,0.6851
summ-065,summarisation,llmlingua2,0.3,48,47,False,0.7092
summ-066,summarisation,random_deletion,0.7,82,93,False,0.7808
summ-066,summarisation,llmlingua_qwen,0.7,89,93,False,0.8034
summ-066,summarisation,llmlingua2,0.7,89,93,False,0.7892
summ-066,summarisation,random_deletion,0.5,69,93,False,0.736
summ-066,summarisation,llmlingua_qwen,0.5,69,93,False,0.7217
summ-066,summarisation,llmlingua2,0.5,97,93,False,0.7382
summ-066,summarisation,random_deletion,0.3,51,93,False,0.6867
summ-066,summarisation,llmlingua_qwen,0.3,73,93,False,0.7357
summ-066,summarisation,llmlingua2,0.3,83,93,False,0.6762
summ-067,summarisation,random_deletion,0.7,102,115,False,0.7641
summ-067,summarisation,llmlingua_qwen,0.7,84,115,False,0.7263
summ-067,summarisation,llmlingua2,0.7,92,115,False,0.7858
summ-067,summarisation,random_deletion,0.5,87,115,False,0.6975
summ-067,summarisation,llmlingua_qwen,0.5,107,115,False,0.714
summ-067,summarisation,llmlingua2,0.5,85,115,False,0.6986
summ-067,summarisation,random_deletion,0.3,92,115,False,0.6278
summ-067,summarisation,llmlingua_qwen,0.3,93,115,False,0.671
summ-067,summarisation,llmlingua2,0.3,162,115,False,0.6357
summ-068,summarisation,random_deletion,0.7,139,78,False,0.7134
summ-068,summarisation,llmlingua_qwen,0.7,85,78,False,0.7428
summ-068,summarisation,llmlingua2,0.7,66,78,False,0.7364
summ-068,summarisation,random_deletion,0.5,363,78,False,0.6103
summ-068,summarisation,llmlingua_qwen,0.5,106,78,False,0.7208
summ-068,summarisation,llmlingua2,0.5,100,78,False,0.7213
summ-068,summarisation,random_deletion,0.3,228,78,False,0.6009
summ-068,summarisation,llmlingua_qwen,0.3,68,78,False,0.7379
summ-068,summarisation,llmlingua2,0.3,204,78,False,0.6005
summ-069,summarisation,random_deletion,0.7,146,166,False,0.7757
summ-069,summarisation,llmlingua_qwen,0.7,175,166,False,0.7652
summ-069,summarisation,llmlingua2,0.7,147,166,False,0.7677
summ-069,summarisation,random_deletion,0.5,90,166,False,0.695
summ-069,summarisation,llmlingua_qwen,0.5,205,166,False,0.714
summ-069,summarisation,llmlingua2,0.5,77,166,False,0.6696
summ-069,summarisation,random_deletion,0.3,54,166,False,0.6213
summ-069,summarisation,llmlingua_qwen,0.3,248,166,False,0.7144
summ-069,summarisation,llmlingua2,0.3,210,166,False,0.665
summ-070,summarisation,random_deletion,0.7,81,85,False,0.8175
summ-070,summarisation,llmlingua_qwen,0.7,75,85,False,0.749
summ-070,summarisation,llmlingua2,0.7,92,85,False,0.8216
summ-070,summarisation,random_deletion,0.5,110,85,False,0.7071
summ-070,summarisation,llmlingua_qwen,0.5,77,85,False,0.7136
summ-070,summarisation,llmlingua2,0.5,70,85,False,0.738
summ-070,summarisation,random_deletion,0.3,252,85,False,0.6095
summ-070,summarisation,llmlingua_qwen,0.3,73,85,False,0.6884
summ-070,summarisation,llmlingua2,0.3,341,85,False,0.5594
summ-071,summarisation,random_deletion,0.7,24,28,False,0.7331
summ-071,summarisation,llmlingua_qwen,0.7,30,28,False,0.7502
summ-071,summarisation,llmlingua2,0.7,30,28,False,0.738
summ-071,summarisation,random_deletion,0.5,38,28,False,0.6993
summ-071,summarisation,llmlingua_qwen,0.5,39,28,False,0.6457
summ-071,summarisation,llmlingua2,0.5,30,28,False,0.6571
summ-071,summarisation,random_deletion,0.3,86,28,False,0.5852
summ-071,summarisation,llmlingua_qwen,0.3,36,28,False,0.645
summ-071,summarisation,llmlingua2,0.3,72,28,False,0.6472
summ-072,summarisation,random_deletion,0.7,57,53,False,0.6976
summ-072,summarisation,llmlingua_qwen,0.7,51,53,False,0.7064
summ-072,summarisation,llmlingua2,0.7,54,53,False,0.8112
summ-072,summarisation,random_deletion,0.5,44,53,False,0.6718
summ-072,summarisation,llmlingua_qwen,0.5,53,53,False,0.6275
summ-072,summarisation,llmlingua2,0.5,31,53,False,0.7396
summ-072,summarisation,random_deletion,0.3,382,53,False,0.4867
summ-072,summarisation,llmlingua_qwen,0.3,51,53,False,0.6913
summ-072,summarisation,llmlingua2,0.3,45,53,False,0.6576
summ-073,summarisation,random_deletion,0.7,147,109,False,0.7209
summ-073,summarisation,llmlingua_qwen,0.7,93,109,False,0.7343
summ-073,summarisation,llmlingua2,0.7,137,109,False,0.7617
summ-073,summarisation,random_deletion,0.5,54,109,False,0.6781
summ-073,summarisation,llmlingua_qwen,0.5,66,109,False,0.6705
summ-073,summarisation,llmlingua2,0.5,144,109,False,0.6645
summ-073,summarisation,random_deletion,0.3,100,109,False,0.5865
summ-073,summarisation,llmlingua_qwen,0.3,64,109,False,0.6761
summ-073,summarisation,llmlingua2,0.3,173,109,False,0.6155
summ-074,summarisation,random_deletion,0.7,171,210,False,0.7443
summ-074,summarisation,llmlingua_qwen,0.7,208,210,False,0.7994
summ-074,summarisation,llmlingua2,0.7,232,210,False,0.7406
summ-074,summarisation,random_deletion,0.5,177,210,False,0.6622
summ-074,summarisation,llmlingua_qwen,0.5,220,210,False,0.6777
summ-074,summarisation,llmlingua2,0.5,303,210,False,0.7069
summ-074,summarisation,random_deletion,0.3,139,210,False,0.6306
summ-074,summarisation,llmlingua_qwen,0.3,251,210,False,0.6643
summ-074,summarisation,llmlingua2,0.3,157,210,False,0.6629
summ-075,summarisation,random_deletion,0.7,41,50,False,0.6878
summ-075,summarisation,llmlingua_qwen,0.7,42,50,False,0.6825
summ-075,summarisation,llmlingua2,0.7,54,50,False,0.7133
summ-075,summarisation,random_deletion,0.5,48,50,False,0.7127
summ-075,summarisation,llmlingua_qwen,0.5,41,50,False,0.7621
summ-075,summarisation,llmlingua2,0.5,49,50,False,0.7459
summ-075,summarisation,random_deletion,0.3,80,50,False,0.5928
summ-075,summarisation,llmlingua_qwen,0.3,40,50,False,0.6948
summ-075,summarisation,llmlingua2,0.3,50,50,False,0.6512
summ-076,summarisation,random_deletion,0.7,160,86,False,0.6869
summ-076,summarisation,llmlingua_qwen,0.7,80,86,False,0.7095
summ-076,summarisation,llmlingua2,0.7,101,86,False,0.7203
summ-076,summarisation,random_deletion,0.5,83,86,False,0.669
summ-076,summarisation,llmlingua_qwen,0.5,84,86,False,0.6982
summ-076,summarisation,llmlingua2,0.5,75,86,False,0.6755
summ-076,summarisation,random_deletion,0.3,140,86,False,0.5724
summ-076,summarisation,llmlingua_qwen,0.3,70,86,False,0.6667
summ-076,summarisation,llmlingua2,0.3,78,86,False,0.6432
summ-077,summarisation,random_deletion,0.7,98,121,False,0.7472
summ-077,summarisation,llmlingua_qwen,0.7,93,121,False,0.7156
summ-077,summarisation,llmlingua2,0.7,120,121,False,0.7923
summ-077,summarisation,random_deletion,0.5,198,121,False,0.6623
summ-077,summarisation,llmlingua_qwen,0.5,92,121,False,0.7123
summ-077,summarisation,llmlingua2,0.5,118,121,False,0.6932
summ-077,summarisation,random_deletion,0.3,82,121,False,0.6501
summ-077,summarisation,llmlingua_qwen,0.3,105,121,False,0.6997
summ-077,summarisation,llmlingua2,0.3,92,121,False,0.6512
summ-078,summarisation,random_deletion,0.7,116,71,False,0.6588
summ-078,summarisation,llmlingua_qwen,0.7,81,71,False,0.697
summ-078,summarisation,llmlingua2,0.7,115,71,False,0.6953
summ-078,summarisation,random_deletion,0.5,110,71,False,0.5912
summ-078,summarisation,llmlingua_qwen,0.5,69,71,False,0.7139
summ-078,summarisation,llmlingua2,0.5,111,71,False,0.6349
summ-078,summarisation,random_deletion,0.3,374,71,False,0.5503
summ-078,summarisation,llmlingua_qwen,0.3,80,71,False,0.6516
summ-078,summarisation,llmlingua2,0.3,221,71,False,0.5596
summ-079,summarisation,random_deletion,0.7,142,122,False,0.7193
summ-079,summarisation,llmlingua_qwen,0.7,150,122,False,0.7741
summ-079,summarisation,llmlingua2,0.7,142,122,False,0.7203
summ-079,summarisation,random_deletion,0.5,337,122,False,0.6332
summ-079,summarisation,llmlingua_qwen,0.5,190,122,False,0.7539
summ-079,summarisation,llmlingua2,0.5,128,122,False,0.6588
summ-079,summarisation,random_deletion,0.3,275,122,False,0.6234
summ-079,summarisation,llmlingua_qwen,0.3,173,122,False,0.7377
summ-079,summarisation,llmlingua2,0.3,117,122,False,0.6673
summ-080,summarisation,random_deletion,0.7,99,67,False,0.7802
summ-080,summarisation,llmlingua_qwen,0.7,86,67,False,0.7268
summ-080,summarisation,llmlingua2,0.7,118,67,False,0.8037
summ-080,summarisation,random_deletion,0.5,117,67,False,0.6178
summ-080,summarisation,llmlingua_qwen,0.5,76,67,False,0.7
summ-080,summarisation,llmlingua2,0.5,78,67,False,0.7465
summ-080,summarisation,random_deletion,0.3,57,67,False,0.6309
summ-080,summarisation,llmlingua_qwen,0.3,78,67,False,0.6932
summ-080,summarisation,llmlingua2,0.3,204,67,False,0.579
summ-081,summarisation,random_deletion,0.7,127,37,False,0.6681
summ-081,summarisation,llmlingua_qwen,0.7,35,37,False,0.7242
summ-081,summarisation,llmlingua2,0.7,31,37,False,0.7725
summ-081,summarisation,random_deletion,0.5,97,37,False,0.6058
summ-081,summarisation,llmlingua_qwen,0.5,36,37,False,0.7474
summ-081,summarisation,llmlingua2,0.5,34,37,False,0.6515
summ-081,summarisation,random_deletion,0.3,16,37,False,0.6224
summ-081,summarisation,llmlingua_qwen,0.3,33,37,False,0.7249
summ-081,summarisation,llmlingua2,0.3,72,37,False,0.6654
summ-082,summarisation,random_deletion,0.7,91,47,False,0.7376
summ-082,summarisation,llmlingua_qwen,0.7,48,47,False,0.7228
summ-082,summarisation,llmlingua2,0.7,53,47,False,0.7931
summ-082,summarisation,random_deletion,0.5,157,47,False,0.6546
summ-082,summarisation,llmlingua_qwen,0.5,35,47,False,0.7035
summ-082,summarisation,llmlingua2,0.5,46,47,False,0.702
summ-082,summarisation,random_deletion,0.3,154,47,False,0.588
summ-082,summarisation,llmlingua_qwen,0.3,35,47,False,0.6828
summ-082,summarisation,llmlingua2,0.3,28,47,False,0.6382
summ-083,summarisation,random_deletion,0.7,149,107,False,0.7177
summ-083,summarisation,llmlingua_qwen,0.7,85,107,False,0.7403
summ-083,summarisation,llmlingua2,0.7,125,107,False,0.7595
summ-083,summarisation,random_deletion,0.5,114,107,False,0.6514
summ-083,summarisation,llmlingua_qwen,0.5,77,107,False,0.6816
summ-083,summarisation,llmlingua2,0.5,140,107,False,0.6919
summ-083,summarisation,random_deletion,0.3,173,107,False,0.5851
summ-083,summarisation,llmlingua_qwen,0.3,60,107,False,0.6871
summ-083,summarisation,llmlingua2,0.3,128,107,False,0.6214
summ-084,summarisation,random_deletion,0.7,168,199,False,0.8114
summ-084,summarisation,llmlingua_qwen,0.7,191,199,False,0.7745
summ-084,summarisation,llmlingua2,0.7,199,199,False,0.8355
summ-084,summarisation,random_deletion,0.5,277,199,False,0.7333
summ-084,summarisation,llmlingua_qwen,0.5,193,199,False,0.6825
summ-084,summarisation,llmlingua2,0.5,167,199,False,0.7285
summ-084,summarisation,random_deletion,0.3,98,199,False,0.6339
summ-084,summarisation,llmlingua_qwen,0.3,253,199,False,0.6729
summ-084,summarisation,llmlingua2,0.3,113,199,False,0.655
summ-085,summarisation,random_deletion,0.7,110,46,False,0.6318
summ-085,summarisation,llmlingua_qwen,0.7,39,46,False,0.6645
summ-085,summarisation,llmlingua2,0.7,41,46,False,0.8475
summ-085,summarisation,random_deletion,0.5,39,46,False,0.6886
summ-085,summarisation,llmlingua_qwen,0.5,38,46,False,0.7178
summ-085,summarisation,llmlingua2,0.5,49,46,False,0.6947
summ-085,summarisation,random_deletion,0.3,121,46,False,0.5786
summ-085,summarisation,llmlingua_qwen,0.3,33,46,False,0.6873
summ-085,summarisation,llmlingua2,0.3,51,46,False,0.6767
summ-086,summarisation,random_deletion,0.7,74,98,False,0.7399
summ-086,summarisation,llmlingua_qwen,0.7,81,98,False,0.7281
summ-086,summarisation,llmlingua2,0.7,84,98,False,0.7872
summ-086,summarisation,random_deletion,0.5,72,98,False,0.6891
summ-086,summarisation,llmlingua_qwen,0.5,68,98,False,0.7653
summ-086,summarisation,llmlingua2,0.5,92,98,False,0.6703
summ-086,summarisation,random_deletion,0.3,74,98,False,0.628
summ-086,summarisation,llmlingua_qwen,0.3,71,98,False,0.6733
summ-086,summarisation,llmlingua2,0.3,85,98,False,0.6334
summ-087,summarisation,random_deletion,0.7,106,91,False,0.7757
summ-087,summarisation,llmlingua_qwen,0.7,97,91,False,0.7418
summ-087,summarisation,llmlingua2,0.7,101,91,False,0.7839
summ-087,summarisation,random_deletion,0.5,141,91,False,0.697
summ-087,summarisation,llmlingua_qwen,0.5,106,91,False,0.6461
summ-087,summarisation,llmlingua2,0.5,104,91,False,0.7558
summ-087,summarisation,random_deletion,0.3,199,91,False,0.6199
summ-087,summarisation,llmlingua_qwen,0.3,95,91,False,0.6246
summ-087,summarisation,llmlingua2,0.3,138,91,False,0.6451
summ-088,summarisation,random_deletion,0.7,105,92,False,0.7242
summ-088,summarisation,llmlingua_qwen,0.7,88,92,False,0.7802
summ-088,summarisation,llmlingua2,0.7,88,92,False,0.7598
summ-088,summarisation,random_deletion,0.5,104,92,False,0.6969
summ-088,summarisation,llmlingua_qwen,0.5,77,92,False,0.7136
summ-088,summarisation,llmlingua2,0.5,94,92,False,0.7961
summ-088,summarisation,random_deletion,0.3,95,92,False,0.6075
summ-088,summarisation,llmlingua_qwen,0.3,61,92,False,0.6938
summ-088,summarisation,llmlingua2,0.3,97,92,False,0.6317
summ-089,summarisation,random_deletion,0.7,112,151,False,0.7609
summ-089,summarisation,llmlingua_qwen,0.7,155,151,False,0.7907
summ-089,summarisation,llmlingua2,0.7,143,151,False,0.7908
summ-089,summarisation,random_deletion,0.5,90,151,False,0.6269
summ-089,summarisation,llmlingua_qwen,0.5,151,151,False,0.7298
summ-089,summarisation,llmlingua2,0.5,154,151,False,0.7714
summ-089,summarisation,random_deletion,0.3,59,151,False,0.6603
summ-089,summarisation,llmlingua_qwen,0.3,158,151,False,0.715
summ-089,summarisation,llmlingua2,0.3,102,151,False,0.6495
summ-090,summarisation,random_deletion,0.7,65,93,False,0.7412
summ-090,summarisation,llmlingua_qwen,0.7,65,93,False,0.7421
summ-090,summarisation,llmlingua2,0.7,103,93,False,0.8265
summ-090,summarisation,random_deletion,0.5,80,93,False,0.7353
summ-090,summarisation,llmlingua_qwen,0.5,70,93,False,0.705
summ-090,summarisation,llmlingua2,0.5,76,93,False,0.7486
summ-090,summarisation,random_deletion,0.3,48,93,False,0.6729
summ-090,summarisation,llmlingua_qwen,0.3,72,93,False,0.7018
summ-090,summarisation,llmlingua2,0.3,50,93,False,0.7155
summ-091,summarisation,random_deletion,0.7,52,32,False,0.6514
summ-091,summarisation,llmlingua_qwen,0.7,30,32,False,0.6757
summ-091,summarisation,llmlingua2,0.7,32,32,False,0.6425
summ-091,summarisation,random_deletion,0.5,65,32,False,0.6485
summ-091,summarisation,llmlingua_qwen,0.5,33,32,False,0.6787
summ-091,summarisation,llmlingua2,0.5,28,32,False,0.6015
summ-091,summarisation,random_deletion,0.3,245,32,False,0.4658
summ-091,summarisation,llmlingua_qwen,0.3,28,32,False,0.6501
summ-091,summarisation,llmlingua2,0.3,102,32,False,0.5964
summ-092,summarisation,random_deletion,0.7,54,55,False,0.6856
summ-092,summarisation,llmlingua_qwen,0.7,44,55,False,0.7045
summ-092,summarisation,llmlingua2,0.7,58,55,False,0.8255
summ-092,summarisation,random_deletion,0.5,93,55,False,0.681
summ-092,summarisation,llmlingua_qwen,0.5,40,55,False,0.625
summ-092,summarisation,llmlingua2,0.5,39,55,False,0.6683
summ-092,summarisation,random_deletion,0.3,46,55,False,0.4969
summ-092,summarisation,llmlingua_qwen,0.3,36,55,False,0.6306
summ-092,summarisation,llmlingua2,0.3,51,55,False,0.639
summ-093,summarisation,random_deletion,0.7,167,99,False,0.6916
summ-093,summarisation,llmlingua_qwen,0.7,98,99,False,0.7427
summ-093,summarisation,llmlingua2,0.7,153,99,False,0.7371
summ-093,summarisation,random_deletion,0.5,141,99,False,0.668
summ-093,summarisation,llmlingua_qwen,0.5,82,99,False,0.7047
summ-093,summarisation,llmlingua2,0.5,130,99,False,0.6998
summ-093,summarisation,random_deletion,0.3,227,99,False,0.5857
summ-093,summarisation,llmlingua_qwen,0.3,63,99,False,0.6558
summ-093,summarisation,llmlingua2,0.3,142,99,False,0.6299
summ-094,summarisation,random_deletion,0.7,271,179,False,0.7517
summ-094,summarisation,llmlingua_qwen,0.7,189,179,False,0.738
summ-094,summarisation,llmlingua2,0.7,192,179,False,0.8107
summ-094,summarisation,random_deletion,0.5,194,179,False,0.7192
summ-094,summarisation,llmlingua_qwen,0.5,197,179,False,0.6882
summ-094,summarisation,llmlingua2,0.5,162,179,False,0.7342
summ-094,summarisation,random_deletion,0.3,56,179,False,0.5844
summ-094,summarisation,llmlingua_qwen,0.3,204,179,False,0.6893
summ-094,summarisation,llmlingua2,0.3,145,179,False,0.6899
summ-095,summarisation,random_deletion,0.7,113,52,False,0.7049
summ-095,summarisation,llmlingua_qwen,0.7,48,52,False,0.714
summ-095,summarisation,llmlingua2,0.7,54,52,False,0.8764
summ-095,summarisation,random_deletion,0.5,86,52,False,0.6236
summ-095,summarisation,llmlingua_qwen,0.5,43,52,False,0.6893
summ-095,summarisation,llmlingua2,0.5,49,52,False,0.8247
summ-095,summarisation,random_deletion,0.3,112,52,False,0.6092
summ-095,summarisation,llmlingua_qwen,0.3,34,52,False,0.6689
summ-095,summarisation,llmlingua2,0.3,51,52,False,0.7492
summ-096,summarisation,random_deletion,0.7,70,89,False,0.6902
summ-096,summarisation,llmlingua_qwen,0.7,86,89,False,0.8044
summ-096,summarisation,llmlingua2,0.7,79,89,False,0.8335
summ-096,summarisation,random_deletion,0.5,37,89,False,0.6759
summ-096,summarisation,llmlingua_qwen,0.5,85,89,False,0.6883
summ-096,summarisation,llmlingua2,0.5,102,89,False,0.757
summ-096,summarisation,random_deletion,0.3,99,89,False,0.5987
summ-096,summarisation,llmlingua_qwen,0.3,81,89,False,0.7318
summ-096,summarisation,llmlingua2,0.3,86,89,False,0.71
summ-097,summarisation,random_deletion,0.7,86,101,False,0.7413
summ-097,summarisation,llmlingua_qwen,0.7,72,101,False,0.7289
summ-097,summarisation,llmlingua2,0.7,96,101,False,0.8324
summ-097,summarisation,random_deletion,0.5,18,101,False,0.5007
summ-097,summarisation,llmlingua_qwen,0.5,83,101,False,0.6803
summ-097,summarisation,llmlingua2,0.5,152,101,False,0.6722
summ-097,summarisation,random_deletion,0.3,147,101,False,0.6108
summ-097,summarisation,llmlingua_qwen,0.3,95,101,False,0.6595
summ-097,summarisation,llmlingua2,0.3,139,101,False,0.6858
summ-098,summarisation,random_deletion,0.7,127,102,False,0.7111
summ-098,summarisation,llmlingua_qwen,0.7,114,102,False,0.6709
summ-098,summarisation,llmlingua2,0.7,115,102,False,0.7465
summ-098,summarisation,random_deletion,0.5,127,102,False,0.6671
summ-098,summarisation,llmlingua_qwen,0.5,64,102,False,0.7393
summ-098,summarisation,llmlingua2,0.5,123,102,False,0.7005
summ-098,summarisation,random_deletion,0.3,321,102,False,0.5885
summ-098,summarisation,llmlingua_qwen,0.3,66,102,False,0.7018
summ-098,summarisation,llmlingua2,0.3,69,102,False,0.6367
summ-099,summarisation,random_deletion,0.7,129,142,False,0.7236
summ-099,summarisation,llmlingua_qwen,0.7,132,142,False,0.8086
summ-099,summarisation,llmlingua2,0.7,166,142,False,0.7355
summ-099,summarisation,random_deletion,0.5,72,142,False,0.5919
summ-099,summarisation,llmlingua_qwen,0.5,173,142,False,0.7268
summ-099,summarisation,llmlingua2,0.5,137,142,False,0.6757
summ-099,summarisation,random_deletion,0.3,211,142,False,0.5946
summ-099,summarisation,llmlingua_qwen,0.3,180,142,False,0.7106
summ-099,summarisation,llmlingua2,0.3,142,142,False,0.6913
summ-100,summarisation,random_deletion,0.7,78,80,False,0.7396
summ-100,summarisation,llmlingua_qwen,0.7,63,80,False,0.7086
summ-100,summarisation,llmlingua2,0.7,73,80,False,0.7469
summ-100,summarisation,random_deletion,0.5,67,80,False,0.7127
summ-100,summarisation,llmlingua_qwen,0.5,84,80,False,0.6654
summ-100,summarisation,llmlingua2,0.5,91,80,False,0.7211
summ-100,summarisation,random_deletion,0.3,249,80,False,0.5562
summ-100,summarisation,llmlingua_qwen,0.3,85,80,False,0.6662
summ-100,summarisation,llmlingua2,0.3,97,80,False,0.6561
qa-001,qa,random_deletion,0.7,19,21,False,0.9374
qa-001,qa,llmlingua_qwen,0.7,21,21,False,1.0
qa-001,qa,llmlingua2,0.7,25,21,False,0.887
qa-001,qa,random_deletion,0.5,18,21,False,0.9327
qa-001,qa,llmlingua_qwen,0.5,21,21,False,1.0
qa-001,qa,llmlingua2,0.5,52,21,False,0.7962
qa-001,qa,random_deletion,0.3,64,21,False,0.6582
qa-001,qa,llmlingua_qwen,0.3,21,21,False,1.0
qa-001,qa,llmlingua2,0.3,44,21,False,0.7549
qa-002,qa,random_deletion,0.7,49,40,False,0.7441
qa-002,qa,llmlingua_qwen,0.7,40,40,False,1.0
qa-002,qa,llmlingua2,0.7,285,40,False,0.6138
qa-002,qa,random_deletion,0.5,39,40,False,0.8435
qa-002,qa,llmlingua_qwen,0.5,40,40,False,1.0
qa-002,qa,llmlingua2,0.5,382,40,False,0.574
qa-002,qa,random_deletion,0.3,72,40,False,0.4395
qa-002,qa,llmlingua_qwen,0.3,40,40,False,1.0
qa-002,qa,llmlingua2,0.3,70,40,False,0.5069
qa-003,qa,random_deletion,0.7,98,84,False,0.7106
qa-003,qa,llmlingua_qwen,0.7,84,84,False,1.0
qa-003,qa,llmlingua2,0.7,83,84,False,0.9518
qa-003,qa,random_deletion,0.5,111,84,False,0.6581
qa-003,qa,llmlingua_qwen,0.5,84,84,False,1.0
qa-003,qa,llmlingua2,0.5,52,84,False,0.6804
qa-003,qa,random_deletion,0.3,185,84,False,0.5527
qa-003,qa,llmlingua_qwen,0.3,84,84,False,1.0
qa-003,qa,llmlingua2,0.3,56,84,False,0.6694
qa-004,qa,random_deletion,0.7,26,11,False,0.7596
qa-004,qa,llmlingua_qwen,0.7,11,11,False,1.0
qa-004,qa,llmlingua2,0.7,30,11,False,0.7751
qa-004,qa,random_deletion,0.5,96,11,False,0.4455
qa-004,qa,llmlingua_qwen,0.5,11,11,False,1.0
qa-004,qa,llmlingua2,0.5,50,11,False,0.6527
qa-004,qa,random_deletion,0.3,49,11,False,0.4402
qa-004,qa,llmlingua_qwen,0.3,11,11,False,1.0
qa-004,qa,llmlingua2,0.3,217,11,False,0.5003
qa-005,qa,random_deletion,0.7,24,62,False,0.8043
qa-005,qa,llmlingua_qwen,0.7,62,62,False,1.0
qa-005,qa,llmlingua2,0.7,109,62,False,0.727
qa-005,qa,random_deletion,0.5,165,62,False,0.7323
qa-005,qa,llmlingua_qwen,0.5,62,62,False,1.0
qa-005,qa,llmlingua2,0.5,66,62,False,0.7865
qa-005,qa,random_deletion,0.3,9,62,False,0.3913
qa-005,qa,llmlingua_qwen,0.3,62,62,False,1.0
qa-005,qa,llmlingua2,0.3,47,62,False,0.4759
qa-006,qa,random_deletion,0.7,40,110,False,0.6873
qa-006,qa,llmlingua_qwen,0.7,110,110,False,1.0
qa-006,qa,llmlingua2,0.7,136,110,False,0.7901
qa-006,qa,random_deletion,0.5,475,110,False,0.5517
qa-006,qa,llmlingua_qwen,0.5,110,110,False,1.0
qa-006,qa,llmlingua2,0.5,216,110,False,0.5589
qa-006,qa,random_deletion,0.3,93,110,False,0.6617
qa-006,qa,llmlingua_qwen,0.3,110,110,False,1.0
qa-006,qa,llmlingua2,0.3,46,110,False,0.4793
qa-007,qa,random_deletion,0.7,23,26,False,0.5952
qa-007,qa,llmlingua_qwen,0.7,26,26,False,1.0
qa-007,qa,llmlingua2,0.7,28,26,False,0.9814
qa-007,qa,random_deletion,0.5,43,26,False,0.7856
qa-007,qa,llmlingua_qwen,0.5,26,26,False,1.0
qa-007,qa,llmlingua2,0.5,33,26,False,0.8494
qa-007,qa,random_deletion,0.3,61,26,False,0.5312
qa-007,qa,llmlingua_qwen,0.3,26,26,False,1.0
qa-007,qa,llmlingua2,0.3,55,26,False,0.681
qa-008,qa,random_deletion,0.7,29,18,False,0.6528
qa-008,qa,llmlingua_qwen,0.7,18,18,False,1.0
qa-008,qa,llmlingua2,0.7,24,18,False,0.8198
qa-008,qa,random_deletion,0.5,58,18,False,0.5372
qa-008,qa,llmlingua_qwen,0.5,18,18,False,1.0
qa-008,qa,llmlingua2,0.5,50,18,False,0.5534
qa-008,qa,random_deletion,0.3,50,18,False,0.5329
qa-008,qa,llmlingua_qwen,0.3,18,18,False,1.0
qa-008,qa,llmlingua2,0.3,51,18,False,0.5536
qa-009,qa,random_deletion,0.7,37,33,False,0.7775
qa-009,qa,llmlingua_qwen,0.7,33,33,False,1.0
qa-009,qa,llmlingua2,0.7,93,33,False,0.689
qa-009,qa,random_deletion,0.5,55,33,False,0.5916
qa-009,qa,llmlingua_qwen,0.5,33,33,False,1.0
qa-009,qa,llmlingua2,0.5,63,33,False,0.72
qa-009,qa,random_deletion,0.3,23,33,False,0.4193
qa-009,qa,llmlingua_qwen,0.3,33,33,False,1.0
qa-009,qa,llmlingua2,0.3,40,33,False,0.5862
qa-010,qa,random_deletion,0.7,43,39,False,0.6206
qa-010,qa,llmlingua_qwen,0.7,39,39,False,1.0
qa-010,qa,llmlingua2,0.7,37,39,False,0.82
qa-010,qa,random_deletion,0.5,37,39,False,0.8325
qa-010,qa,llmlingua_qwen,0.5,39,39,False,1.0
qa-010,qa,llmlingua2,0.5,12,39,False,0.3575
qa-010,qa,random_deletion,0.3,225,39,False,0.6197
qa-010,qa,llmlingua_qwen,0.3,39,39,False,1.0
qa-010,qa,llmlingua2,0.3,50,39,False,0.5248
qa-011,qa,random_deletion,0.7,181,132,False,0.7444
qa-011,qa,llmlingua_qwen,0.7,132,132,False,1.0
qa-011,qa,llmlingua2,0.7,133,132,False,0.787
qa-011,qa,random_deletion,0.5,30,132,False,0.6493
qa-011,qa,llmlingua_qwen,0.5,132,132,False,1.0
qa-011,qa,llmlingua2,0.5,131,132,False,0.7743
qa-011,qa,random_deletion,0.3,55,132,False,0.6477
qa-011,qa,llmlingua_qwen,0.3,132,132,False,1.0
qa-011,qa,llmlingua2,0.3,79,132,False,0.5891
qa-012,qa,random_deletion,0.7,62,60,False,0.8228
qa-012,qa,llmlingua_qwen,0.7,60,60,False,1.0
qa-012,qa,llmlingua2,0.7,102,60,False,0.754
qa-012,qa,random_deletion,0.5,54,60,False,0.5586
qa-012,qa,llmlingua_qwen,0.5,60,60,False,1.0
qa-012,qa,llmlingua2,0.5,72,60,False,0.6365
qa-012,qa,random_deletion,0.3,34,60,False,0.4586
qa-012,qa,llmlingua_qwen,0.3,60,60,False,1.0
qa-012,qa,llmlingua2,0.3,30,60,False,0.5074
qa-013,qa,random_deletion,0.7,60,244,False,0.4341
qa-013,qa,llmlingua_qwen,0.7,244,244,False,1.0
qa-013,qa,llmlingua2,0.7,225,244,False,0.7201
qa-013,qa,random_deletion,0.5,41,244,False,0.3791
qa-013,qa,llmlingua_qwen,0.5,244,244,False,1.0
qa-013,qa,llmlingua2,0.5,152,244,False,0.672
qa-013,qa,random_deletion,0.3,71,244,False,0.4301
qa-013,qa,llmlingua_qwen,0.3,244,244,False,1.0
qa-013,qa,llmlingua2,0.3,39,244,False,0.4153
qa-014,qa,random_deletion,0.7,79,51,False,0.6919
qa-014,qa,llmlingua_qwen,0.7,51,51,False,1.0
qa-014,qa,llmlingua2,0.7,110,51,False,0.6898
qa-014,qa,random_deletion,0.5,41,51,False,0.6146
qa-014,qa,llmlingua_qwen,0.5,51,51,False,1.0
qa-014,qa,llmlingua2,0.5,200,51,False,0.5367
qa-014,qa,random_deletion,0.3,58,51,False,0.5705
qa-014,qa,llmlingua_qwen,0.3,51,51,False,1.0
qa-014,qa,llmlingua2,0.3,44,51,False,0.548
qa-015,qa,random_deletion,0.7,61,66,False,0.7333
qa-015,qa,llmlingua_qwen,0.7,66,66,False,1.0
qa-015,qa,llmlingua2,0.7,80,66,False,0.7316
qa-015,qa,random_deletion,0.5,47,66,False,0.5007
qa-015,qa,llmlingua_qwen,0.5,66,66,False,1.0
qa-015,qa,llmlingua2,0.5,30,66,False,0.4506
qa-015,qa,random_deletion,0.3,39,66,False,0.5174
qa-015,qa,llmlingua_qwen,0.3,66,66,False,1.0
qa-015,qa,llmlingua2,0.3,34,66,False,0.4787
qa-016,qa,random_deletion,0.7,23,77,False,0.7388
qa-016,qa,llmlingua_qwen,0.7,77,77,False,1.0
qa-016,qa,llmlingua2,0.7,187,77,False,0.6585
qa-016,qa,random_deletion,0.5,97,77,False,0.6614
qa-016,qa,llmlingua_qwen,0.5,77,77,False,1.0
qa-016,qa,llmlingua2,0.5,174,77,False,0.566
qa-016,qa,random_deletion,0.3,47,77,False,0.5943
qa-016,qa,llmlingua_qwen,0.3,77,77,False,1.0
qa-016,qa,llmlingua2,0.3,181,77,False,0.5718
qa-017,qa,random_deletion,0.7,36,20,False,0.7029
qa-017,qa,llmlingua_qwen,0.7,20,20,False,1.0
qa-017,qa,llmlingua2,0.7,180,20,False,0.5974
qa-017,qa,random_deletion,0.5,38,20,False,0.5102
qa-017,qa,llmlingua_qwen,0.5,20,20,False,1.0
qa-017,qa,llmlingua2,0.5,65,20,False,0.6213
qa-017,qa,random_deletion,0.3,30,20,False,0.4881
qa-017,qa,llmlingua_qwen,0.3,20,20,False,1.0
qa-017,qa,llmlingua2,0.3,27,20,False,0.4881
qa-018,qa,random_deletion,0.7,43,195,False,0.5686
qa-018,qa,llmlingua_qwen,0.7,195,195,False,1.0
qa-018,qa,llmlingua2,0.7,163,195,False,0.8621
qa-018,qa,random_deletion,0.5,40,195,False,0.3747
qa-018,qa,llmlingua_qwen,0.5,195,195,False,1.0
qa-018,qa,llmlingua2,0.5,177,195,False,0.743
qa-018,qa,random_deletion,0.3,37,195,False,0.3859
qa-018,qa,llmlingua_qwen,0.3,195,195,False,1.0
qa-018,qa,llmlingua2,0.3,148,195,False,0.6917
qa-019,qa,random_deletion,0.7,89,58,False,0.7243
qa-019,qa,llmlingua_qwen,0.7,58,58,False,1.0
qa-019,qa,llmlingua2,0.7,61,58,False,0.7934
qa-019,qa,random_deletion,0.5,54,58,False,0.5899
qa-019,qa,llmlingua_qwen,0.5,58,58,False,1.0
qa-019,qa,llmlingua2,0.5,54,58,False,0.6736
qa-019,qa,random_deletion,0.3,36,58,False,0.4741
qa-019,qa,llmlingua_qwen,0.3,58,58,False,1.0
qa-019,qa,llmlingua2,0.3,47,58,False,0.5473
qa-020,qa,random_deletion,0.7,85,79,False,0.7647
qa-020,qa,llmlingua_qwen,0.7,79,79,False,1.0
qa-020,qa,llmlingua2,0.7,164,79,False,0.7058
qa-020,qa,random_deletion,0.5,43,79,False,0.5028
qa-020,qa,llmlingua_qwen,0.5,79,79,False,1.0
qa-020,qa,llmlingua2,0.5,199,79,False,0.6533
qa-020,qa,random_deletion,0.3,47,79,False,0.5124
qa-020,qa,llmlingua_qwen,0.3,79,79,False,1.0
qa-020,qa,llmlingua2,0.3,168,79,False,0.6432
qa-021,qa,random_deletion,0.7,150,146,False,0.7796
qa-021,qa,llmlingua_qwen,0.7,146,146,False,1.0
qa-021,qa,llmlingua2,0.7,208,146,False,0.7184
qa-021,qa,random_deletion,0.5,215,146,False,0.6523
qa-021,qa,llmlingua_qwen,0.5,146,146,False,1.0
qa-021,qa,llmlingua2,0.5,188,146,False,0.716
qa-021,qa,random_deletion,0.3,96,146,False,0.6566
qa-021,qa,llmlingua_qwen,0.3,146,146,False,1.0
qa-021,qa,llmlingua2,0.3,127,146,False,0.7148
qa-022,qa,random_deletion,0.7,387,370,False,0.7991
qa-022,qa,llmlingua_qwen,0.7,370,370,False,1.0
qa-022,qa,llmlingua2,0.7,341,370,False,0.8122
qa-022,qa,random_deletion,0.5,191,370,False,0.7299
qa-022,qa,llmlingua_qwen,0.5,370,370,False,1.0
qa-022,qa,llmlingua2,0.5,269,370,False,0.7574
qa-022,qa,random_deletion,0.3,334,370,False,0.7563
qa-022,qa,llmlingua_qwen,0.3,370,370,False,1.0
qa-022,qa,llmlingua2,0.3,395,370,False,0.7081
qa-023,qa,random_deletion,0.7,205,209,False,0.7965
qa-023,qa,llmlingua_qwen,0.7,209,209,False,1.0
qa-023,qa,llmlingua2,0.7,231,209,False,0.6845
qa-023,qa,random_deletion,0.5,268,209,False,0.6822
qa-023,qa,llmlingua_qwen,0.5,209,209,False,1.0
qa-023,qa,llmlingua2,0.5,248,209,False,0.6142
qa-023,qa,random_deletion,0.3,47,209,False,0.499
qa-023,qa,llmlingua_qwen,0.3,209,209,False,1.0
qa-023,qa,llmlingua2,0.3,90,209,False,0.6902
qa-024,qa,random_deletion,0.7,224,163,False,0.6532
qa-024,qa,llmlingua_qwen,0.7,163,163,False,1.0
qa-024,qa,llmlingua2,0.7,145,163,False,0.6375
qa-024,qa,random_deletion,0.5,188,163,False,0.5746
qa-024,qa,llmlingua_qwen,0.5,163,163,False,1.0
qa-024,qa,llmlingua2,0.5,116,163,False,0.6136
qa-024,qa,random_deletion,0.3,85,163,False,0.5275
qa-024,qa,llmlingua_qwen,0.3,163,163,False,1.0
qa-024,qa,llmlingua2,0.3,35,163,False,0.5308
qa-025,qa,random_deletion,0.7,233,293,False,0.8272
qa-025,qa,llmlingua_qwen,0.7,293,293,False,1.0
qa-025,qa,llmlingua2,0.7,306,293,False,0.797
qa-025,qa,random_deletion,0.5,226,293,False,0.8094
qa-025,qa,llmlingua_qwen,0.5,293,293,False,1.0
qa-025,qa,llmlingua2,0.5,224,293,False,0.7676
qa-025,qa,random_deletion,0.3,282,293,False,0.6561
qa-025,qa,llmlingua_qwen,0.3,293,293,False,1.0
qa-025,qa,llmlingua2,0.3,254,293,False,0.716
qa-026,qa,random_deletion,0.7,228,242,False,0.8019
qa-026,qa,llmlingua_qwen,0.7,242,242,False,1.0
qa-026,qa,llmlingua2,0.7,348,242,False,0.6951
qa-026,qa,random_deletion,0.5,230,242,False,0.7802
qa-026,qa,llmlingua_qwen,0.5,242,242,False,1.0
qa-026,qa,llmlingua2,0.5,387,242,False,0.6682
qa-026,qa,random_deletion,0.3,100,242,False,0.6942
qa-026,qa,llmlingua_qwen,0.3,242,242,False,1.0
qa-026,qa,llmlingua2,0.3,217,242,False,0.6663
qa-027,qa,random_deletion,0.7,141,317,False,0.627
qa-027,qa,llmlingua_qwen,0.7,317,317,False,1.0
qa-027,qa,llmlingua2,0.7,224,317,False,0.7063
qa-027,qa,random_deletion,0.5,155,317,False,0.601
qa-027,qa,llmlingua_qwen,0.5,317,317,False,1.0
qa-027,qa,llmlingua2,0.5,272,317,False,0.7088
qa-027,qa,random_deletion,0.3,83,317,False,0.5358
qa-027,qa,llmlingua_qwen,0.3,317,317,False,1.0
qa-027,qa,llmlingua2,0.3,243,317,False,0.6504
qa-028,qa,random_deletion,0.7,252,170,False,0.7987
qa-028,qa,llmlingua_qwen,0.7,170,170,False,1.0
qa-028,qa,llmlingua2,0.7,214,170,False,0.8379
qa-028,qa,random_deletion,0.5,146,170,False,0.6474
qa-028,qa,llmlingua_qwen,0.5,170,170,False,1.0
qa-028,qa,llmlingua2,0.5,217,170,False,0.7338
qa-028,qa,random_deletion,0.3,40,170,False,0.5374
qa-028,qa,llmlingua_qwen,0.3,170,170,False,1.0
qa-028,qa,llmlingua2,0.3,174,170,False,0.6641
qa-029,qa,random_deletion,0.7,238,297,False,0.7241
qa-029,qa,llmlingua_qwen,0.7,297,297,False,1.0
qa-029,qa,llmlingua2,0.7,183,297,False,0.7679
qa-029,qa,random_deletion,0.5,209,297,False,0.7114
qa-029,qa,llmlingua_qwen,0.5,297,297,False,1.0
qa-029,qa,llmlingua2,0.5,330,297,False,0.6006
qa-029,qa,random_deletion,0.3,286,297,False,0.7937
qa-029,qa,llmlingua_qwen,0.3,297,297,False,1.0
qa-029,qa,llmlingua2,0.3,76,297,False,0.512
qa-030,qa,random_deletion,0.7,278,245,False,0.7056
qa-030,qa,llmlingua_qwen,0.7,245,245,False,1.0
qa-030,qa,llmlingua2,0.7,334,245,False,0.761
qa-030,qa,random_deletion,0.5,292,245,False,0.6996
qa-030,qa,llmlingua_qwen,0.5,245,245,False,1.0
qa-030,qa,llmlingua2,0.5,314,245,False,0.7308
qa-030,qa,random_deletion,0.3,223,245,False,0.6678
qa-030,qa,llmlingua_qwen,0.3,245,245,False,1.0
qa-030,qa,llmlingua2,0.3,202,245,False,0.6222
qa-031,qa,random_deletion,0.7,191,386,False,0.6546
qa-031,qa,llmlingua_qwen,0.7,386,386,False,1.0
qa-031,qa,llmlingua2,0.7,449,386,False,0.6982
qa-031,qa,random_deletion,0.5,51,386,False,0.6128
qa-031,qa,llmlingua_qwen,0.5,386,386,False,1.0
qa-031,qa,llmlingua2,0.5,215,386,False,0.6538
qa-031,qa,random_deletion,0.3,47,386,False,0.4277
qa-031,qa,llmlingua_qwen,0.3,386,386,False,1.0
qa-031,qa,llmlingua2,0.3,286,386,False,0.6047
qa-032,qa,random_deletion,0.7,141,497,False,0.6585
qa-032,qa,llmlingua_qwen,0.7,497,497,False,1.0
qa-032,qa,llmlingua2,0.7,218,497,False,0.6707
qa-032,qa,random_deletion,0.5,78,497,False,0.4769
qa-032,qa,llmlingua_qwen,0.5,497,497,False,1.0
qa-032,qa,llmlingua2,0.5,128,497,False,0.6516
qa-032,qa,random_deletion,0.3,40,497,False,0.3403
qa-032,qa,llmlingua_qwen,0.3,497,497,False,1.0
qa-032,qa,llmlingua2,0.3,57,497,False,0.3674
qa-033,qa,random_deletion,0.7,209,265,False,0.7162
qa-033,qa,llmlingua_qwen,0.7,265,265,False,1.0
qa-033,qa,llmlingua2,0.7,274,265,False,0.6932
qa-033,qa,random_deletion,0.5,254,265,False,0.6421
qa-033,qa,llmlingua_qwen,0.5,265,265,False,1.0
qa-033,qa,llmlingua2,0.5,183,265,False,0.6108
qa-033,qa,random_deletion,0.3,98,265,False,0.6002
qa-033,qa,llmlingua_qwen,0.3,265,265,False,1.0
qa-033,qa,llmlingua2,0.3,298,265,False,0.634
qa-034,qa,random_deletion,0.7,213,266,False,0.6688
qa-034,qa,llmlingua_qwen,0.7,266,266,False,1.0
qa-034,qa,llmlingua2,0.7,273,266,False,0.8522
qa-034,qa,random_deletion,0.5,240,266,False,0.7407
qa-034,qa,llmlingua_qwen,0.5,266,266,False,1.0
qa-034,qa,llmlingua2,0.5,209,266,False,0.7406
qa-034,qa,random_deletion,0.3,361,266,False,0.6602
qa-034,qa,llmlingua_qwen,0.3,266,266,False,1.0
qa-034,qa,llmlingua2,0.3,272,266,False,0.7387
qa-035,qa,random_deletion,0.7,249,388,False,0.6882
qa-035,qa,llmlingua_qwen,0.7,388,388,False,1.0
qa-035,qa,llmlingua2,0.7,385,388,False,0.7385
qa-035,qa,random_deletion,0.5,40,388,False,0.4436
qa-035,qa,llmlingua_qwen,0.5,388,388,False,1.0
qa-035,qa,llmlingua2,0.5,414,388,False,0.6933
qa-035,qa,random_deletion,0.3,39,388,False,0.4449
qa-035,qa,llmlingua_qwen,0.3,388,388,False,1.0
qa-035,qa,llmlingua2,0.3,313,388,False,0.6568
qa-036,qa,random_deletion,0.7,255,306,False,0.7801
qa-036,qa,llmlingua_qwen,0.7,306,306,False,1.0
qa-036,qa,llmlingua2,0.7,267,306,False,0.8249
qa-036,qa,random_deletion,0.5,233,306,False,0.7249
qa-036,qa,llmlingua_qwen,0.5,306,306,False,1.0
qa-036,qa,llmlingua2,0.5,302,306,False,0.8219
qa-036,qa,random_deletion,0.3,54,306,False,0.4708
qa-036,qa,llmlingua_qwen,0.3,306,306,False,1.0
qa-036,qa,llmlingua2,0.3,131,306,False,0.6511
qa-037,qa,random_deletion,0.7,262,386,False,0.7044
qa-037,qa,llmlingua_qwen,0.7,386,386,False,1.0
qa-037,qa,llmlingua2,0.7,322,386,False,0.7196
qa-037,qa,random_deletion,0.5,320,386,False,0.6567
qa-037,qa,llmlingua_qwen,0.5,386,386,False,1.0
qa-037,qa,llmlingua2,0.5,263,386,False,0.6848
qa-037,qa,random_deletion,0.3,65,386,False,0.5083
qa-037,qa,llmlingua_qwen,0.3,386,386,False,1.0
qa-037,qa,llmlingua2,0.3,240,386,False,0.6388
qa-038,qa,random_deletion,0.7,187,227,False,0.7671
qa-038,qa,llmlingua_qwen,0.7,227,227,False,1.0
qa-038,qa,llmlingua2,0.7,262,227,False,0.6751
qa-038,qa,random_deletion,0.5,208,227,False,0.6486
qa-038,qa,llmlingua_qwen,0.5,227,227,False,1.0
qa-038,qa,llmlingua2,0.5,191,227,False,0.6347
qa-038,qa,random_deletion,0.3,251,227,False,0.6217
qa-038,qa,llmlingua_qwen,0.3,227,227,False,1.0
qa-038,qa,llmlingua2,0.3,349,227,False,0.5971
qa-039,qa,random_deletion,0.7,333,299,False,0.7375
qa-039,qa,llmlingua_qwen,0.7,299,299,False,1.0
qa-039,qa,llmlingua2,0.7,203,299,False,0.6929
qa-039,qa,random_deletion,0.5,196,299,False,0.701
qa-039,qa,llmlingua_qwen,0.5,299,299,False,1.0
qa-039,qa,llmlingua2,0.5,199,299,False,0.7035
qa-039,qa,random_deletion,0.3,320,299,False,0.6427
qa-039,qa,llmlingua_qwen,0.3,299,299,False,1.0
qa-039,qa,llmlingua2,0.3,242,299,False,0.6191
qa-040,qa,random_deletion,0.7,311,238,False,0.7857
qa-040,qa,llmlingua_qwen,0.7,238,238,False,1.0
qa-040,qa,llmlingua2,0.7,357,238,False,0.6919
qa-040,qa,random_deletion,0.5,191,238,False,0.6176
qa-040,qa,llmlingua_qwen,0.5,238,238,False,1.0
qa-040,qa,llmlingua2,0.5,261,238,False,0.6877
qa-040,qa,random_deletion,0.3,198,238,False,0.5883
qa-040,qa,llmlingua_qwen,0.3,238,238,False,1.0
qa-040,qa,llmlingua2,0.3,220,238,False,0.6243
qa-041,qa,random_deletion,0.7,253,302,False,0.8133
qa-041,qa,llmlingua_qwen,0.7,302,302,False,1.0
qa-041,qa,llmlingua2,0.7,277,302,False,0.8713
qa-041,qa,random_deletion,0.5,99,302,False,0.6971
qa-041,qa,llmlingua_qwen,0.5,302,302,False,1.0
qa-041,qa,llmlingua2,0.5,172,302,False,0.7131
qa-041,qa,random_deletion,0.3,330,302,False,0.5092
qa-041,qa,llmlingua_qwen,0.3,302,302,False,1.0
qa-041,qa,llmlingua2,0.3,154,302,False,0.7282
qa-042,qa,random_deletion,0.7,186,195,False,0.8953
qa-042,qa,llmlingua_qwen,0.7,195,195,False,1.0
qa-042,qa,llmlingua2,0.7,189,195,False,0.8155
qa-042,qa,random_deletion,0.5,115,195,False,0.7791
qa-042,qa,llmlingua_qwen,0.5,195,195,False,1.0
qa-042,qa,llmlingua2,0.5,43,195,False,0.3791
qa-042,qa,random_deletion,0.3,45,195,False,0.409
qa-042,qa,llmlingua_qwen,0.3,195,195,False,1.0
qa-042,qa,llmlingua2,0.3,273,195,False,0.6312
qa-043,qa,random_deletion,0.7,147,199,False,0.8537
qa-043,qa,llmlingua_qwen,0.7,199,199,False,1.0
qa-043,qa,llmlingua2,0.7,275,199,False,0.8727
qa-043,qa,random_deletion,0.5,168,199,False,0.7852
qa-043,qa,llmlingua_qwen,0.5,199,199,False,1.0
qa-043,qa,llmlingua2,0.5,158,199,False,0.7775
qa-043,qa,random_deletion,0.3,61,199,False,0.4827
qa-043,qa,llmlingua_qwen,0.3,199,199,False,1.0
qa-043,qa,llmlingua2,0.3,37,199,False,0.417
qa-044,qa,random_deletion,0.7,90,122,False,0.7294
qa-044,qa,llmlingua_qwen,0.7,122,122,False,1.0
qa-044,qa,llmlingua2,0.7,154,122,False,0.7879
qa-044,qa,random_deletion,0.5,111,122,False,0.7863
qa-044,qa,llmlingua_qwen,0.5,122,122,False,1.0
qa-044,qa,llmlingua2,0.5,183,122,False,0.7434
qa-044,qa,random_deletion,0.3,88,122,False,0.7598
qa-044,qa,llmlingua_qwen,0.3,122,122,False,1.0
qa-044,qa,llmlingua2,0.3,181,122,False,0.7465
qa-045,qa,random_deletion,0.7,203,185,False,0.954
qa-045,qa,llmlingua_qwen,0.7,185,185,False,1.0
qa-045,qa,llmlingua2,0.7,207,185,False,0.9519
qa-045,qa,random_deletion,0.5,43,185,False,0.4866
qa-045,qa,llmlingua_qwen,0.5,185,185,False,1.0
qa-045,qa,llmlingua2,0.5,176,185,False,0.8814
qa-045,qa,random_deletion,0.3,34,185,False,0.4679
qa-045,qa,llmlingua_qwen,0.3,185,185,False,1.0
qa-045,qa,llmlingua2,0.3,88,185,False,0.4482
qa-046,qa,random_deletion,0.7,202,226,False,0.8328
qa-046,qa,llmlingua_qwen,0.7,226,226,False,1.0
qa-046,qa,llmlingua2,0.7,234,226,False,0.9416
qa-046,qa,random_deletion,0.5,236,226,False,0.8442
qa-046,qa,llmlingua_qwen,0.5,226,226,False,1.0
qa-046,qa,llmlingua2,0.5,179,226,False,0.8334
qa-046,qa,random_deletion,0.3,98,226,False,0.6338
qa-046,qa,llmlingua_qwen,0.3,226,226,False,1.0
qa-046,qa,llmlingua2,0.3,57,226,False,0.4042
qa-047,qa,random_deletion,0.7,151,156,False,0.8986
qa-047,qa,llmlingua_qwen,0.7,156,156,False,1.0
qa-047,qa,llmlingua2,0.7,172,156,False,0.8662
qa-047,qa,random_deletion,0.5,132,156,False,0.6928
qa-047,qa,llmlingua_qwen,0.5,156,156,False,1.0
qa-047,qa,llmlingua2,0.5,88,156,False,0.517
qa-047,qa,random_deletion,0.3,47,156,False,0.4058
qa-047,qa,llmlingua_qwen,0.3,156,156,False,1.0
qa-047,qa,llmlingua2,0.3,145,156,False,0.7157
qa-048,qa,random_deletion,0.7,185,109,False,0.8216
qa-048,qa,llmlingua_qwen,0.7,109,109,False,1.0
qa-048,qa,llmlingua2,0.7,117,109,False,0.9355
qa-048,qa,random_deletion,0.5,43,109,False,0.5272
qa-048,qa,llmlingua_qwen,0.5,109,109,False,1.0
qa-048,qa,llmlingua2,0.5,134,109,False,0.9014
qa-048,qa,random_deletion,0.3,78,109,False,0.5151
qa-048,qa,llmlingua_qwen,0.3,109,109,False,1.0
qa-048,qa,llmlingua2,0.3,99,109,False,0.685
qa-049,qa,random_deletion,0.7,65,118,False,0.7475
qa-049,qa,llmlingua_qwen,0.7,118,118,False,1.0
qa-049,qa,llmlingua2,0.7,52,118,False,0.703
qa-049,qa,random_deletion,0.5,45,118,False,0.7431
qa-049,qa,llmlingua_qwen,0.5,118,118,False,1.0
qa-049,qa,llmlingua2,0.5,45,118,False,0.7613
qa-049,qa,random_deletion,0.3,44,118,False,0.4593
qa-049,qa,llmlingua_qwen,0.3,118,118,False,1.0
qa-049,qa,llmlingua2,0.3,38,118,False,0.5406
qa-050,qa,random_deletion,0.7,91,103,False,0.8891
qa-050,qa,llmlingua_qwen,0.7,103,103,False,1.0
qa-050,qa,llmlingua2,0.7,95,103,False,0.6755
qa-050,qa,random_deletion,0.5,63,103,False,0.6502
qa-050,qa,llmlingua_qwen,0.5,103,103,False,1.0
qa-050,qa,llmlingua2,0.5,252,103,False,0.6351
qa-050,qa,random_deletion,0.3,157,103,False,0.6458
qa-050,qa,llmlingua_qwen,0.3,103,103,False,1.0
qa-050,qa,llmlingua2,0.3,60,103,False,0.5307
qa-051,qa,random_deletion,0.7,226,117,False,0.6953
qa-051,qa,llmlingua_qwen,0.7,117,117,False,1.0
qa-051,qa,llmlingua2,0.7,212,117,False,0.7269
qa-051,qa,random_deletion,0.5,121,117,False,0.6739
qa-051,qa,llmlingua_qwen,0.5,117,117,False,1.0
qa-051,qa,llmlingua2,0.5,191,117,False,0.6343
qa-051,qa,random_deletion,0.3,64,117,False,0.4802
qa-051,qa,llmlingua_qwen,0.3,117,117,False,1.0
qa-051,qa,llmlingua2,0.3,43,117,False,0.4247
qa-052,qa,random_deletion,0.7,171,259,False,0.725
qa-052,qa,llmlingua_qwen,0.7,259,259,False,1.0
qa-052,qa,llmlingua2,0.7,190,259,False,0.7601
qa-052,qa,random_deletion,0.5,166,259,False,0.646
qa-052,qa,llmlingua_qwen,0.5,259,259,False,1.0
qa-052,qa,llmlingua2,0.5,106,259,False,0.6105
qa-052,qa,random_deletion,0.3,118,259,False,0.6266
qa-052,qa,llmlingua_qwen,0.3,259,259,False,1.0
qa-052,qa,llmlingua2,0.3,105,259,False,0.5889
qa-053,qa,random_deletion,0.7,282,233,False,0.8763
qa-053,qa,llmlingua_qwen,0.7,233,233,False,1.0
qa-053,qa,llmlingua2,0.7,228,233,False,0.9381
qa-053,qa,random_deletion,0.5,107,233,False,0.6465
qa-053,qa,llmlingua_qwen,0.5,233,233,False,1.0
qa-053,qa,llmlingua2,0.5,135,233,False,0.6743
qa-053,qa,random_deletion,0.3,231,233,False,0.8362
qa-053,qa,llmlingua_qwen,0.3,233,233,False,1.0
qa-053,qa,llmlingua2,0.3,39,233,False,0.3634
qa-054,qa,random_deletion,0.7,163,231,False,0.6984
qa-054,qa,llmlingua_qwen,0.7,231,231,False,1.0
qa-054,qa,llmlingua2,0.7,53,231,False,0.4568
qa-054,qa,random_deletion,0.5,58,231,False,0.4189
qa-054,qa,llmlingua_qwen,0.5,231,231,False,1.0
qa-054,qa,llmlingua2,0.5,43,231,False,0.4349
qa-054,qa,random_deletion,0.3,90,231,False,0.4711
qa-054,qa,llmlingua_qwen,0.3,231,231,False,1.0
qa-054,qa,llmlingua2,0.3,38,231,False,0.4012
qa-055,qa,random_deletion,0.7,125,145,False,0.8565
qa-055,qa,llmlingua_qwen,0.7,145,145,False,1.0
qa-055,qa,llmlingua2,0.7,136,145,False,0.5878
qa-055,qa,random_deletion,0.5,64,145,False,0.4609
qa-055,qa,llmlingua_qwen,0.5,145,145,False,1.0
qa-055,qa,llmlingua2,0.5,192,145,False,0.5598
qa-055,qa,random_deletion,0.3,36,145,False,0.4405
qa-055,qa,llmlingua_qwen,0.3,145,145,False,1.0
qa-055,qa,llmlingua2,0.3,55,145,False,0.5215
qa-056,qa,random_deletion,0.7,227,153,False,0.6973
qa-056,qa,llmlingua_qwen,0.7,153,153,False,1.0
qa-056,qa,llmlingua2,0.7,106,153,False,0.7023
qa-056,qa,random_deletion,0.5,32,153,False,0.5648
qa-056,qa,llmlingua_qwen,0.5,153,153,False,1.0
qa-056,qa,llmlingua2,0.5,112,153,False,0.5879
qa-056,qa,random_deletion,0.3,53,153,False,0.5013
qa-056,qa,llmlingua_qwen,0.3,153,153,False,1.0
qa-056,qa,llmlingua2,0.3,37,153,False,0.4364
qa-057,qa,random_deletion,0.7,204,214,False,0.6826
qa-057,qa,llmlingua_qwen,0.7,214,214,False,1.0
qa-057,qa,llmlingua2,0.7,143,214,False,0.6398
qa-057,qa,random_deletion,0.5,115,214,False,0.5582
qa-057,qa,llmlingua_qwen,0.5,214,214,False,1.0
qa-057,qa,llmlingua2,0.5,114,214,False,0.6203
qa-057,qa,random_deletion,0.3,125,214,False,0.6813
qa-057,qa,llmlingua_qwen,0.3,214,214,False,1.0
qa-057,qa,llmlingua2,0.3,83,214,False,0.5468
qa-058,qa,random_deletion,0.7,158,402,False,0.6115
qa-058,qa,llmlingua_qwen,0.7,402,402,False,1.0
qa-058,qa,llmlingua2,0.7,237,402,False,0.6596
qa-058,qa,random_deletion,0.5,229,402,False,0.6024
qa-058,qa,llmlingua_qwen,0.5,402,402,False,1.0
qa-058,qa,llmlingua2,0.5,58,402,False,0.4697
qa-058,qa,random_deletion,0.3,451,402,False,0.6113
qa-058,qa,llmlingua_qwen,0.3,402,402,False,1.0
qa-058,qa,llmlingua2,0.3,35,402,False,0.4211
qa-059,qa,random_deletion,0.7,437,386,False,0.7672
qa-059,qa,llmlingua_qwen,0.7,386,386,False,1.0
qa-059,qa,llmlingua2,0.7,351,386,False,0.7517
qa-059,qa,random_deletion,0.5,363,386,False,0.7247
qa-059,qa,llmlingua_qwen,0.5,386,386,False,1.0
qa-059,qa,llmlingua2,0.5,314,386,False,0.6977
qa-059,qa,random_deletion,0.3,197,386,False,0.5701
qa-059,qa,llmlingua_qwen,0.3,386,386,False,1.0
qa-059,qa,llmlingua2,0.3,374,386,False,0.6007
qa-060,qa,random_deletion,0.7,254,341,False,0.7415
qa-060,qa,llmlingua_qwen,0.7,341,341,False,1.0
qa-060,qa,llmlingua2,0.7,319,341,False,0.7063
qa-060,qa,random_deletion,0.5,34,341,False,0.4666
qa-060,qa,llmlingua_qwen,0.5,341,341,False,1.0
qa-060,qa,llmlingua2,0.5,215,341,False,0.6497
qa-060,qa,random_deletion,0.3,65,341,False,0.4948
qa-060,qa,llmlingua_qwen,0.3,341,341,False,1.0
qa-060,qa,llmlingua2,0.3,223,341,False,0.621
qa-061,qa,random_deletion,0.7,290,272,False,0.682
qa-061,qa,llmlingua_qwen,0.7,272,272,False,1.0
qa-061,qa,llmlingua2,0.7,149,272,False,0.6258
qa-061,qa,random_deletion,0.5,114,272,False,0.5892
qa-061,qa,llmlingua_qwen,0.5,272,272,False,1.0
qa-061,qa,llmlingua2,0.5,31,272,False,0.4349
qa-061,qa,random_deletion,0.3,45,272,False,0.4413
qa-061,qa,llmlingua_qwen,0.3,272,272,False,1.0
qa-061,qa,llmlingua2,0.3,42,272,False,0.473
qa-062,qa,random_deletion,0.7,228,227,False,0.6914
qa-062,qa,llmlingua_qwen,0.7,227,227,False,1.0
qa-062,qa,llmlingua2,0.7,195,227,False,0.7011
qa-062,qa,random_deletion,0.5,191,227,False,0.6869
qa-062,qa,llmlingua_qwen,0.5,227,227,False,1.0
qa-062,qa,llmlingua2,0.5,186,227,False,0.7259
qa-062,qa,random_deletion,0.3,65,227,False,0.5407
qa-062,qa,llmlingua_qwen,0.3,227,227,False,1.0
qa-062,qa,llmlingua2,0.3,178,227,False,0.6757
qa-063,qa,random_deletion,0.7,250,328,False,0.79
qa-063,qa,llmlingua_qwen,0.7,328,328,False,1.0
qa-063,qa,llmlingua2,0.7,185,328,False,0.7068
qa-063,qa,random_deletion,0.5,195,328,False,0.6494
qa-063,qa,llmlingua_qwen,0.5,328,328,False,1.0
qa-063,qa,llmlingua2,0.5,276,328,False,0.7202
qa-063,qa,random_deletion,0.3,71,328,False,0.5082
qa-063,qa,llmlingua_qwen,0.3,328,328,False,1.0
qa-063,qa,llmlingua2,0.3,227,328,False,0.6796
qa-064,qa,random_deletion,0.7,310,266,False,0.7441
qa-064,qa,llmlingua_qwen,0.7,266,266,False,1.0
qa-064,qa,llmlingua2,0.7,272,266,False,0.7543
qa-064,qa,random_deletion,0.5,283,266,False,0.6665
qa-064,qa,llmlingua_qwen,0.5,266,266,False,1.0
qa-064,qa,llmlingua2,0.5,242,266,False,0.755
qa-064,qa,random_deletion,0.3,190,266,False,0.6302
qa-064,qa,llmlingua_qwen,0.3,266,266,False,1.0
qa-064,qa,llmlingua2,0.3,65,266,False,0.5009
qa-065,qa,random_deletion,0.7,170,203,False,0.6384
qa-065,qa,llmlingua_qwen,0.7,203,203,False,1.0
qa-065,qa,llmlingua2,0.7,246,203,False,0.6821
qa-065,qa,random_deletion,0.5,244,203,False,0.7308
qa-065,qa,llmlingua_qwen,0.5,203,203,False,1.0
qa-065,qa,llmlingua2,0.5,395,203,False,0.6535
qa-065,qa,random_deletion,0.3,34,203,False,0.5017
qa-065,qa,llmlingua_qwen,0.3,203,203,False,1.0
qa-065,qa,llmlingua2,0.3,194,203,False,0.6728
qa-066,qa,random_deletion,0.7,242,297,False,0.733
qa-066,qa,llmlingua_qwen,0.7,297,297,False,1.0
qa-066,qa,llmlingua2,0.7,225,297,False,0.6949
qa-066,qa,random_deletion,0.5,176,297,False,0.6275
qa-066,qa,llmlingua_qwen,0.5,297,297,False,1.0
qa-066,qa,llmlingua2,0.5,177,297,False,0.6596
qa-066,qa,random_deletion,0.3,246,297,False,0.6756
qa-066,qa,llmlingua_qwen,0.3,297,297,False,1.0
qa-066,qa,llmlingua2,0.3,206,297,False,0.695
qa-067,qa,random_deletion,0.7,229,199,False,0.7753
qa-067,qa,llmlingua_qwen,0.7,199,199,False,1.0
qa-067,qa,llmlingua2,0.7,216,199,False,0.747
qa-067,qa,random_deletion,0.5,222,199,False,0.6905
qa-067,qa,llmlingua_qwen,0.5,199,199,False,1.0
qa-067,qa,llmlingua2,0.5,202,199,False,0.7235
qa-067,qa,random_deletion,0.3,151,199,False,0.6442
qa-067,qa,llmlingua_qwen,0.3,199,199,False,1.0
qa-067,qa,llmlingua2,0.3,231,199,False,0.691
qa-068,qa,random_deletion,0.7,88,287,False,0.6202
qa-068,qa,llmlingua_qwen,0.7,287,287,False,1.0
qa-068,qa,llmlingua2,0.7,304,287,False,0.7526
qa-068,qa,random_deletion,0.5,261,287,False,0.6896
qa-068,qa,llmlingua_qwen,0.5,287,287,False,1.0
qa-068,qa,llmlingua2,0.5,305,287,False,0.6986
qa-068,qa,random_deletion,0.3,365,287,False,0.6616
qa-068,qa,llmlingua_qwen,0.3,287,287,False,1.0
qa-068,qa,llmlingua2,0.3,247,287,False,0.6753
qa-069,qa,random_deletion,0.7,415,315,False,0.7606
qa-069,qa,llmlingua_qwen,0.7,315,315,False,1.0
qa-069,qa,llmlingua2,0.7,155,315,False,0.6699
qa-069,qa,random_deletion,0.5,324,315,False,0.6783
qa-069,qa,llmlingua_qwen,0.5,315,315,False,1.0
qa-069,qa,llmlingua2,0.5,147,315,False,0.6571
qa-069,qa,random_deletion,0.3,54,315,False,0.4951
qa-069,qa,llmlingua_qwen,0.3,315,315,False,1.0
qa-069,qa,llmlingua2,0.3,294,315,False,0.6548
qa-070,qa,random_deletion,0.7,362,315,False,0.7194
qa-070,qa,llmlingua_qwen,0.7,315,315,False,1.0
qa-070,qa,llmlingua2,0.7,275,315,False,0.6887
qa-070,qa,random_deletion,0.5,383,315,False,0.6815
qa-070,qa,llmlingua_qwen,0.5,315,315,False,1.0
qa-070,qa,llmlingua2,0.5,392,315,False,0.6564
qa-070,qa,random_deletion,0.3,47,315,False,0.5056
qa-070,qa,llmlingua_qwen,0.3,315,315,False,1.0
qa-070,qa,llmlingua2,0.3,66,315,False,0.5108
qa-071,qa,random_deletion,0.7,57,93,False,0.716
qa-071,qa,llmlingua_qwen,0.7,93,93,False,1.0
qa-071,qa,llmlingua2,0.7,124,93,False,0.7182
qa-071,qa,random_deletion,0.5,100,93,False,0.6757
qa-071,qa,llmlingua_qwen,0.5,93,93,False,1.0
qa-071,qa,llmlingua2,0.5,52,93,False,0.4668
qa-071,qa,random_deletion,0.3,45,93,False,0.5173
qa-071,qa,llmlingua_qwen,0.3,93,93,False,1.0
qa-071,qa,llmlingua2,0.3,36,93,False,0.4432
qa-072,qa,random_deletion,0.7,118,225,False,0.7431
qa-072,qa,llmlingua_qwen,0.7,225,225,False,1.0
qa-072,qa,llmlingua2,0.7,60,225,False,0.5732
qa-072,qa,random_deletion,0.5,96,225,False,0.5388
qa-072,qa,llmlingua_qwen,0.5,225,225,False,1.0
qa-072,qa,llmlingua2,0.5,75,225,False,0.62
qa-072,qa,random_deletion,0.3,35,225,False,0.3588
qa-072,qa,llmlingua_qwen,0.3,225,225,False,1.0
qa-072,qa,llmlingua2,0.3,119,225,False,0.7428
qa-073,qa,random_deletion,0.7,67,38,False,0.5554
qa-073,qa,llmlingua_qwen,0.7,38,38,False,1.0
qa-073,qa,llmlingua2,0.7,63,38,False,0.6442
qa-073,qa,random_deletion,0.5,55,38,False,0.66
qa-073,qa,llmlingua_qwen,0.5,38,38,False,1.0
qa-073,qa,llmlingua2,0.5,65,38,False,0.6311
qa-073,qa,random_deletion,0.3,26,38,False,0.4454
qa-073,qa,llmlingua_qwen,0.3,38,38,False,1.0
qa-073,qa,llmlingua2,0.3,38,38,False,0.4947
qa-074,qa,random_deletion,0.7,133,159,False,0.7242
qa-074,qa,llmlingua_qwen,0.7,159,159,False,1.0
qa-074,qa,llmlingua2,0.7,161,159,False,0.708
qa-074,qa,random_deletion,0.5,35,159,False,0.5468
qa-074,qa,llmlingua_qwen,0.5,159,159,False,1.0
qa-074,qa,llmlingua2,0.5,65,159,False,0.46
qa-074,qa,random_deletion,0.3,93,159,False,0.7327
qa-074,qa,llmlingua_qwen,0.3,159,159,False,1.0
qa-074,qa,llmlingua2,0.3,151,159,False,0.6879
qa-075,qa,random_deletion,0.7,162,239,False,0.7026
qa-075,qa,llmlingua_qwen,0.7,239,239,False,1.0
qa-075,qa,llmlingua2,0.7,331,239,False,0.8104
qa-075,qa,random_deletion,0.5,46,239,False,0.4665
qa-075,qa,llmlingua_qwen,0.5,239,239,False,1.0
qa-075,qa,llmlingua2,0.5,111,239,False,0.7292
qa-075,qa,random_deletion,0.3,36,239,False,0.3802
qa-075,qa,llmlingua_qwen,0.3,239,239,False,1.0
qa-075,qa,llmlingua2,0.3,48,239,False,0.5164
qa-076,qa,random_deletion,0.7,100,202,False,0.6557
qa-076,qa,llmlingua_qwen,0.7,202,202,False,1.0
qa-076,qa,llmlingua2,0.7,206,202,False,0.6893
qa-076,qa,random_deletion,0.5,64,202,False,0.5456
qa-076,qa,llmlingua_qwen,0.5,202,202,False,1.0
qa-076,qa,llmlingua2,0.5,47,202,False,0.5139
qa-076,qa,random_deletion,0.3,30,202,False,0.4017
qa-076,qa,llmlingua_qwen,0.3,202,202,False,1.0
qa-076,qa,llmlingua2,0.3,29,202,False,0.4035
qa-077,qa,random_deletion,0.7,112,175,False,0.6003
qa-077,qa,llmlingua_qwen,0.7,175,175,False,1.0
qa-077,qa,llmlingua2,0.7,100,175,False,0.8285
qa-077,qa,random_deletion,0.5,160,175,False,0.5748
qa-077,qa,llmlingua_qwen,0.5,175,175,False,1.0
qa-077,qa,llmlingua2,0.5,105,175,False,0.7845
qa-077,qa,random_deletion,0.3,142,175,False,0.4662
qa-077,qa,llmlingua_qwen,0.3,175,175,False,1.0
qa-077,qa,llmlingua2,0.3,76,175,False,0.701
qa-078,qa,random_deletion,0.7,253,170,False,0.7164
qa-078,qa,llmlingua_qwen,0.7,170,170,False,1.0
qa-078,qa,llmlingua2,0.7,122,170,False,0.9013
qa-078,qa,random_deletion,0.5,139,170,False,0.6976
qa-078,qa,llmlingua_qwen,0.5,170,170,False,1.0
qa-078,qa,llmlingua2,0.5,163,170,False,0.9262
qa-078,qa,random_deletion,0.3,62,170,False,0.4694
qa-078,qa,llmlingua_qwen,0.3,170,170,False,1.0
qa-078,qa,llmlingua2,0.3,184,170,False,0.7493
qa-079,qa,random_deletion,0.7,85,196,False,0.6458
qa-079,qa,llmlingua_qwen,0.7,196,196,False,1.0
qa-079,qa,llmlingua2,0.7,100,196,False,0.5941
qa-079,qa,random_deletion,0.5,86,196,False,0.5895
qa-079,qa,llmlingua_qwen,0.5,196,196,False,1.0
qa-079,qa,llmlingua2,0.5,65,196,False,0.5537
qa-079,qa,random_deletion,0.3,34,196,False,0.5338
qa-079,qa,llmlingua_qwen,0.3,196,196,False,1.0
qa-079,qa,llmlingua2,0.3,55,196,False,0.5423
qa-080,qa,random_deletion,0.7,137,126,False,0.6727
qa-080,qa,llmlingua_qwen,0.7,126,126,False,1.0
qa-080,qa,llmlingua2,0.7,55,126,False,0.4893
qa-080,qa,random_deletion,0.5,83,126,False,0.7026
qa-080,qa,llmlingua_qwen,0.5,126,126,False,1.0
qa-080,qa,llmlingua2,0.5,39,126,False,0.4482
qa-080,qa,random_deletion,0.3,96,126,False,0.6179
qa-080,qa,llmlingua_qwen,0.3,126,126,False,1.0
qa-080,qa,llmlingua2,0.3,41,126,False,0.4351
qa-081,qa,random_deletion,0.7,108,174,False,0.6749
qa-081,qa,llmlingua_qwen,0.7,174,174,False,1.0
qa-081,qa,llmlingua2,0.7,221,174,False,0.7776
qa-081,qa,random_deletion,0.5,203,174,False,0.6925
qa-081,qa,llmlingua_qwen,0.5,174,174,False,1.0
qa-081,qa,llmlingua2,0.5,303,174,False,0.6618
qa-081,qa,random_deletion,0.3,257,174,False,0.653
qa-081,qa,llmlingua_qwen,0.3,174,174,False,1.0
qa-081,qa,llmlingua2,0.3,186,174,False,0.6932
qa-082,qa,random_deletion,0.7,48,34,False,0.7317
qa-082,qa,llmlingua_qwen,0.7,34,34,False,1.0
qa-082,qa,llmlingua2,0.7,69,34,False,0.5659
qa-082,qa,random_deletion,0.5,70,34,False,0.5355
qa-082,qa,llmlingua_qwen,0.5,34,34,False,1.0
qa-082,qa,llmlingua2,0.5,43,34,False,0.5973
qa-082,qa,random_deletion,0.3,171,34,False,0.5414
qa-082,qa,llmlingua_qwen,0.3,34,34,False,1.0
qa-082,qa,llmlingua2,0.3,47,34,False,0.5151
qa-083,qa,random_deletion,0.7,82,93,False,0.6022
qa-083,qa,llmlingua_qwen,0.7,93,93,False,1.0
qa-083,qa,llmlingua2,0.7,222,93,False,0.6525
qa-083,qa,random_deletion,0.5,194,93,False,0.6245
qa-083,qa,llmlingua_qwen,0.5,93,93,False,1.0
qa-083,qa,llmlingua2,0.5,188,93,False,0.5902
qa-083,qa,random_deletion,0.3,31,93,False,0.5115
qa-083,qa,llmlingua_qwen,0.3,93,93,False,1.0
qa-083,qa,llmlingua2,0.3,47,93,False,0.5877
qa-084,qa,random_deletion,0.7,223,203,False,0.7004
qa-084,qa,llmlingua_qwen,0.7,203,203,False,1.0
qa-084,qa,llmlingua2,0.7,203,203,False,0.7769
qa-084,qa,random_deletion,0.5,284,203,False,0.6862
qa-084,qa,llmlingua_qwen,0.5,203,203,False,1.0
qa-084,qa,llmlingua2,0.5,294,203,False,0.6533
qa-084,qa,random_deletion,0.3,36,203,False,0.4609
qa-084,qa,llmlingua_qwen,0.3,203,203,False,1.0
qa-084,qa,llmlingua2,0.3,334,203,False,0.6593
qa-085,qa,random_deletion,0.7,208,243,False,0.7466
qa-085,qa,llmlingua_qwen,0.7,243,243,False,1.0
qa-085,qa,llmlingua2,0.7,217,243,False,0.77
qa-085,qa,random_deletion,0.5,176,243,False,0.6592
qa-085,qa,llmlingua_qwen,0.5,243,243,False,1.0
qa-085,qa,llmlingua2,0.5,219,243,False,0.6913
qa-085,qa,random_deletion,0.3,255,243,False,0.645
qa-085,qa,llmlingua_qwen,0.3,243,243,False,1.0
qa-085,qa,llmlingua2,0.3,250,243,False,0.6218
qa-086,qa,random_deletion,0.7,210,220,False,0.7512
qa-086,qa,llmlingua_qwen,0.7,220,220,False,1.0
qa-086,qa,llmlingua2,0.7,190,220,False,0.7511
qa-086,qa,random_deletion,0.5,47,220,False,0.5581
qa-086,qa,llmlingua_qwen,0.5,220,220,False,1.0
qa-086,qa,llmlingua2,0.5,64,220,False,0.6365
qa-086,qa,random_deletion,0.3,29,220,False,0.5202
qa-086,qa,llmlingua_qwen,0.3,220,220,False,1.0
qa-086,qa,llmlingua2,0.3,29,220,False,0.5796
qa-087,qa,random_deletion,0.7,204,183,False,0.8558
qa-087,qa,llmlingua_qwen,0.7,183,183,False,1.0
qa-087,qa,llmlingua2,0.7,231,183,False,0.805
qa-087,qa,random_deletion,0.5,34,183,False,0.4955
qa-087,qa,llmlingua_qwen,0.5,183,183,False,1.0
qa-087,qa,llmlingua2,0.5,220,183,False,0.7657
qa-087,qa,random_deletion,0.3,103,183,False,0.5544
qa-087,qa,llmlingua_qwen,0.3,183,183,False,1.0
qa-087,qa,llmlingua2,0.3,138,183,False,0.5991
qa-088,qa,random_deletion,0.7,170,181,False,0.7289
qa-088,qa,llmlingua_qwen,0.7,181,181,False,1.0
qa-088,qa,llmlingua2,0.7,259,181,False,0.7
qa-088,qa,random_deletion,0.5,39,181,False,0.5679
qa-088,qa,llmlingua_qwen,0.5,181,181,False,1.0
qa-088,qa,llmlingua2,0.5,265,181,False,0.6624
qa-088,qa,random_deletion,0.3,183,181,False,0.6182
qa-088,qa,llmlingua_qwen,0.3,181,181,False,1.0
qa-088,qa,llmlingua2,0.3,214,181,False,0.6778
qa-089,qa,random_deletion,0.7,208,233,False,0.7628
qa-089,qa,llmlingua_qwen,0.7,233,233,False,1.0
qa-089,qa,llmlingua2,0.7,160,233,False,0.7168
qa-089,qa,random_deletion,0.5,96,233,False,0.6419
qa-089,qa,llmlingua_qwen,0.5,233,233,False,1.0
qa-089,qa,llmlingua2,0.5,45,233,False,0.4967
qa-089,qa,random_deletion,0.3,136,233,False,0.6209
qa-089,qa,llmlingua_qwen,0.3,233,233,False,1.0
qa-089,qa,llmlingua2,0.3,140,233,False,0.6453
qa-090,qa,random_deletion,0.7,170,223,False,0.7094
qa-090,qa,llmlingua_qwen,0.7,223,223,False,1.0
qa-090,qa,llmlingua2,0.7,45,223,False,0.5967
qa-090,qa,random_deletion,0.5,186,223,False,0.7531
qa-090,qa,llmlingua_qwen,0.5,223,223,False,1.0
qa-090,qa,llmlingua2,0.5,30,223,False,0.5096
qa-090,qa,random_deletion,0.3,31,223,False,0.4669
qa-090,qa,llmlingua_qwen,0.3,223,223,False,1.0
qa-090,qa,llmlingua2,0.3,24,223,False,0.4728
qa-091,qa,random_deletion,0.7,97,54,False,0.7695
qa-091,qa,llmlingua_qwen,0.7,54,54,False,1.0
qa-091,qa,llmlingua2,0.7,240,54,False,0.5778
qa-091,qa,random_deletion,0.5,202,54,False,0.5101
qa-091,qa,llmlingua_qwen,0.5,54,54,False,1.0
qa-091,qa,llmlingua2,0.5,268,54,False,0.4515
qa-091,qa,random_deletion,0.3,134,54,False,0.4919
qa-091,qa,llmlingua_qwen,0.3,54,54,False,1.0
qa-091,qa,llmlingua2,0.3,275,54,False,0.4573
qa-092,qa,random_deletion,0.7,62,32,False,0.7158
qa-092,qa,llmlingua_qwen,0.7,32,32,False,1.0
qa-092,qa,llmlingua2,0.7,114,32,False,0.6033
qa-092,qa,random_deletion,0.5,74,32,False,0.6121
qa-092,qa,llmlingua_qwen,0.5,32,32,False,1.0
qa-092,qa,llmlingua2,0.5,72,32,False,0.6134
qa-092,qa,random_deletion,0.3,60,32,False,0.5181
qa-092,qa,llmlingua_qwen,0.3,32,32,False,1.0
qa-092,qa,llmlingua2,0.3,51,32,False,0.5876
qa-093,qa,random_deletion,0.7,18,46,False,0.6425
qa-093,qa,llmlingua_qwen,0.7,46,46,False,1.0
qa-093,qa,llmlingua2,0.7,38,46,False,0.7534
qa-093,qa,random_deletion,0.5,45,46,False,0.4962
qa-093,qa,llmlingua_qwen,0.5,46,46,False,1.0
qa-093,qa,llmlingua2,0.5,25,46,False,0.6898
qa-093,qa,random_deletion,0.3,26,46,False,0.4866
qa-093,qa,llmlingua_qwen,0.3,46,46,False,1.0
qa-093,qa,llmlingua2,0.3,45,46,False,0.5535
qa-094,qa,random_deletion,0.7,100,108,False,0.7022
qa-094,qa,llmlingua_qwen,0.7,108,108,False,1.0
qa-094,qa,llmlingua2,0.7,45,108,False,0.7365
qa-094,qa,random_deletion,0.5,46,108,False,0.5596
qa-094,qa,llmlingua_qwen,0.5,108,108,False,1.0
qa-094,qa,llmlingua2,0.5,43,108,False,0.7003
qa-094,qa,random_deletion,0.3,51,108,False,0.4767
qa-094,qa,llmlingua_qwen,0.3,108,108,False,1.0
qa-094,qa,llmlingua2,0.3,30,108,False,0.4884
qa-095,qa,random_deletion,0.7,52,30,False,0.7612
qa-095,qa,llmlingua_qwen,0.7,30,30,False,1.0
qa-095,qa,llmlingua2,0.7,68,30,False,0.7037
qa-095,qa,random_deletion,0.5,81,30,False,0.6234
qa-095,qa,llmlingua_qwen,0.5,30,30,False,1.0
qa-095,qa,llmlingua2,0.5,37,30,False,0.604
qa-095,qa,random_deletion,0.3,57,30,False,0.5748
qa-095,qa,llmlingua_qwen,0.3,30,30,False,1.0
qa-095,qa,llmlingua2,0.3,45,30,False,0.5568
qa-096,qa,random_deletion,0.7,91,34,False,0.6219
qa-096,qa,llmlingua_qwen,0.7,34,34,False,1.0
qa-096,qa,llmlingua2,0.7,42,34,False,0.623
qa-096,qa,random_deletion,0.5,87,34,False,0.6856
qa-096,qa,llmlingua_qwen,0.5,34,34,False,1.0
qa-096,qa,llmlingua2,0.5,141,34,False,0.571
qa-096,qa,random_deletion,0.3,24,34,False,0.5162
qa-096,qa,llmlingua_qwen,0.3,34,34,False,1.0
qa-096,qa,llmlingua2,0.3,59,34,False,0.5547
qa-097,qa,random_deletion,0.7,42,88,False,0.5973
qa-097,qa,llmlingua_qwen,0.7,88,88,False,1.0
qa-097,qa,llmlingua2,0.7,45,88,False,0.6085
qa-097,qa,random_deletion,0.5,43,88,False,0.5925
qa-097,qa,llmlingua_qwen,0.5,88,88,False,1.0
qa-097,qa,llmlingua2,0.5,61,88,False,0.5697
qa-097,qa,random_deletion,0.3,51,88,False,0.6212
qa-097,qa,llmlingua_qwen,0.3,88,88,False,1.0
qa-097,qa,llmlingua2,0.3,52,88,False,0.5676
qa-098,qa,random_deletion,0.7,131,52,False,0.637
qa-098,qa,llmlingua_qwen,0.7,52,52,False,1.0
qa-098,qa,llmlingua2,0.7,93,52,False,0.7082
qa-098,qa,random_deletion,0.5,142,52,False,0.6532
qa-098,qa,llmlingua_qwen,0.5,52,52,False,1.0
qa-098,qa,llmlingua2,0.5,42,52,False,0.5556
qa-098,qa,random_deletion,0.3,25,52,False,0.4559
qa-098,qa,llmlingua_qwen,0.3,52,52,False,1.0
qa-098,qa,llmlingua2,0.3,69,52,False,0.5535
qa-099,qa,random_deletion,0.7,89,55,False,0.6461
qa-099,qa,llmlingua_qwen,0.7,55,55,False,1.0
qa-099,qa,llmlingua2,0.7,36,55,False,0.5548
qa-099,qa,random_deletion,0.5,42,55,False,0.6366
qa-099,qa,llmlingua_qwen,0.5,55,55,False,1.0
qa-099,qa,llmlingua2,0.5,40,55,False,0.503
qa-099,qa,random_deletion,0.3,21,55,False,0.5423
qa-099,qa,llmlingua_qwen,0.3,55,55,False,1.0
qa-099,qa,llmlingua2,0.3,48,55,False,0.5449
qa-100,qa,random_deletion,0.7,54,69,False,0.6922
qa-100,qa,llmlingua_qwen,0.7,69,69,False,1.0
qa-100,qa,llmlingua2,0.7,62,69,False,0.6265
qa-100,qa,random_deletion,0.5,38,69,False,0.4579
qa-100,qa,llmlingua_qwen,0.5,69,69,False,1.0
qa-100,qa,llmlingua2,0.5,38,69,False,0.4752
qa-100,qa,random_deletion,0.3,32,69,False,0.4639
qa-100,qa,llmlingua_qwen,0.3,69,69,False,1.0
qa-100,qa,llmlingua2,0.3,29,69,False,0.5397
creat-001,creative,random_deletion,0.7,317,367,False,0.6658
creat-001,creative,llmlingua_qwen,0.7,367,367,False,1.0
creat-001,creative,llmlingua2,0.7,358,367,False,0.6721
creat-001,creative,random_deletion,0.5,329,367,False,0.623
creat-001,creative,llmlingua_qwen,0.5,367,367,False,1.0
creat-001,creative,llmlingua2,0.5,363,367,False,0.6453
creat-001,creative,random_deletion,0.3,277,367,False,0.5272
creat-001,creative,llmlingua_qwen,0.3,367,367,False,1.0
creat-001,creative,llmlingua2,0.3,372,367,False,0.593
creat-002,creative,random_deletion,0.7,360,348,False,0.6524
creat-002,creative,llmlingua_qwen,0.7,348,348,False,1.0
creat-002,creative,llmlingua2,0.7,340,348,False,0.6859
creat-002,creative,random_deletion,0.5,353,348,False,0.6507
creat-002,creative,llmlingua_qwen,0.5,348,348,False,1.0
creat-002,creative,llmlingua2,0.5,377,348,False,0.6494
creat-002,creative,random_deletion,0.3,124,348,False,0.5743
creat-002,creative,llmlingua_qwen,0.3,348,348,False,1.0
creat-002,creative,llmlingua2,0.3,407,348,False,0.6073
creat-003,creative,random_deletion,0.7,368,343,False,0.6582
creat-003,creative,llmlingua_qwen,0.7,343,343,False,1.0
creat-003,creative,llmlingua2,0.7,355,343,False,0.7016
creat-003,creative,random_deletion,0.5,292,343,False,0.6327
creat-003,creative,llmlingua_qwen,0.5,343,343,False,1.0
creat-003,creative,llmlingua2,0.5,349,343,False,0.6739
creat-003,creative,random_deletion,0.3,297,343,False,0.6069
creat-003,creative,llmlingua_qwen,0.3,343,343,False,1.0
creat-003,creative,llmlingua2,0.3,66,343,False,0.4935
creat-004,creative,random_deletion,0.7,246,302,False,0.5783
creat-004,creative,llmlingua_qwen,0.7,302,302,False,1.0
creat-004,creative,llmlingua2,0.7,331,302,False,0.6542
creat-004,creative,random_deletion,0.5,369,302,False,0.5985
creat-004,creative,llmlingua_qwen,0.5,302,302,False,1.0
creat-004,creative,llmlingua2,0.5,288,302,False,0.6394
creat-004,creative,random_deletion,0.3,199,302,False,0.5298
creat-004,creative,llmlingua_qwen,0.3,302,302,False,1.0
creat-004,creative,llmlingua2,0.3,331,302,False,0.6573
creat-005,creative,random_deletion,0.7,192,195,False,0.7341
creat-005,creative,llmlingua_qwen,0.7,195,195,False,1.0
creat-005,creative,llmlingua2,0.7,221,195,False,0.7311
creat-005,creative,random_deletion,0.5,305,195,False,0.6228
creat-005,creative,llmlingua_qwen,0.5,195,195,False,1.0
creat-005,creative,llmlingua2,0.5,313,195,False,0.6791
creat-005,creative,random_deletion,0.3,39,195,False,0.4694
creat-005,creative,llmlingua_qwen,0.3,195,195,False,1.0
creat-005,creative,llmlingua2,0.3,262,195,False,0.6262
creat-006,creative,random_deletion,0.7,339,330,False,0.6819
creat-006,creative,llmlingua_qwen,0.7,330,330,False,1.0
creat-006,creative,llmlingua2,0.7,299,330,False,0.7004
creat-006,creative,random_deletion,0.5,53,330,False,0.4477
creat-006,creative,llmlingua_qwen,0.5,330,330,False,1.0
creat-006,creative,llmlingua2,0.5,276,330,False,0.6561
creat-006,creative,random_deletion,0.3,314,330,False,0.6363
creat-006,creative,llmlingua_qwen,0.3,330,330,False,1.0
creat-006,creative,llmlingua2,0.3,269,330,False,0.6643
creat-007,creative,random_deletion,0.7,317,349,False,0.6612
creat-007,creative,llmlingua_qwen,0.7,349,349,False,1.0
creat-007,creative,llmlingua2,0.7,353,349,False,0.6801
creat-007,creative,random_deletion,0.5,197,349,False,0.6437
creat-007,creative,llmlingua_qwen,0.5,349,349,False,1.0
creat-007,creative,llmlingua2,0.5,266,349,False,0.6352
creat-007,creative,random_deletion,0.3,253,349,False,0.4945
creat-007,creative,llmlingua_qwen,0.3,349,349,False,1.0
creat-007,creative,llmlingua2,0.3,339,349,False,0.5815
creat-008,creative,random_deletion,0.7,358,369,False,0.7113
creat-008,creative,llmlingua_qwen,0.7,369,369,False,1.0
creat-008,creative,llmlingua2,0.7,360,369,False,0.6776
creat-008,creative,random_deletion,0.5,246,369,False,0.5646
creat-008,creative,llmlingua_qwen,0.5,369,369,False,1.0
creat-008,creative,llmlingua2,0.5,301,369,False,0.6776
creat-008,creative,random_deletion,0.3,103,369,False,0.4822
creat-008,creative,llmlingua_qwen,0.3,369,369,False,1.0
creat-008,creative,llmlingua2,0.3,305,369,False,0.6239
creat-009,creative,random_deletion,0.7,348,369,False,0.6579
creat-009,creative,llmlingua_qwen,0.7,369,369,False,1.0
creat-009,creative,llmlingua2,0.7,380,369,False,0.7382
creat-009,creative,random_deletion,0.5,375,369,False,0.5601
creat-009,creative,llmlingua_qwen,0.5,369,369,False,1.0
creat-009,creative,llmlingua2,0.5,345,369,False,0.605
creat-009,creative,random_deletion,0.3,118,369,False,0.5056
creat-009,creative,llmlingua_qwen,0.3,369,369,False,1.0
creat-009,creative,llmlingua2,0.3,161,369,False,0.5329
creat-010,creative,random_deletion,0.7,349,328,False,0.6733
creat-010,creative,llmlingua_qwen,0.7,328,328,False,1.0
creat-010,creative,llmlingua2,0.7,359,328,False,0.7032
creat-010,creative,random_deletion,0.5,87,328,False,0.564
creat-010,creative,llmlingua_qwen,0.5,328,328,False,1.0
creat-010,creative,llmlingua2,0.5,344,328,False,0.6545
creat-010,creative,random_deletion,0.3,326,328,False,0.5167
creat-010,creative,llmlingua_qwen,0.3,328,328,False,1.0
creat-010,creative,llmlingua2,0.3,303,328,False,0.6286
creat-011,creative,random_deletion,0.7,55,315,False,0.6558
creat-011,creative,llmlingua_qwen,0.7,315,315,False,1.0
creat-011,creative,llmlingua2,0.7,399,315,False,0.7713
creat-011,creative,random_deletion,0.5,283,315,False,0.7833
creat-011,creative,llmlingua_qwen,0.5,315,315,False,1.0
creat-011,creative,llmlingua2,0.5,331,315,False,0.6015
creat-011,creative,random_deletion,0.3,232,315,False,0.6086
creat-011,creative,llmlingua_qwen,0.3,315,315,False,1.0
creat-011,creative,llmlingua2,0.3,62,315,False,0.5091
creat-012,creative,random_deletion,0.7,367,328,False,0.7753
creat-012,creative,llmlingua_qwen,0.7,328,328,False,1.0
creat-012,creative,llmlingua2,0.7,392,328,False,0.7329
creat-012,creative,random_deletion,0.5,250,328,False,0.7016
creat-012,creative,llmlingua_qwen,0.5,328,328,False,1.0
creat-012,creative,llmlingua2,0.5,296,328,False,0.6898
creat-012,creative,random_deletion,0.3,318,328,False,0.6734
creat-012,creative,llmlingua_qwen,0.3,328,328,False,1.0
creat-012,creative,llmlingua2,0.3,276,328,False,0.5577
creat-013,creative,random_deletion,0.7,392,317,False,0.7781
creat-013,creative,llmlingua_qwen,0.7,317,317,False,1.0
creat-013,creative,llmlingua2,0.7,298,317,False,0.6759
creat-013,creative,random_deletion,0.5,352,317,False,0.737
creat-013,creative,llmlingua_qwen,0.5,317,317,False,1.0
creat-013,creative,llmlingua2,0.5,343,317,False,0.6246
creat-013,creative,random_deletion,0.3,216,317,False,0.6325
creat-013,creative,llmlingua_qwen,0.3,317,317,False,1.0
creat-013,creative,llmlingua2,0.3,188,317,False,0.6228
creat-014,creative,random_deletion,0.7,407,342,False,0.7138
creat-014,creative,llmlingua_qwen,0.7,342,342,False,1.0
creat-014,creative,llmlingua2,0.7,442,342,False,0.7095
creat-014,creative,random_deletion,0.5,403,342,False,0.7289
creat-014,creative,llmlingua_qwen,0.5,342,342,False,1.0
creat-014,creative,llmlingua2,0.5,380,342,False,0.5632
creat-014,creative,random_deletion,0.3,46,342,False,0.4882
creat-014,creative,llmlingua_qwen,0.3,342,342,False,1.0
creat-014,creative,llmlingua2,0.3,47,342,False,0.4828
creat-015,creative,random_deletion,0.7,334,405,False,0.5648
creat-015,creative,llmlingua_qwen,0.7,405,405,False,1.0
creat-015,creative,llmlingua2,0.7,416,405,False,0.7651
creat-015,creative,random_deletion,0.5,210,405,False,0.6662
creat-015,creative,llmlingua_qwen,0.5,405,405,False,1.0
creat-015,creative,llmlingua2,0.5,306,405,False,0.6611
creat-015,creative,random_deletion,0.3,255,405,False,0.5147
creat-015,creative,llmlingua_qwen,0.3,405,405,False,1.0
creat-015,creative,llmlingua2,0.3,368,405,False,0.5752
creat-016,creative,random_deletion,0.7,388,413,False,0.8085
creat-016,creative,llmlingua_qwen,0.7,413,413,False,1.0
creat-016,creative,llmlingua2,0.7,366,413,False,0.8101
creat-016,creative,random_deletion,0.5,388,413,False,0.6658
creat-016,creative,llmlingua_qwen,0.5,413,413,False,1.0
creat-016,creative,llmlingua2,0.5,401,413,False,0.7641
creat-016,creative,random_deletion,0.3,406,413,False,0.7302
creat-016,creative,llmlingua_qwen,0.3,413,413,False,1.0
creat-016,creative,llmlingua2,0.3,375,413,False,0.6011
creat-017,creative,random_deletion,0.7,363,385,False,0.7372
creat-017,creative,llmlingua_qwen,0.7,385,385,False,1.0
creat-017,creative,llmlingua2,0.7,322,385,False,0.7216
creat-017,creative,random_deletion,0.5,66,385,False,0.5063
creat-017,creative,llmlingua_qwen,0.5,385,385,False,1.0
creat-017,creative,llmlingua2,0.5,347,385,False,0.5829
creat-017,creative,random_deletion,0.3,94,385,False,0.4967
creat-017,creative,llmlingua_qwen,0.3,385,385,False,1.0
creat-017,creative,llmlingua2,0.3,160,385,False,0.5592
creat-018,creative,random_deletion,0.7,276,364,False,0.5946
creat-018,creative,llmlingua_qwen,0.7,364,364,False,1.0
creat-018,creative,llmlingua2,0.7,372,364,False,0.646
creat-018,creative,random_deletion,0.5,406,364,False,0.652
creat-018,creative,llmlingua_qwen,0.5,364,364,False,1.0
creat-018,creative,llmlingua2,0.5,228,364,False,0.6218
creat-018,creative,random_deletion,0.3,240,364,False,0.5414
creat-018,creative,llmlingua_qwen,0.3,364,364,False,1.0
creat-018,creative,llmlingua2,0.3,147,364,False,0.5673
creat-019,creative,random_deletion,0.7,245,349,False,0.5585
creat-019,creative,llmlingua_qwen,0.7,349,349,False,1.0
creat-019,creative,llmlingua2,0.7,382,349,False,0.6554
creat-019,creative,random_deletion,0.5,413,349,False,0.6652
creat-019,creative,llmlingua_qwen,0.5,349,349,False,1.0
creat-019,creative,llmlingua2,0.5,86,349,False,0.6024
creat-019,creative,random_deletion,0.3,284,349,False,0.5874
creat-019,creative,llmlingua_qwen,0.3,349,349,False,1.0
creat-019,creative,llmlingua2,0.3,279,349,False,0.6089
creat-020,creative,random_deletion,0.7,187,178,False,0.6794
creat-020,creative,llmlingua_qwen,0.7,178,178,False,1.0
creat-020,creative,llmlingua2,0.7,262,178,False,0.6839
creat-020,creative,random_deletion,0.5,396,178,False,0.5905
creat-020,creative,llmlingua_qwen,0.5,178,178,False,1.0
creat-020,creative,llmlingua2,0.5,211,178,False,0.5254
creat-020,creative,random_deletion,0.3,19,178,False,0.4192
creat-020,creative,llmlingua_qwen,0.3,178,178,False,1.0
creat-020,creative,llmlingua2,0.3,163,178,False,0.528
creat-021,creative,random_deletion,0.7,47,83,False,0.6492
creat-021,creative,llmlingua_qwen,0.7,83,83,False,1.0
creat-021,creative,llmlingua2,0.7,93,83,False,0.6469
creat-021,creative,random_deletion,0.5,137,83,False,0.5951
creat-021,creative,llmlingua_qwen,0.5,83,83,False,1.0
creat-021,creative,llmlingua2,0.5,109,83,False,0.6447
creat-021,creative,random_deletion,0.3,176,83,False,0.5692
creat-021,creative,llmlingua_qwen,0.3,83,83,False,1.0
creat-021,creative,llmlingua2,0.3,158,83,False,0.4326
creat-022,creative,random_deletion,0.7,138,101,False,0.5913
creat-022,creative,llmlingua_qwen,0.7,101,101,False,1.0
creat-022,creative,llmlingua2,0.7,107,101,False,0.699
creat-022,creative,random_deletion,0.5,107,101,False,0.6212
creat-022,creative,llmlingua_qwen,0.5,101,101,False,1.0
creat-022,creative,llmlingua2,0.5,63,101,False,0.6183
creat-022,creative,random_deletion,0.3,275,101,False,0.5305
creat-022,creative,llmlingua_qwen,0.3,101,101,False,1.0
creat-022,creative,llmlingua2,0.3,109,101,False,0.636
creat-023,creative,random_deletion,0.7,176,152,False,0.6999
creat-023,creative,llmlingua_qwen,0.7,152,152,False,1.0
creat-023,creative,llmlingua2,0.7,144,152,False,0.6514
creat-023,creative,random_deletion,0.5,89,152,False,0.5222
creat-023,creative,llmlingua_qwen,0.5,152,152,False,1.0
creat-023,creative,llmlingua2,0.5,159,152,False,0.6581
creat-023,creative,random_deletion,0.3,251,152,False,0.6242
creat-023,creative,llmlingua_qwen,0.3,152,152,False,1.0
creat-023,creative,llmlingua2,0.3,126,152,False,0.5941
creat-024,creative,random_deletion,0.7,85,68,False,0.6548
creat-024,creative,llmlingua_qwen,0.7,68,68,False,1.0
creat-024,creative,llmlingua2,0.7,55,68,False,0.5187
creat-024,creative,random_deletion,0.5,96,68,False,0.6192
creat-024,creative,llmlingua_qwen,0.5,68,68,False,1.0
creat-024,creative,llmlingua2,0.5,138,68,False,0.6115
creat-024,creative,random_deletion,0.3,72,68,False,0.4503
creat-024,creative,llmlingua_qwen,0.3,68,68,False,1.0
creat-024,creative,llmlingua2,0.3,60,68,False,0.4778
creat-025,creative,random_deletion,0.7,183,110,False,0.4969
creat-025,creative,llmlingua_qwen,0.7,110,110,False,1.0
creat-025,creative,llmlingua2,0.7,105,110,False,0.6353
creat-025,creative,random_deletion,0.5,54,110,False,0.5821
creat-025,creative,llmlingua_qwen,0.5,110,110,False,1.0
creat-025,creative,llmlingua2,0.5,168,110,False,0.585
creat-025,creative,random_deletion,0.3,42,110,False,0.4585
creat-025,creative,llmlingua_qwen,0.3,110,110,False,1.0
creat-025,creative,llmlingua2,0.3,49,110,False,0.4257
creat-026,creative,random_deletion,0.7,56,80,False,0.8194
creat-026,creative,llmlingua_qwen,0.7,80,80,False,1.0
creat-026,creative,llmlingua2,0.7,55,80,False,0.8255
creat-026,creative,random_deletion,0.5,82,80,False,0.5787
creat-026,creative,llmlingua_qwen,0.5,80,80,False,1.0
creat-026,creative,llmlingua2,0.5,87,80,False,0.5668
creat-026,creative,random_deletion,0.3,70,80,False,0.4345
creat-026,creative,llmlingua_qwen,0.3,80,80,False,1.0
creat-026,creative,llmlingua2,0.3,85,80,False,0.6062
creat-027,creative,random_deletion,0.7,47,46,False,0.4929
creat-027,creative,llmlingua_qwen,0.7,46,46,False,1.0
creat-027,creative,llmlingua2,0.7,43,46,False,0.6082
creat-027,creative,random_deletion,0.5,7,46,False,0.3525
creat-027,creative,llmlingua_qwen,0.5,46,46,False,1.0
creat-027,creative,llmlingua2,0.5,80,46,False,0.5936
creat-027,creative,random_deletion,0.3,212,46,False,0.5131
creat-027,creative,llmlingua_qwen,0.3,46,46,False,1.0
creat-027,creative,llmlingua2,0.3,62,46,False,0.5498
creat-028,creative,random_deletion,0.7,287,194,False,0.6138
creat-028,creative,llmlingua_qwen,0.7,194,194,False,1.0
creat-028,creative,llmlingua2,0.7,98,194,False,0.5835
creat-028,creative,random_deletion,0.5,166,194,False,0.5217
creat-028,creative,llmlingua_qwen,0.5,194,194,False,1.0
creat-028,creative,llmlingua2,0.5,65,194,False,0.4701
creat-028,creative,random_deletion,0.3,138,194,False,0.5472
creat-028,creative,llmlingua_qwen,0.3,194,194,False,1.0
creat-028,creative,llmlingua2,0.3,72,194,False,0.4678
creat-029,creative,random_deletion,0.7,78,75,False,0.6331
creat-029,creative,llmlingua_qwen,0.7,75,75,False,1.0
creat-029,creative,llmlingua2,0.7,80,75,False,0.6636
creat-029,creative,random_deletion,0.5,15,75,False,0.4543
creat-029,creative,llmlingua_qwen,0.5,75,75,False,1.0
creat-029,creative,llmlingua2,0.5,69,75,False,0.4745
creat-029,creative,random_deletion,0.3,47,75,False,0.4439
creat-029,creative,llmlingua_qwen,0.3,75,75,False,1.0
creat-029,creative,llmlingua2,0.3,86,75,False,0.5652
creat-030,creative,random_deletion,0.7,236,199,False,0.593
creat-030,creative,llmlingua_qwen,0.7,199,199,False,1.0
creat-030,creative,llmlingua2,0.7,160,199,False,0.6245
creat-030,creative,random_deletion,0.5,216,199,False,0.5224
creat-030,creative,llmlingua_qwen,0.5,199,199,False,1.0
creat-030,creative,llmlingua2,0.5,172,199,False,0.5928
creat-030,creative,random_deletion,0.3,104,199,False,0.4948
creat-030,creative,llmlingua_qwen,0.3,199,199,False,1.0
creat-030,creative,llmlingua2,0.3,147,199,False,0.5661
creat-031,creative,random_deletion,0.7,191,255,False,0.6343
creat-031,creative,llmlingua_qwen,0.7,255,255,False,1.0
creat-031,creative,llmlingua2,0.7,228,255,False,0.6878
creat-031,creative,random_deletion,0.5,244,255,False,0.6147
creat-031,creative,llmlingua_qwen,0.5,255,255,False,1.0
creat-031,creative,llmlingua2,0.5,140,255,False,0.6503
creat-031,creative,random_deletion,0.3,185,255,False,0.62
creat-031,creative,llmlingua_qwen,0.3,255,255,False,1.0
creat-031,creative,llmlingua2,0.3,157,255,False,0.6096
creat-032,creative,random_deletion,0.7,221,200,False,0.5837
creat-032,creative,llmlingua_qwen,0.7,200,200,False,1.0
creat-032,creative,llmlingua2,0.7,230,200,False,0.5775
creat-032,creative,random_deletion,0.5,211,200,False,0.6157
creat-032,creative,llmlingua_qwen,0.5,200,200,False,1.0
creat-032,creative,llmlingua2,0.5,215,200,False,0.5484
creat-032,creative,random_deletion,0.3,129,200,False,0.6138
creat-032,creative,llmlingua_qwen,0.3,200,200,False,1.0
creat-032,creative,llmlingua2,0.3,209,200,False,0.6132
creat-033,creative,random_deletion,0.7,156,192,False,0.6304
creat-033,creative,llmlingua_qwen,0.7,192,192,False,1.0
creat-033,creative,llmlingua2,0.7,221,192,False,0.6686
creat-033,creative,random_deletion,0.5,204,192,False,0.5749
creat-033,creative,llmlingua_qwen,0.5,192,192,False,1.0
creat-033,creative,llmlingua2,0.5,58,192,False,0.4939
creat-033,creative,random_deletion,0.3,45,192,False,0.459
creat-033,creative,llmlingua_qwen,0.3,192,192,False,1.0
creat-033,creative,llmlingua2,0.3,73,192,False,0.5204
creat-034,creative,random_deletion,0.7,170,132,False,0.7226
creat-034,creative,llmlingua_qwen,0.7,132,132,False,1.0
creat-034,creative,llmlingua2,0.7,222,132,False,0.6913
creat-034,creative,random_deletion,0.5,324,132,False,0.5791
creat-034,creative,llmlingua_qwen,0.5,132,132,False,1.0
creat-034,creative,llmlingua2,0.5,290,132,False,0.6536
creat-034,creative,random_deletion,0.3,262,132,False,0.5551
creat-034,creative,llmlingua_qwen,0.3,132,132,False,1.0
creat-034,creative,llmlingua2,0.3,147,132,False,0.5721
creat-035,creative,random_deletion,0.7,189,200,False,0.6196
creat-035,creative,llmlingua_qwen,0.7,200,200,False,1.0
creat-035,creative,llmlingua2,0.7,205,200,False,0.694
creat-035,creative,random_deletion,0.5,190,200,False,0.5967
creat-035,creative,llmlingua_qwen,0.5,200,200,False,1.0
creat-035,creative,llmlingua2,0.5,187,200,False,0.6806
creat-035,creative,random_deletion,0.3,176,200,False,0.5844
creat-035,creative,llmlingua_qwen,0.3,200,200,False,1.0
creat-035,creative,llmlingua2,0.3,56,200,False,0.4632
creat-036,creative,random_deletion,0.7,223,204,False,0.7133
creat-036,creative,llmlingua_qwen,0.7,204,204,False,1.0
creat-036,creative,llmlingua2,0.7,178,204,False,0.6576
creat-036,creative,random_deletion,0.5,239,204,False,0.6278
creat-036,creative,llmlingua_qwen,0.5,204,204,False,1.0
creat-036,creative,llmlingua2,0.5,184,204,False,0.6383
creat-036,creative,random_deletion,0.3,71,204,False,0.4755
creat-036,creative,llmlingua_qwen,0.3,204,204,False,1.0
creat-036,creative,llmlingua2,0.3,306,204,False,0.6048
creat-037,creative,random_deletion,0.7,195,191,False,0.652
creat-037,creative,llmlingua_qwen,0.7,191,191,False,1.0
creat-037,creative,llmlingua2,0.7,185,191,False,0.6903
creat-037,creative,random_deletion,0.5,165,191,False,0.5702
creat-037,creative,llmlingua_qwen,0.5,191,191,False,1.0
creat-037,creative,llmlingua2,0.5,196,191,False,0.6493
creat-037,creative,random_deletion,0.3,36,191,False,0.4919
creat-037,creative,llmlingua_qwen,0.3,191,191,False,1.0
creat-037,creative,llmlingua2,0.3,177,191,False,0.6046
creat-038,creative,random_deletion,0.7,205,286,False,0.6108
creat-038,creative,llmlingua_qwen,0.7,286,286,False,1.0
creat-038,creative,llmlingua2,0.7,359,286,False,0.6518
creat-038,creative,random_deletion,0.5,189,286,False,0.6161
creat-038,creative,llmlingua_qwen,0.5,286,286,False,1.0
creat-038,creative,llmlingua2,0.5,401,286,False,0.5281
creat-038,creative,random_deletion,0.3,147,286,False,0.5976
creat-038,creative,llmlingua_qwen,0.3,286,286,False,1.0
creat-038,creative,llmlingua2,0.3,303,286,False,0.5825
creat-039,creative,random_deletion,0.7,169,232,False,0.6734
creat-039,creative,llmlingua_qwen,0.7,232,232,False,1.0
creat-039,creative,llmlingua2,0.7,333,232,False,0.706
creat-039,creative,random_deletion,0.5,193,232,False,0.6823
creat-039,creative,llmlingua_qwen,0.5,232,232,False,1.0
creat-039,creative,llmlingua2,0.5,111,232,False,0.5305
creat-039,creative,random_deletion,0.3,168,232,False,0.5071
creat-039,creative,llmlingua_qwen,0.3,232,232,False,1.0
creat-039,creative,llmlingua2,0.3,46,232,False,0.4609
creat-040,creative,random_deletion,0.7,356,273,False,0.6413
creat-040,creative,llmlingua_qwen,0.7,273,273,False,1.0
creat-040,creative,llmlingua2,0.7,263,273,False,0.6829
creat-040,creative,random_deletion,0.5,58,273,False,0.507
creat-040,creative,llmlingua_qwen,0.5,273,273,False,1.0
creat-040,creative,llmlingua2,0.5,189,273,False,0.6804
creat-040,creative,random_deletion,0.3,182,273,False,0.4849
creat-040,creative,llmlingua_qwen,0.3,273,273,False,1.0
creat-040,creative,llmlingua2,0.3,76,273,False,0.4904
creat-041,creative,random_deletion,0.7,373,387,False,0.6761
creat-041,creative,llmlingua_qwen,0.7,387,387,False,1.0
creat-041,creative,llmlingua2,0.7,419,387,False,0.5972
creat-041,creative,random_deletion,0.5,378,387,False,0.7135
creat-041,creative,llmlingua_qwen,0.5,387,387,False,1.0
creat-041,creative,llmlingua2,0.5,359,387,False,0.6471
creat-041,creative,random_deletion,0.3,354,387,False,0.6384
creat-041,creative,llmlingua_qwen,0.3,387,387,False,1.0
creat-041,creative,llmlingua2,0.3,376,387,False,0.6095
creat-042,creative,random_deletion,0.7,283,350,False,0.5984
creat-042,creative,llmlingua_qwen,0.7,350,350,False,1.0
creat-042,creative,llmlingua2,0.7,356,350,False,0.6117
creat-042,creative,random_deletion,0.5,159,350,False,0.5021
creat-042,creative,llmlingua_qwen,0.5,350,350,False,1.0
creat-042,creative,llmlingua2,0.5,170,350,False,0.4894
creat-042,creative,random_deletion,0.3,213,350,False,0.5497
creat-042,creative,llmlingua_qwen,0.3,350,350,False,1.0
creat-042,creative,llmlingua2,0.3,159,350,False,0.4742
creat-043,creative,random_deletion,0.7,356,351,False,0.7139
creat-043,creative,llmlingua_qwen,0.7,351,351,False,1.0
creat-043,creative,llmlingua2,0.7,366,351,False,0.7023
creat-043,creative,random_deletion,0.5,353,351,False,0.726
creat-043,creative,llmlingua_qwen,0.5,351,351,False,1.0
creat-043,creative,llmlingua2,0.5,387,351,False,0.693
creat-043,creative,random_deletion,0.3,128,351,False,0.5746
creat-043,creative,llmlingua_qwen,0.3,351,351,False,1.0
creat-043,creative,llmlingua2,0.3,155,351,False,0.5872
creat-044,creative,random_deletion,0.7,356,365,False,0.7233
creat-044,creative,llmlingua_qwen,0.7,365,365,False,1.0
creat-044,creative,llmlingua2,0.7,370,365,False,0.577
creat-044,creative,random_deletion,0.5,359,365,False,0.663
creat-044,creative,llmlingua_qwen,0.5,365,365,False,1.0
creat-044,creative,llmlingua2,0.5,386,365,False,0.5736
creat-044,creative,random_deletion,0.3,127,365,False,0.5079
creat-044,creative,llmlingua_qwen,0.3,365,365,False,1.0
creat-044,creative,llmlingua2,0.3,395,365,False,0.5835
creat-045,creative,random_deletion,0.7,368,399,False,0.7099
creat-045,creative,llmlingua_qwen,0.7,399,399,False,1.0
creat-045,creative,llmlingua2,0.7,382,399,False,0.7385
creat-045,creative,random_deletion,0.5,390,399,False,0.7043
creat-045,creative,llmlingua_qwen,0.5,399,399,False,1.0
creat-045,creative,llmlingua2,0.5,300,399,False,0.743
creat-045,creative,random_deletion,0.3,39,399,False,0.4504
creat-045,creative,llmlingua_qwen,0.3,399,399,False,1.0
creat-045,creative,llmlingua2,0.3,302,399,False,0.698
creat-046,creative,random_deletion,0.7,368,362,False,0.5606
creat-046,creative,llmlingua_qwen,0.7,362,362,False,1.0
creat-046,creative,llmlingua2,0.7,355,362,False,0.6591
creat-046,creative,random_deletion,0.5,340,362,False,0.6271
creat-046,creative,llmlingua_qwen,0.5,362,362,False,1.0
creat-046,creative,llmlingua2,0.5,360,362,False,0.6553
creat-046,creative,random_deletion,0.3,157,362,False,0.6717
creat-046,creative,llmlingua_qwen,0.3,362,362,False,1.0
creat-046,creative,llmlingua2,0.3,361,362,False,0.578
creat-047,creative,random_deletion,0.7,383,365,False,0.7053
creat-047,creative,llmlingua_qwen,0.7,365,365,False,1.0
creat-047,creative,llmlingua2,0.7,391,365,False,0.7061
creat-047,creative,random_deletion,0.5,386,365,False,0.6972
creat-047,creative,llmlingua_qwen,0.5,365,365,False,1.0
creat-047,creative,llmlingua2,0.5,368,365,False,0.6948
creat-047,creative,random_deletion,0.3,316,365,False,0.6146
creat-047,creative,llmlingua_qwen,0.3,365,365,False,1.0
creat-047,creative,llmlingua2,0.3,367,365,False,0.5967
creat-048,creative,random_deletion,0.7,303,320,False,0.6824
creat-048,creative,llmlingua_qwen,0.7,320,320,False,1.0
creat-048,creative,llmlingua2,0.7,353,320,False,0.6925
creat-048,creative,random_deletion,0.5,262,320,False,0.6759
creat-048,creative,llmlingua_qwen,0.5,320,320,False,1.0
creat-048,creative,llmlingua2,0.5,362,320,False,0.6726
creat-048,creative,random_deletion,0.3,162,320,False,0.5703
creat-048,creative,llmlingua_qwen,0.3,320,320,False,1.0
creat-048,creative,llmlingua2,0.3,362,320,False,0.6485
creat-049,creative,random_deletion,0.7,388,318,False,0.6389
creat-049,creative,llmlingua_qwen,0.7,318,318,False,1.0
creat-049,creative,llmlingua2,0.7,388,318,False,0.6384
creat-049,creative,random_deletion,0.5,272,318,False,0.5745
creat-049,creative,llmlingua_qwen,0.5,318,318,False,1.0
creat-049,creative,llmlingua2,0.5,389,318,False,0.6361
creat-049,creative,random_deletion,0.3,155,318,False,0.6489
creat-049,creative,llmlingua_qwen,0.3,318,318,False,1.0
creat-049,creative,llmlingua2,0.3,439,318,False,0.5032
creat-050,creative,random_deletion,0.7,361,351,False,0.7542
creat-050,creative,llmlingua_qwen,0.7,351,351,False,1.0
creat-050,creative,llmlingua2,0.7,370,351,False,0.7033
creat-050,creative,random_deletion,0.5,368,351,False,0.6578
creat-050,creative,llmlingua_qwen,0.5,351,351,False,1.0
creat-050,creative,llmlingua2,0.5,374,351,False,0.6772
creat-050,creative,random_deletion,0.3,158,351,False,0.5902
creat-050,creative,llmlingua_qwen,0.3,351,351,False,1.0
creat-050,creative,llmlingua2,0.3,377,351,False,0.6149
creat-051,creative,random_deletion,0.7,440,399,False,0.724
creat-051,creative,llmlingua_qwen,0.7,399,399,False,1.0
creat-051,creative,llmlingua2,0.7,405,399,False,0.7747
creat-051,creative,random_deletion,0.5,307,399,False,0.6436
creat-051,creative,llmlingua_qwen,0.5,399,399,False,1.0
creat-051,creative,llmlingua2,0.5,377,399,False,0.593
creat-051,creative,random_deletion,0.3,77,399,False,0.4473
creat-051,creative,llmlingua_qwen,0.3,399,399,False,1.0
creat-051,creative,llmlingua2,0.3,365,399,False,0.5809
creat-052,creative,random_deletion,0.7,145,389,False,0.6403
creat-052,creative,llmlingua_qwen,0.7,389,389,False,1.0
creat-052,creative,llmlingua2,0.7,340,389,False,0.7153
creat-052,creative,random_deletion,0.5,239,389,False,0.5932
creat-052,creative,llmlingua_qwen,0.5,389,389,False,1.0
creat-052,creative,llmlingua2,0.5,325,389,False,0.6523
creat-052,creative,random_deletion,0.3,255,389,False,0.5491
creat-052,creative,llmlingua_qwen,0.3,389,389,False,1.0
creat-052,creative,llmlingua2,0.3,311,389,False,0.5894
creat-053,creative,random_deletion,0.7,351,438,False,0.7503
creat-053,creative,llmlingua_qwen,0.7,438,438,False,1.0
creat-053,creative,llmlingua2,0.7,345,438,False,0.6042
creat-053,creative,random_deletion,0.5,424,438,False,0.6414
creat-053,creative,llmlingua_qwen,0.5,438,438,False,1.0
creat-053,creative,llmlingua2,0.5,430,438,False,0.751
creat-053,creative,random_deletion,0.3,416,438,False,0.7276
creat-053,creative,llmlingua_qwen,0.3,438,438,False,1.0
creat-053,creative,llmlingua2,0.3,431,438,False,0.6066
creat-054,creative,random_deletion,0.7,271,196,False,0.7429
creat-054,creative,llmlingua_qwen,0.7,196,196,False,1.0
creat-054,creative,llmlingua2,0.7,183,196,False,0.6682
creat-054,creative,random_deletion,0.5,233,196,False,0.6498
creat-054,creative,llmlingua_qwen,0.5,196,196,False,1.0
creat-054,creative,llmlingua2,0.5,246,196,False,0.74
creat-054,creative,random_deletion,0.3,126,196,False,0.5096
creat-054,creative,llmlingua_qwen,0.3,196,196,False,1.0
creat-054,creative,llmlingua2,0.3,243,196,False,0.6639
creat-055,creative,random_deletion,0.7,417,402,False,0.6878
creat-055,creative,llmlingua_qwen,0.7,402,402,False,1.0
creat-055,creative,llmlingua2,0.7,342,402,False,0.6315
creat-055,creative,random_deletion,0.5,199,402,False,0.5656
creat-055,creative,llmlingua_qwen,0.5,402,402,False,1.0
creat-055,creative,llmlingua2,0.5,384,402,False,0.5903
creat-055,creative,random_deletion,0.3,279,402,False,0.5591
creat-055,creative,llmlingua_qwen,0.3,402,402,False,1.0
creat-055,creative,llmlingua2,0.3,377,402,False,0.5674
creat-056,creative,random_deletion,0.7,378,401,False,0.76
creat-056,creative,llmlingua_qwen,0.7,401,401,False,1.0
creat-056,creative,llmlingua2,0.7,380,401,False,0.8072
creat-056,creative,random_deletion,0.5,380,401,False,0.7343
creat-056,creative,llmlingua_qwen,0.5,401,401,False,1.0
creat-056,creative,llmlingua2,0.5,363,401,False,0.6421
creat-056,creative,random_deletion,0.3,118,401,False,0.4838
creat-056,creative,llmlingua_qwen,0.3,401,401,False,1.0
creat-056,creative,llmlingua2,0.3,325,401,False,0.5352
creat-057,creative,random_deletion,0.7,398,190,False,0.678
creat-057,creative,llmlingua_qwen,0.7,190,190,False,1.0
creat-057,creative,llmlingua2,0.7,167,190,False,0.7015
creat-057,creative,random_deletion,0.5,417,190,False,0.6858
creat-057,creative,llmlingua_qwen,0.5,190,190,False,1.0
creat-057,creative,llmlingua2,0.5,425,190,False,0.6505
creat-057,creative,random_deletion,0.3,423,190,False,0.6557
creat-057,creative,llmlingua_qwen,0.3,190,190,False,1.0
creat-057,creative,llmlingua2,0.3,368,190,False,0.6885
creat-058,creative,random_deletion,0.7,409,416,False,0.7545
creat-058,creative,llmlingua_qwen,0.7,416,416,False,1.0
creat-058,creative,llmlingua2,0.7,399,416,False,0.602
creat-058,creative,random_deletion,0.5,406,416,False,0.693
creat-058,creative,llmlingua_qwen,0.5,416,416,False,1.0
creat-058,creative,llmlingua2,0.5,263,416,False,0.5923
creat-058,creative,random_deletion,0.3,110,416,False,0.4622
creat-058,creative,llmlingua_qwen,0.3,416,416,False,1.0
creat-058,creative,llmlingua2,0.3,194,416,False,0.56
creat-059,creative,random_deletion,0.7,384,401,False,0.7009
creat-059,creative,llmlingua_qwen,0.7,401,401,False,1.0
creat-059,creative,llmlingua2,0.7,293,401,False,0.5338
creat-059,creative,random_deletion,0.5,358,401,False,0.5427
creat-059,creative,llmlingua_qwen,0.5,401,401,False,1.0
creat-059,creative,llmlingua2,0.5,279,401,False,0.578
creat-059,creative,random_deletion,0.3,362,401,False,0.5554
creat-059,creative,llmlingua_qwen,0.3,401,401,False,1.0
creat-059,creative,llmlingua2,0.3,378,401,False,0.58
creat-060,creative,random_deletion,0.7,180,353,False,0.7009
creat-060,creative,llmlingua_qwen,0.7,353,353,False,1.0
creat-060,creative,llmlingua2,0.7,386,353,False,0.6565
creat-060,creative,random_deletion,0.5,378,353,False,0.6824
creat-060,creative,llmlingua_qwen,0.5,353,353,False,1.0
creat-060,creative,llmlingua2,0.5,376,353,False,0.6508
creat-060,creative,random_deletion,0.3,47,353,False,0.5024
creat-060,creative,llmlingua_qwen,0.3,353,353,False,1.0
creat-060,creative,llmlingua2,0.3,154,353,False,0.5963
creat-061,creative,random_deletion,0.7,255,314,False,0.7445
creat-061,creative,llmlingua_qwen,0.7,314,314,False,1.0
creat-061,creative,llmlingua2,0.7,238,314,False,0.7346
creat-061,creative,random_deletion,0.5,349,314,False,0.5785
creat-061,creative,llmlingua_qwen,0.5,314,314,False,1.0
creat-061,creative,llmlingua2,0.5,207,314,False,0.689
creat-061,creative,random_deletion,0.3,290,314,False,0.6584
creat-061,creative,llmlingua_qwen,0.3,314,314,False,1.0
creat-061,creative,llmlingua2,0.3,184,314,False,0.5469
creat-062,creative,random_deletion,0.7,176,189,False,0.6781
creat-062,creative,llmlingua_qwen,0.7,189,189,False,1.0
creat-062,creative,llmlingua2,0.7,274,189,False,0.7323
creat-062,creative,random_deletion,0.5,149,189,False,0.6682
creat-062,creative,llmlingua_qwen,0.5,189,189,False,1.0
creat-062,creative,llmlingua2,0.5,201,189,False,0.5669
creat-062,creative,random_deletion,0.3,2,189,False,0.2975
creat-062,creative,llmlingua_qwen,0.3,189,189,False,1.0
creat-062,creative,llmlingua2,0.3,44,189,False,0.487
creat-063,creative,random_deletion,0.7,288,322,False,0.6861
creat-063,creative,llmlingua_qwen,0.7,322,322,False,1.0
creat-063,creative,llmlingua2,0.7,344,322,False,0.768
creat-063,creative,random_deletion,0.5,388,322,False,0.6939
creat-063,creative,llmlingua_qwen,0.5,322,322,False,1.0
creat-063,creative,llmlingua2,0.5,196,322,False,0.6343
creat-063,creative,random_deletion,0.3,190,322,False,0.5404
creat-063,creative,llmlingua_qwen,0.3,322,322,False,1.0
creat-063,creative,llmlingua2,0.3,232,322,False,0.6207
creat-064,creative,random_deletion,0.7,285,359,False,0.6704
creat-064,creative,llmlingua_qwen,0.7,359,359,False,1.0
creat-064,creative,llmlingua2,0.7,221,359,False,0.6159
creat-064,creative,random_deletion,0.5,300,359,False,0.5667
creat-064,creative,llmlingua_qwen,0.5,359,359,False,1.0
creat-064,creative,llmlingua2,0.5,127,359,False,0.5315
creat-064,creative,random_deletion,0.3,213,359,False,0.5662
creat-064,creative,llmlingua_qwen,0.3,359,359,False,1.0
creat-064,creative,llmlingua2,0.3,137,359,False,0.5366
creat-065,creative,random_deletion,0.7,265,331,False,0.7374
creat-065,creative,llmlingua_qwen,0.7,331,331,False,1.0
creat-065,creative,llmlingua2,0.7,268,331,False,0.7329
creat-065,creative,random_deletion,0.5,369,331,False,0.6558
creat-065,creative,llmlingua_qwen,0.5,331,331,False,1.0
creat-065,creative,llmlingua2,0.5,250,331,False,0.5887
creat-065,creative,random_deletion,0.3,333,331,False,0.6077
creat-065,creative,llmlingua_qwen,0.3,331,331,False,1.0
creat-065,creative,llmlingua2,0.3,73,331,False,0.5272
creat-066,creative,random_deletion,0.7,230,259,False,0.685
creat-066,creative,llmlingua_qwen,0.7,259,259,False,1.0
creat-066,creative,llmlingua2,0.7,127,259,False,0.7085
creat-066,creative,random_deletion,0.5,206,259,False,0.7238
creat-066,creative,llmlingua_qwen,0.5,259,259,False,1.0
creat-066,creative,llmlingua2,0.5,107,259,False,0.6503
creat-066,creative,random_deletion,0.3,68,259,False,0.5498
creat-066,creative,llmlingua_qwen,0.3,259,259,False,1.0
creat-066,creative,llmlingua2,0.3,52,259,False,0.6391
creat-067,creative,random_deletion,0.7,144,277,False,0.5878
creat-067,creative,llmlingua_qwen,0.7,277,277,False,1.0
creat-067,creative,llmlingua2,0.7,217,277,False,0.5786
creat-067,creative,random_deletion,0.5,221,277,False,0.5866
creat-067,creative,llmlingua_qwen,0.5,277,277,False,1.0
creat-067,creative,llmlingua2,0.5,189,277,False,0.5751
creat-067,creative,random_deletion,0.3,239,277,False,0.675
creat-067,creative,llmlingua_qwen,0.3,277,277,False,1.0
creat-067,creative,llmlingua2,0.3,77,277,False,0.5225
creat-068,creative,random_deletion,0.7,168,209,False,0.6863
creat-068,creative,llmlingua_qwen,0.7,209,209,False,1.0
creat-068,creative,llmlingua2,0.7,291,209,False,0.6389
creat-068,creative,random_deletion,0.5,84,209,False,0.5023
creat-068,creative,llmlingua_qwen,0.5,209,209,False,1.0
creat-068,creative,llmlingua2,0.5,21,209,False,0.5143
creat-068,creative,random_deletion,0.3,229,209,False,0.5256
creat-068,creative,llmlingua_qwen,0.3,209,209,False,1.0
creat-068,creative,llmlingua2,0.3,44,209,False,0.5566
creat-069,creative,random_deletion,0.7,183,192,False,0.6481
creat-069,creative,llmlingua_qwen,0.7,192,192,False,1.0
creat-069,creative,llmlingua2,0.7,93,192,False,0.6206
creat-069,creative,random_deletion,0.5,66,192,False,0.5304
creat-069,creative,llmlingua_qwen,0.5,192,192,False,1.0
creat-069,creative,llmlingua2,0.5,151,192,False,0.6314
creat-069,creative,random_deletion,0.3,239,192,False,0.5148
creat-069,creative,llmlingua_qwen,0.3,192,192,False,1.0
creat-069,creative,llmlingua2,0.3,264,192,False,0.5114
creat-070,creative,random_deletion,0.7,362,368,False,0.6451
creat-070,creative,llmlingua_qwen,0.7,368,368,False,1.0
creat-070,creative,llmlingua2,0.7,296,368,False,0.6412
creat-070,creative,random_deletion,0.5,317,368,False,0.6869
creat-070,creative,llmlingua_qwen,0.5,368,368,False,1.0
creat-070,creative,llmlingua2,0.5,167,368,False,0.5829
creat-070,creative,random_deletion,0.3,265,368,False,0.5844
creat-070,creative,llmlingua_qwen,0.3,368,368,False,1.0
creat-070,creative,llmlingua2,0.3,259,368,False,0.5827
creat-071,creative,random_deletion,0.7,147,151,False,0.6756
creat-071,creative,llmlingua_qwen,0.7,151,151,False,1.0
creat-071,creative,llmlingua2,0.7,223,151,False,0.6593
creat-071,creative,random_deletion,0.5,237,151,False,0.599
creat-071,creative,llmlingua_qwen,0.5,151,151,False,1.0
creat-071,creative,llmlingua2,0.5,389,151,False,0.5878
creat-071,creative,random_deletion,0.3,102,151,False,0.5876
creat-071,creative,llmlingua_qwen,0.3,151,151,False,1.0
creat-071,creative,llmlingua2,0.3,58,151,False,0.4937
creat-072,creative,random_deletion,0.7,156,197,False,0.7738
creat-072,creative,llmlingua_qwen,0.7,197,197,False,1.0
creat-072,creative,llmlingua2,0.7,165,197,False,0.8167
creat-072,creative,random_deletion,0.5,352,197,False,0.7654
creat-072,creative,llmlingua_qwen,0.5,197,197,False,1.0
creat-072,creative,llmlingua2,0.5,198,197,False,0.7722
creat-072,creative,random_deletion,0.3,210,197,False,0.631
creat-072,creative,llmlingua_qwen,0.3,197,197,False,1.0
creat-072,creative,llmlingua2,0.3,317,197,False,0.756
creat-073,creative,random_deletion,0.7,175,200,False,0.6379
creat-073,creative,llmlingua_qwen,0.7,200,200,False,1.0
creat-073,creative,llmlingua2,0.7,139,200,False,0.66
creat-073,creative,random_deletion,0.5,257,200,False,0.6122
creat-073,creative,llmlingua_qwen,0.5,200,200,False,1.0
creat-073,creative,llmlingua2,0.5,217,200,False,0.5878
creat-073,creative,random_deletion,0.3,154,200,False,0.515
creat-073,creative,llmlingua_qwen,0.3,200,200,False,1.0
creat-073,creative,llmlingua2,0.3,61,200,False,0.4205
creat-074,creative,random_deletion,0.7,212,183,False,0.6621
creat-074,creative,llmlingua_qwen,0.7,183,183,False,1.0
creat-074,creative,llmlingua2,0.7,55,183,False,0.6414
creat-074,creative,random_deletion,0.5,227,183,False,0.7268
creat-074,creative,llmlingua_qwen,0.5,183,183,False,1.0
creat-074,creative,llmlingua2,0.5,41,183,False,0.6209
creat-074,creative,random_deletion,0.3,210,183,False,0.5887
creat-074,creative,llmlingua_qwen,0.3,183,183,False,1.0
creat-074,creative,llmlingua2,0.3,47,183,False,0.6743
creat-075,creative,random_deletion,0.7,142,105,False,0.6112
creat-075,creative,llmlingua_qwen,0.7,105,105,False,1.0
creat-075,creative,llmlingua2,0.7,102,105,False,0.6045
creat-075,creative,random_deletion,0.5,166,105,False,0.5399
creat-075,creative,llmlingua_qwen,0.5,105,105,False,1.0
creat-075,creative,llmlingua2,0.5,128,105,False,0.5121
creat-075,creative,random_deletion,0.3,434,105,False,0.4925
creat-075,creative,llmlingua_qwen,0.3,105,105,False,1.0
creat-075,creative,llmlingua2,0.3,49,105,False,0.5945
creat-076,creative,random_deletion,0.7,105,137,False,0.7182
creat-076,creative,llmlingua_qwen,0.7,137,137,False,1.0
creat-076,creative,llmlingua2,0.7,133,137,False,0.5808
creat-076,creative,random_deletion,0.5,186,137,False,0.6089
creat-076,creative,llmlingua_qwen,0.5,137,137,False,1.0
creat-076,creative,llmlingua2,0.5,146,137,False,0.5289
creat-076,creative,random_deletion,0.3,169,137,False,0.5958
creat-076,creative,llmlingua_qwen,0.3,137,137,False,1.0
creat-076,creative,llmlingua2,0.3,180,137,False,0.535
creat-077,creative,random_deletion,0.7,282,271,False,0.6631
creat-077,creative,llmlingua_qwen,0.7,271,271,False,1.0
creat-077,creative,llmlingua2,0.7,149,271,False,0.6835
creat-077,creative,random_deletion,0.5,180,271,False,0.6132
creat-077,creative,llmlingua_qwen,0.5,271,271,False,1.0
creat-077,creative,llmlingua2,0.5,344,271,False,0.6115
creat-077,creative,random_deletion,0.3,328,271,False,0.6236
creat-077,creative,llmlingua_qwen,0.3,271,271,False,1.0
creat-077,creative,llmlingua2,0.3,294,271,False,0.6206
creat-078,creative,random_deletion,0.7,316,275,False,0.7039
creat-078,creative,llmlingua_qwen,0.7,275,275,False,1.0
creat-078,creative,llmlingua2,0.7,380,275,False,0.5959
creat-078,creative,random_deletion,0.5,250,275,False,0.7303
creat-078,creative,llmlingua_qwen,0.5,275,275,False,1.0
creat-078,creative,llmlingua2,0.5,328,275,False,0.6148
creat-078,creative,random_deletion,0.3,401,275,False,0.5716
creat-078,creative,llmlingua_qwen,0.3,275,275,False,1.0
creat-078,creative,llmlingua2,0.3,335,275,False,0.5681
creat-079,creative,random_deletion,0.7,98,93,False,0.7102
creat-079,creative,llmlingua_qwen,0.7,93,93,False,1.0
creat-079,creative,llmlingua2,0.7,113,93,False,0.6384
creat-079,creative,random_deletion,0.5,49,93,False,0.5821
creat-079,creative,llmlingua_qwen,0.5,93,93,False,1.0
creat-079,creative,llmlingua2,0.5,38,93,False,0.5549
creat-079,creative,random_deletion,0.3,233,93,False,0.4978
creat-079,creative,llmlingua_qwen,0.3,93,93,False,1.0
creat-079,creative,llmlingua2,0.3,36,93,False,0.483
creat-080,creative,random_deletion,0.7,215,222,False,0.7513
creat-080,creative,llmlingua_qwen,0.7,222,222,False,1.0
creat-080,creative,llmlingua2,0.7,328,222,False,0.6825
creat-080,creative,random_deletion,0.5,362,222,False,0.6349
creat-080,creative,llmlingua_qwen,0.5,222,222,False,1.0
creat-080,creative,llmlingua2,0.5,277,222,False,0.633
creat-080,creative,random_deletion,0.3,77,222,False,0.5144
creat-080,creative,llmlingua_qwen,0.3,222,222,False,1.0
creat-080,creative,llmlingua2,0.3,216,222,False,0.5947
creat-081,creative,random_deletion,0.7,359,365,False,0.7581
creat-081,creative,llmlingua_qwen,0.7,365,365,False,1.0
creat-081,creative,llmlingua2,0.7,355,365,False,0.7506
creat-081,creative,random_deletion,0.5,347,365,False,0.6672
creat-081,creative,llmlingua_qwen,0.5,365,365,False,1.0
creat-081,creative,llmlingua2,0.5,155,365,False,0.575
creat-081,creative,random_deletion,0.3,35,365,False,0.4271
creat-081,creative,llmlingua_qwen,0.3,365,365,False,1.0
creat-081,creative,llmlingua2,0.3,169,365,False,0.5036
creat-082,creative,random_deletion,0.7,355,366,False,0.6832
creat-082,creative,llmlingua_qwen,0.7,366,366,False,1.0
creat-082,creative,llmlingua2,0.7,349,366,False,0.7
creat-082,creative,random_deletion,0.5,348,366,False,0.6686
creat-082,creative,llmlingua_qwen,0.5,366,366,False,1.0
creat-082,creative,llmlingua2,0.5,358,366,False,0.6779
creat-082,creative,random_deletion,0.3,200,366,False,0.5289
creat-082,creative,llmlingua_qwen,0.3,366,366,False,1.0
creat-082,creative,llmlingua2,0.3,349,366,False,0.5411
creat-083,creative,random_deletion,0.7,337,369,False,0.6555
creat-083,creative,llmlingua_qwen,0.7,369,369,False,1.0
creat-083,creative,llmlingua2,0.7,366,369,False,0.701
creat-083,creative,random_deletion,0.5,360,369,False,0.6897
creat-083,creative,llmlingua_qwen,0.5,369,369,False,1.0
creat-083,creative,llmlingua2,0.5,327,369,False,0.6389
creat-083,creative,random_deletion,0.3,169,369,False,0.5122
creat-083,creative,llmlingua_qwen,0.3,369,369,False,1.0
creat-083,creative,llmlingua2,0.3,115,369,False,0.5112
creat-084,creative,random_deletion,0.7,344,351,False,0.6807
creat-084,creative,llmlingua_qwen,0.7,351,351,False,1.0
creat-084,creative,llmlingua2,0.7,343,351,False,0.7161
creat-084,creative,random_deletion,0.5,316,351,False,0.6415
creat-084,creative,llmlingua_qwen,0.5,351,351,False,1.0
creat-084,creative,llmlingua2,0.5,344,351,False,0.7145
creat-084,creative,random_deletion,0.3,172,351,False,0.5496
creat-084,creative,llmlingua_qwen,0.3,351,351,False,1.0
creat-084,creative,llmlingua2,0.3,296,351,False,0.7283
creat-085,creative,random_deletion,0.7,311,351,False,0.6602
creat-085,creative,llmlingua_qwen,0.7,351,351,False,1.0
creat-085,creative,llmlingua2,0.7,361,351,False,0.734
creat-085,creative,random_deletion,0.5,345,351,False,0.645
creat-085,creative,llmlingua_qwen,0.5,351,351,False,1.0
creat-085,creative,llmlingua2,0.5,351,351,False,0.7027
creat-085,creative,random_deletion,0.3,226,351,False,0.5652
creat-085,creative,llmlingua_qwen,0.3,351,351,False,1.0
creat-085,creative,llmlingua2,0.3,40,351,False,0.4639
creat-086,creative,random_deletion,0.7,328,338,False,0.7365
creat-086,creative,llmlingua_qwen,0.7,338,338,False,1.0
creat-086,creative,llmlingua2,0.7,334,338,False,0.7029
creat-086,creative,random_deletion,0.5,326,338,False,0.6648
creat-086,creative,llmlingua_qwen,0.5,338,338,False,1.0
creat-086,creative,llmlingua2,0.5,216,338,False,0.6619
creat-086,creative,random_deletion,0.3,275,338,False,0.6333
creat-086,creative,llmlingua_qwen,0.3,338,338,False,1.0
creat-086,creative,llmlingua2,0.3,242,338,False,0.6471
creat-087,creative,random_deletion,0.7,312,356,False,0.6845
creat-087,creative,llmlingua_qwen,0.7,356,356,False,1.0
creat-087,creative,llmlingua2,0.7,349,356,False,0.6692
creat-087,creative,random_deletion,0.5,254,356,False,0.6115
creat-087,creative,llmlingua_qwen,0.5,356,356,False,1.0
creat-087,creative,llmlingua2,0.5,377,356,False,0.6973
creat-087,creative,random_deletion,0.3,240,356,False,0.5918
creat-087,creative,llmlingua_qwen,0.3,356,356,False,1.0
creat-087,creative,llmlingua2,0.3,142,356,False,0.5578
creat-088,creative,random_deletion,0.7,339,358,False,0.6736
creat-088,creative,llmlingua_qwen,0.7,358,358,False,1.0
creat-088,creative,llmlingua2,0.7,360,358,False,0.7251
creat-088,creative,random_deletion,0.5,189,358,False,0.5984
creat-088,creative,llmlingua_qwen,0.5,358,358,False,1.0
creat-088,creative,llmlingua2,0.5,17,358,False,0.4134
creat-088,creative,random_deletion,0.3,334,358,False,0.6567
creat-088,creative,llmlingua_qwen,0.3,358,358,False,1.0
creat-088,creative,llmlingua2,0.3,311,358,False,0.6223
creat-089,creative,random_deletion,0.7,352,332,False,0.6856
creat-089,creative,llmlingua_qwen,0.7,332,332,False,1.0
creat-089,creative,llmlingua2,0.7,348,332,False,0.6598
creat-089,creative,random_deletion,0.5,351,332,False,0.6897
creat-089,creative,llmlingua_qwen,0.5,332,332,False,1.0
creat-089,creative,llmlingua2,0.5,315,332,False,0.6516
creat-089,creative,random_deletion,0.3,170,332,False,0.5931
creat-089,creative,llmlingua_qwen,0.3,332,332,False,1.0
creat-089,creative,llmlingua2,0.3,45,332,False,0.4563
creat-090,creative,random_deletion,0.7,385,353,False,0.6991
creat-090,creative,llmlingua_qwen,0.7,353,353,False,1.0
creat-090,creative,llmlingua2,0.7,355,353,False,0.722
creat-090,creative,random_deletion,0.5,367,353,False,0.7189
creat-090,creative,llmlingua_qwen,0.5,353,353,False,1.0
creat-090,creative,llmlingua2,0.5,315,353,False,0.668
creat-090,creative,random_deletion,0.3,338,353,False,0.6638
creat-090,creative,llmlingua_qwen,0.3,353,353,False,1.0
creat-090,creative,llmlingua2,0.3,60,353,False,0.4829
creat-091,creative,random_deletion,0.7,349,354,False,0.6377
creat-091,creative,llmlingua_qwen,0.7,354,354,False,1.0
creat-091,creative,llmlingua2,0.7,331,354,False,0.684
creat-091,creative,random_deletion,0.5,357,354,False,0.5844
creat-091,creative,llmlingua_qwen,0.5,354,354,False,1.0
creat-091,creative,llmlingua2,0.5,359,354,False,0.6652
creat-091,creative,random_deletion,0.3,358,354,False,0.651
creat-091,creative,llmlingua_qwen,0.3,354,354,False,1.0
creat-091,creative,llmlingua2,0.3,354,354,False,0.5883
creat-092,creative,random_deletion,0.7,402,378,False,0.6902
creat-092,creative,llmlingua_qwen,0.7,378,378,False,1.0
creat-092,creative,llmlingua2,0.7,397,378,False,0.7493
creat-092,creative,random_deletion,0.5,365,378,False,0.7247
creat-092,creative,llmlingua_qwen,0.5,378,378,False,1.0
creat-092,creative,llmlingua2,0.5,224,378,False,0.6124
creat-092,creative,random_deletion,0.3,395,378,False,0.6785
creat-092,creative,llmlingua_qwen,0.3,378,378,False,1.0
creat-092,creative,llmlingua2,0.3,139,378,False,0.5751
creat-093,creative,random_deletion,0.7,361,374,False,0.6447
creat-093,creative,llmlingua_qwen,0.7,374,374,False,1.0
creat-093,creative,llmlingua2,0.7,373,374,False,0.6497
creat-093,creative,random_deletion,0.5,368,374,False,0.6653
creat-093,creative,llmlingua_qwen,0.5,374,374,False,1.0
creat-093,creative,llmlingua2,0.5,365,374,False,0.6111
creat-093,creative,random_deletion,0.3,203,374,False,0.5552
creat-093,creative,llmlingua_qwen,0.3,374,374,False,1.0
creat-093,creative,llmlingua2,0.3,229,374,False,0.5438
creat-094,creative,random_deletion,0.7,410,398,False,0.6885
creat-094,creative,llmlingua_qwen,0.7,398,398,False,1.0
creat-094,creative,llmlingua2,0.7,394,398,False,0.5879
creat-094,creative,random_deletion,0.5,302,398,False,0.5789
creat-094,creative,llmlingua_qwen,0.5,398,398,False,1.0
creat-094,creative,llmlingua2,0.5,247,398,False,0.5639
creat-094,creative,random_deletion,0.3,309,398,False,0.6096
creat-094,creative,llmlingua_qwen,0.3,398,398,False,1.0
creat-094,creative,llmlingua2,0.3,177,398,False,0.5392
creat-095,creative,random_deletion,0.7,349,361,False,0.7361
creat-095,creative,llmlingua_qwen,0.7,361,361,False,1.0
creat-095,creative,llmlingua2,0.7,246,361,False,0.6406
creat-095,creative,random_deletion,0.5,343,361,False,0.6661
creat-095,creative,llmlingua_qwen,0.5,361,361,False,1.0
creat-095,creative,llmlingua2,0.5,333,361,False,0.67
creat-095,creative,random_deletion,0.3,77,361,False,0.5032
creat-095,creative,llmlingua_qwen,0.3,361,361,False,1.0
creat-095,creative,llmlingua2,0.3,194,361,False,0.5734
creat-096,creative,random_deletion,0.7,246,346,False,0.6909
creat-096,creative,llmlingua_qwen,0.7,346,346,False,1.0
creat-096,creative,llmlingua2,0.7,373,346,False,0.6443
creat-096,creative,random_deletion,0.5,195,346,False,0.6616
creat-096,creative,llmlingua_qwen,0.5,346,346,False,1.0
creat-096,creative,llmlingua2,0.5,292,346,False,0.615
creat-096,creative,random_deletion,0.3,32,346,False,0.4325
creat-096,creative,llmlingua_qwen,0.3,346,346,False,1.0
creat-096,creative,llmlingua2,0.3,111,346,False,0.567
creat-097,creative,random_deletion,0.7,351,348,False,0.5982
creat-097,creative,llmlingua_qwen,0.7,348,348,False,1.0
creat-097,creative,llmlingua2,0.7,397,348,False,0.6785
creat-097,creative,random_deletion,0.5,352,348,False,0.6921
creat-097,creative,llmlingua_qwen,0.5,348,348,False,1.0
creat-097,creative,llmlingua2,0.5,320,348,False,0.6516
creat-097,creative,random_deletion,0.3,322,348,False,0.6457
creat-097,creative,llmlingua_qwen,0.3,348,348,False,1.0
creat-097,creative,llmlingua2,0.3,197,348,False,0.5817
creat-098,creative,random_deletion,0.7,385,377,False,0.6864
creat-098,creative,llmlingua_qwen,0.7,377,377,False,1.0
creat-098,creative,llmlingua2,0.7,373,377,False,0.6448
creat-098,creative,random_deletion,0.5,363,377,False,0.6194
creat-098,creative,llmlingua_qwen,0.5,377,377,False,1.0
creat-098,creative,llmlingua2,0.5,295,377,False,0.6211
creat-098,creative,random_deletion,0.3,299,377,False,0.5813
creat-098,creative,llmlingua_qwen,0.3,377,377,False,1.0
creat-098,creative,llmlingua2,0.3,275,377,False,0.62
creat-099,creative,random_deletion,0.7,370,362,False,0.7007
creat-099,creative,llmlingua_qwen,0.7,362,362,False,1.0
creat-099,creative,llmlingua2,0.7,331,362,False,0.6806
creat-099,creative,random_deletion,0.5,387,362,False,0.6216
creat-099,creative,llmlingua_qwen,0.5,362,362,False,1.0
creat-099,creative,llmlingua2,0.5,375,362,False,0.643
creat-099,creative,random_deletion,0.3,238,362,False,0.6154
creat-099,creative,llmlingua_qwen,0.3,362,362,False,1.0
creat-099,creative,llmlingua2,0.3,183,362,False,0.5861
creat-100,creative,random_deletion,0.7,334,343,False,0.7495
creat-100,creative,llmlingua_qwen,0.7,343,343,False,1.0
creat-100,creative,llmlingua2,0.7,347,343,False,0.7548
creat-100,creative,random_deletion,0.5,336,343,False,0.6959
creat-100,creative,llmlingua_qwen,0.5,343,343,False,1.0
creat-100,creative,llmlingua2,0.5,415,343,False,0.6542
creat-100,creative,random_deletion,0.3,256,343,False,0.6631
creat-100,creative,llmlingua_qwen,0.3,343,343,False,1.0
creat-100,creative,llmlingua2,0.3,239,343,False,0.6384
inst-101,instruction,random_deletion,0.7,168,143,False,0.6976
inst-101,instruction,llmlingua_qwen,0.7,120,143,False,0.687
inst-101,instruction,llmlingua2,0.7,95,143,False,0.6252
inst-101,instruction,random_deletion,0.5,316,143,False,0.6318
inst-101,instruction,llmlingua_qwen,0.5,125,143,False,0.5931
inst-101,instruction,llmlingua2,0.5,62,143,False,0.6006
inst-101,instruction,random_deletion,0.3,123,143,False,0.5548
inst-101,instruction,llmlingua_qwen,0.3,76,143,False,0.5238
inst-101,instruction,llmlingua2,0.3,111,143,False,0.6958
inst-102,instruction,random_deletion,0.7,320,315,False,0.8528
inst-102,instruction,llmlingua_qwen,0.7,202,315,False,0.6374
inst-102,instruction,llmlingua2,0.7,316,315,False,0.8621
inst-102,instruction,random_deletion,0.5,193,315,False,0.6022
inst-102,instruction,llmlingua_qwen,0.5,160,315,False,0.474
inst-102,instruction,llmlingua2,0.5,222,315,False,0.5961
inst-102,instruction,random_deletion,0.3,50,315,False,0.4321
inst-102,instruction,llmlingua_qwen,0.3,165,315,False,0.4629
inst-102,instruction,llmlingua2,0.3,326,315,False,0.6462
inst-103,instruction,random_deletion,0.7,162,166,False,0.6294
inst-103,instruction,llmlingua_qwen,0.7,175,166,False,0.7261
inst-103,instruction,llmlingua2,0.7,158,166,False,0.7343
inst-103,instruction,random_deletion,0.5,115,166,False,0.6053
inst-103,instruction,llmlingua_qwen,0.5,156,166,False,0.6584
inst-103,instruction,llmlingua2,0.5,196,166,False,0.6204
inst-103,instruction,random_deletion,0.3,190,166,False,0.6588
inst-103,instruction,llmlingua_qwen,0.3,142,166,False,0.7254
inst-103,instruction,llmlingua2,0.3,145,166,False,0.6462
inst-104,instruction,random_deletion,0.7,167,165,False,0.6947
inst-104,instruction,llmlingua_qwen,0.7,186,165,False,0.816
inst-104,instruction,llmlingua2,0.7,184,165,False,0.7599
inst-104,instruction,random_deletion,0.5,147,165,False,0.6625
inst-104,instruction,llmlingua_qwen,0.5,188,165,False,0.8132
inst-104,instruction,llmlingua2,0.5,196,165,False,0.7398
inst-104,instruction,random_deletion,0.3,155,165,False,0.6562
inst-104,instruction,llmlingua_qwen,0.3,177,165,False,0.8136
inst-104,instruction,llmlingua2,0.3,144,165,False,0.6455
inst-105,instruction,random_deletion,0.7,163,125,False,0.6905
inst-105,instruction,llmlingua_qwen,0.7,125,125,False,1.0
inst-105,instruction,llmlingua2,0.7,145,125,False,0.691
inst-105,instruction,random_deletion,0.5,88,125,False,0.6867
inst-105,instruction,llmlingua_qwen,0.5,125,125,False,1.0
inst-105,instruction,llmlingua2,0.5,219,125,False,0.6049
inst-105,instruction,random_deletion,0.3,86,125,False,0.5759
inst-105,instruction,llmlingua_qwen,0.3,125,125,False,1.0
inst-105,instruction,llmlingua2,0.3,224,125,False,0.6246
inst-106,instruction,random_deletion,0.7,36,64,False,0.7533
inst-106,instruction,llmlingua_qwen,0.7,61,64,False,0.7932
inst-106,instruction,llmlingua2,0.7,70,64,False,0.8134
inst-106,instruction,random_deletion,0.5,136,64,False,0.5674
inst-106,instruction,llmlingua_qwen,0.5,69,64,False,0.7818
inst-106,instruction,llmlingua2,0.5,69,64,False,0.7251
inst-106,instruction,random_deletion,0.3,164,64,False,0.4821
inst-106,instruction,llmlingua_qwen,0.3,65,64,False,0.6332
inst-106,instruction,llmlingua2,0.3,95,64,False,0.5778
inst-107,instruction,random_deletion,0.7,220,200,False,0.7411
inst-107,instruction,llmlingua_qwen,0.7,200,200,False,1.0
inst-107,instruction,llmlingua2,0.7,318,200,False,0.7539
inst-107,instruction,random_deletion,0.5,366,200,False,0.6736
inst-107,instruction,llmlingua_qwen,0.5,200,200,False,1.0
inst-107,instruction,llmlingua2,0.5,421,200,False,0.7137
inst-107,instruction,random_deletion,0.3,73,200,False,0.5349
inst-107,instruction,llmlingua_qwen,0.3,200,200,False,1.0
inst-107,instruction,llmlingua2,0.3,422,200,False,0.6953
inst-108,instruction,random_deletion,0.7,348,408,False,0.8401
inst-108,instruction,llmlingua_qwen,0.7,362,408,False,0.7966
inst-108,instruction,llmlingua2,0.7,397,408,False,0.7523
inst-108,instruction,random_deletion,0.5,345,408,False,0.7165
inst-108,instruction,llmlingua_qwen,0.5,362,408,False,0.7966
inst-108,instruction,llmlingua2,0.5,399,408,False,0.7481
inst-108,instruction,random_deletion,0.3,269,408,False,0.6661
inst-108,instruction,llmlingua_qwen,0.3,420,408,False,0.7929
inst-108,instruction,llmlingua2,0.3,318,408,False,0.7599
inst-109,instruction,random_deletion,0.7,467,410,False,0.7173
inst-109,instruction,llmlingua_qwen,0.7,408,410,False,0.8608
inst-109,instruction,llmlingua2,0.7,401,410,False,0.7634
inst-109,instruction,random_deletion,0.5,461,410,False,0.6701
inst-109,instruction,llmlingua_qwen,0.5,415,410,False,0.7146
inst-109,instruction,llmlingua2,0.5,389,410,False,0.7495
inst-109,instruction,random_deletion,0.3,460,410,False,0.6504
inst-109,instruction,llmlingua_qwen,0.3,401,410,False,0.7089
inst-109,instruction,llmlingua2,0.3,275,410,False,0.6293
inst-110,instruction,random_deletion,0.7,510,474,False,0.8705
inst-110,instruction,llmlingua_qwen,0.7,415,474,False,0.7902
inst-110,instruction,llmlingua2,0.7,516,474,True,0.8143
inst-110,instruction,random_deletion,0.5,450,474,False,0.6427
inst-110,instruction,llmlingua_qwen,0.5,526,474,True,0.8345
inst-110,instruction,llmlingua2,0.5,416,474,False,0.8051
inst-110,instruction,random_deletion,0.3,394,474,False,0.6065
inst-110,instruction,llmlingua_qwen,0.3,536,474,True,0.7894
inst-110,instruction,llmlingua2,0.3,369,474,False,0.6322
inst-111,instruction,random_deletion,0.7,385,383,False,0.7808
inst-111,instruction,llmlingua_qwen,0.7,374,383,False,0.8006
inst-111,instruction,llmlingua2,0.7,399,383,False,0.824
inst-111,instruction,random_deletion,0.5,420,383,False,0.6846
inst-111,instruction,llmlingua_qwen,0.5,387,383,False,0.8003
inst-111,instruction,llmlingua2,0.5,386,383,False,0.7855
inst-111,instruction,random_deletion,0.3,219,383,False,0.6338
inst-111,instruction,llmlingua_qwen,0.3,418,383,False,0.808
inst-111,instruction,llmlingua2,0.3,385,383,False,0.7047
inst-112,instruction,random_deletion,0.7,448,483,False,0.7376
inst-112,instruction,llmlingua_qwen,0.7,428,483,False,0.7594
inst-112,instruction,llmlingua2,0.7,441,483,False,0.7637
inst-112,instruction,random_deletion,0.5,408,483,False,0.65
inst-112,instruction,llmlingua_qwen,0.5,409,483,False,0.7272
inst-112,instruction,llmlingua2,0.5,322,483,False,0.6037
inst-112,instruction,random_deletion,0.3,236,483,False,0.5612
inst-112,instruction,llmlingua_qwen,0.3,430,483,False,0.7682
inst-112,instruction,llmlingua2,0.3,53,483,False,0.3719
inst-113,instruction,random_deletion,0.7,388,396,False,0.7119
inst-113,instruction,llmlingua_qwen,0.7,396,396,False,0.9313
inst-113,instruction,llmlingua2,0.7,365,396,False,0.7545
inst-113,instruction,random_deletion,0.5,398,396,False,0.6283
inst-113,instruction,llmlingua_qwen,0.5,396,396,False,0.9313
inst-113,instruction,llmlingua2,0.5,339,396,False,0.7378
inst-113,instruction,random_deletion,0.3,428,396,False,0.6922
inst-113,instruction,llmlingua_qwen,0.3,396,396,False,0.9313
inst-113,instruction,llmlingua2,0.3,313,396,False,0.7027
inst-114,instruction,random_deletion,0.7,40,165,False,0.525
inst-114,instruction,llmlingua_qwen,0.7,133,165,False,0.75
inst-114,instruction,llmlingua2,0.7,203,165,False,0.7637
inst-114,instruction,random_deletion,0.5,84,165,False,0.661
inst-114,instruction,llmlingua_qwen,0.5,139,165,False,0.7785
inst-114,instruction,llmlingua2,0.5,271,165,False,0.6485
inst-114,instruction,random_deletion,0.3,4,165,False,0.4036
inst-114,instruction,llmlingua_qwen,0.3,77,165,False,0.7192
inst-114,instruction,llmlingua2,0.3,39,165,False,0.4773
inst-115,instruction,random_deletion,0.7,406,415,False,0.7559
inst-115,instruction,llmlingua_qwen,0.7,398,415,False,0.8564
inst-115,instruction,llmlingua2,0.7,404,415,False,0.7476
inst-115,instruction,random_deletion,0.5,259,415,False,0.6642
inst-115,instruction,llmlingua_qwen,0.5,398,415,False,0.8422
inst-115,instruction,llmlingua2,0.5,275,415,False,0.6951
inst-115,instruction,random_deletion,0.3,400,415,False,0.7346
inst-115,instruction,llmlingua_qwen,0.3,398,415,False,0.8422
inst-115,instruction,llmlingua2,0.3,419,415,False,0.7123
inst-116,instruction,random_deletion,0.7,63,140,False,0.5772
inst-116,instruction,llmlingua_qwen,0.7,152,140,False,0.9561
inst-116,instruction,llmlingua2,0.7,153,140,False,0.8663
inst-116,instruction,random_deletion,0.5,161,140,False,0.5399
inst-116,instruction,llmlingua_qwen,0.5,152,140,False,0.9561
inst-116,instruction,llmlingua2,0.5,99,140,False,0.4484
inst-116,instruction,random_deletion,0.3,35,140,False,0.4102
inst-116,instruction,llmlingua_qwen,0.3,146,140,False,0.9581
inst-116,instruction,llmlingua2,0.3,57,140,False,0.4285
inst-117,instruction,random_deletion,0.7,151,232,False,0.8049
inst-117,instruction,llmlingua_qwen,0.7,193,232,False,0.7508
inst-117,instruction,llmlingua2,0.7,339,232,False,0.758
inst-117,instruction,random_deletion,0.5,221,232,False,0.6597
inst-117,instruction,llmlingua_qwen,0.5,203,232,False,0.8116
inst-117,instruction,llmlingua2,0.5,287,232,False,0.7312
inst-117,instruction,random_deletion,0.3,360,232,False,0.6686
inst-117,instruction,llmlingua_qwen,0.3,190,232,False,0.8143
inst-117,instruction,llmlingua2,0.3,238,232,False,0.7241
inst-118,instruction,random_deletion,0.7,20,110,False,0.6406
inst-118,instruction,llmlingua_qwen,0.7,47,110,False,0.6067
inst-118,instruction,llmlingua2,0.7,30,110,False,0.708
inst-118,instruction,random_deletion,0.5,28,110,False,0.6145
inst-118,instruction,llmlingua_qwen,0.5,65,110,False,0.5897
inst-118,instruction,llmlingua2,0.5,35,110,False,0.4906
inst-118,instruction,random_deletion,0.3,22,110,False,0.5662
inst-118,instruction,llmlingua_qwen,0.3,44,110,False,0.5116
inst-118,instruction,llmlingua2,0.3,19,110,False,0.4763
inst-119,instruction,random_deletion,0.7,54,21,False,0.5966
inst-119,instruction,llmlingua_qwen,0.7,20,21,False,0.9716
inst-119,instruction,llmlingua2,0.7,16,21,False,0.713
inst-119,instruction,random_deletion,0.5,19,21,False,0.7912
inst-119,instruction,llmlingua_qwen,0.5,18,21,False,0.8872
inst-119,instruction,llmlingua2,0.5,22,21,False,0.7129
inst-119,instruction,random_deletion,0.3,42,21,False,0.491
inst-119,instruction,llmlingua_qwen,0.3,20,21,False,0.9716
inst-119,instruction,llmlingua2,0.3,68,21,False,0.5456
inst-120,instruction,random_deletion,0.7,20,55,False,0.7077
inst-120,instruction,llmlingua_qwen,0.7,54,55,False,0.6897
inst-120,instruction,llmlingua2,0.7,85,55,False,0.6133
inst-120,instruction,random_deletion,0.5,63,55,False,0.5695
inst-120,instruction,llmlingua_qwen,0.5,124,55,False,0.6035
inst-120,instruction,llmlingua2,0.5,167,55,False,0.6174
inst-120,instruction,random_deletion,0.3,186,55,False,0.5155
inst-120,instruction,llmlingua_qwen,0.3,122,55,False,0.6393
inst-120,instruction,llmlingua2,0.3,151,55,False,0.5536
inst-121,instruction,random_deletion,0.7,113,60,False,0.7482
inst-121,instruction,llmlingua_qwen,0.7,76,60,False,0.7627
inst-121,instruction,llmlingua2,0.7,131,60,False,0.7846
inst-121,instruction,random_deletion,0.5,78,60,False,0.7255
inst-121,instruction,llmlingua_qwen,0.5,97,60,False,0.745
inst-121,instruction,llmlingua2,0.5,123,60,False,0.7902
inst-121,instruction,random_deletion,0.3,31,60,False,0.4641
inst-121,instruction,llmlingua_qwen,0.3,204,60,False,0.6707
inst-121,instruction,llmlingua2,0.3,250,60,False,0.5898
inst-122,instruction,random_deletion,0.7,399,426,False,0.6927
inst-122,instruction,llmlingua_qwen,0.7,434,426,False,0.7499
inst-122,instruction,llmlingua2,0.7,411,426,False,0.6939
inst-122,instruction,random_deletion,0.5,294,426,False,0.6674
inst-122,instruction,llmlingua_qwen,0.5,407,426,False,0.7007
inst-122,instruction,llmlingua2,0.5,419,426,False,0.6935
inst-122,instruction,random_deletion,0.3,368,426,False,0.667
inst-122,instruction,llmlingua_qwen,0.3,440,426,False,0.7445
inst-122,instruction,llmlingua2,0.3,476,426,False,0.6646
inst-123,instruction,random_deletion,0.7,414,445,False,0.7798
inst-123,instruction,llmlingua_qwen,0.7,427,445,False,0.8454
inst-123,instruction,llmlingua2,0.7,421,445,False,0.8121
inst-123,instruction,random_deletion,0.5,412,445,False,0.7616
inst-123,instruction,llmlingua_qwen,0.5,434,445,False,0.7689
inst-123,instruction,llmlingua2,0.5,421,445,False,0.7744
inst-123,instruction,random_deletion,0.3,209,445,False,0.6065
inst-123,instruction,llmlingua_qwen,0.3,370,445,False,0.7618
inst-123,instruction,llmlingua2,0.3,283,445,False,0.6265
inst-124,instruction,random_deletion,0.7,335,391,False,0.8754
inst-124,instruction,llmlingua_qwen,0.7,391,391,False,1.0
inst-124,instruction,llmlingua2,0.7,466,391,False,0.8289
inst-124,instruction,random_deletion,0.5,391,391,False,0.6403
inst-124,instruction,llmlingua_qwen,0.5,391,391,False,1.0
inst-124,instruction,llmlingua2,0.5,323,391,False,0.6581
inst-124,instruction,random_deletion,0.3,517,391,True,0.6971
inst-124,instruction,llmlingua_qwen,0.3,391,391,False,1.0
inst-124,instruction,llmlingua2,0.3,310,391,False,0.6013
inst-125,instruction,random_deletion,0.7,401,425,False,0.758
inst-125,instruction,llmlingua_qwen,0.7,425,425,False,1.0
inst-125,instruction,llmlingua2,0.7,163,425,False,0.6666
inst-125,instruction,random_deletion,0.5,170,425,False,0.642
inst-125,instruction,llmlingua_qwen,0.5,425,425,False,1.0
inst-125,instruction,llmlingua2,0.5,178,425,False,0.6873
inst-125,instruction,random_deletion,0.3,131,425,False,0.5902
inst-125,instruction,llmlingua_qwen,0.3,425,425,False,1.0
inst-125,instruction,llmlingua2,0.3,303,425,False,0.6945
summ-101,summarisation,random_deletion,0.7,11,27,False,0.6261
summ-101,summarisation,llmlingua_qwen,0.7,27,27,False,1.0
summ-101,summarisation,llmlingua2,0.7,42,27,False,0.8924
summ-101,summarisation,random_deletion,0.5,46,27,False,0.698
summ-101,summarisation,llmlingua_qwen,0.5,27,27,False,1.0
summ-101,summarisation,llmlingua2,0.5,77,27,False,0.6971
summ-101,summarisation,random_deletion,0.3,2,27,False,0.4613
summ-101,summarisation,llmlingua_qwen,0.3,27,27,False,1.0
summ-101,summarisation,llmlingua2,0.3,79,27,False,0.5827
summ-102,summarisation,random_deletion,0.7,73,49,False,0.6938
summ-102,summarisation,llmlingua_qwen,0.7,49,49,False,1.0
summ-102,summarisation,llmlingua2,0.7,56,49,False,0.7876
summ-102,summarisation,random_deletion,0.5,55,49,False,0.7341
summ-102,summarisation,llmlingua_qwen,0.5,57,49,False,0.9621
summ-102,summarisation,llmlingua2,0.5,59,49,False,0.7511
summ-102,summarisation,random_deletion,0.3,104,49,False,0.4928
summ-102,summarisation,llmlingua_qwen,0.3,57,49,False,0.9621
summ-102,summarisation,llmlingua2,0.3,39,49,False,0.7481
summ-103,summarisation,random_deletion,0.7,59,76,False,0.8226
summ-103,summarisation,llmlingua_qwen,0.7,72,76,False,0.982
summ-103,summarisation,llmlingua2,0.7,66,76,False,0.8661
summ-103,summarisation,random_deletion,0.5,52,76,False,0.7272
summ-103,summarisation,llmlingua_qwen,0.5,72,76,False,0.982
summ-103,summarisation,llmlingua2,0.5,67,76,False,0.777
summ-103,summarisation,random_deletion,0.3,185,76,False,0.5519
summ-103,summarisation,llmlingua_qwen,0.3,72,76,False,0.982
summ-103,summarisation,llmlingua2,0.3,114,76,False,0.5061
summ-104,summarisation,random_deletion,0.7,168,111,False,0.7738
summ-104,summarisation,llmlingua_qwen,0.7,73,111,False,0.6905
summ-104,summarisation,llmlingua2,0.7,261,111,False,0.7551
summ-104,summarisation,random_deletion,0.5,78,111,False,0.7157
summ-104,summarisation,llmlingua_qwen,0.5,57,111,False,0.656
summ-104,summarisation,llmlingua2,0.5,347,111,False,0.67
summ-104,summarisation,random_deletion,0.3,403,111,False,0.6124
summ-104,summarisation,llmlingua_qwen,0.3,187,111,False,0.5319
summ-104,summarisation,llmlingua2,0.3,236,111,False,0.6303
summ-105,summarisation,random_deletion,0.7,139,86,False,0.7754
summ-105,summarisation,llmlingua_qwen,0.7,86,86,False,1.0
summ-105,summarisation,llmlingua2,0.7,76,86,False,0.7481
summ-105,summarisation,random_deletion,0.5,206,86,False,0.6171
summ-105,summarisation,llmlingua_qwen,0.5,86,86,False,1.0
summ-105,summarisation,llmlingua2,0.5,80,86,False,0.673
summ-105,summarisation,random_deletion,0.3,133,86,False,0.6306
summ-105,summarisation,llmlingua_qwen,0.3,86,86,False,1.0
summ-105,summarisation,llmlingua2,0.3,86,86,False,0.6202
summ-106,summarisation,random_deletion,0.7,65,64,False,0.7446
summ-106,summarisation,llmlingua_qwen,0.7,64,64,False,0.8637
summ-106,summarisation,llmlingua2,0.7,49,64,False,0.7794
summ-106,summarisation,random_deletion,0.5,110,64,False,0.6335
summ-106,summarisation,llmlingua_qwen,0.5,64,64,False,0.8637
summ-106,summarisation,llmlingua2,0.5,81,64,False,0.6908
summ-106,summarisation,random_deletion,0.3,47,64,False,0.5925
summ-106,summarisation,llmlingua_qwen,0.3,64,64,False,0.8637
summ-106,summarisation,llmlingua2,0.3,48,64,False,0.6729
summ-107,summarisation,random_deletion,0.7,104,93,False,0.7374
summ-107,summarisation,llmlingua_qwen,0.7,96,93,False,0.7513
summ-107,summarisation,llmlingua2,0.7,99,93,False,0.8359
summ-107,summarisation,random_deletion,0.5,145,93,False,0.7352
summ-107,summarisation,llmlingua_qwen,0.5,145,93,False,0.6262
summ-107,summarisation,llmlingua2,0.5,94,93,False,0.7649
summ-107,summarisation,random_deletion,0.3,292,93,False,0.5914
summ-107,summarisation,llmlingua_qwen,0.3,49,93,False,0.4951
summ-107,summarisation,llmlingua2,0.3,99,93,False,0.7104
summ-108,summarisation,random_deletion,0.7,106,97,False,0.8096
summ-108,summarisation,llmlingua_qwen,0.7,90,97,False,0.9287
summ-108,summarisation,llmlingua2,0.7,101,97,False,0.7501
summ-108,summarisation,random_deletion,0.5,92,97,False,0.7064
summ-108,summarisation,llmlingua_qwen,0.5,90,97,False,0.9287
summ-108,summarisation,llmlingua2,0.5,80,97,False,0.6851
summ-108,summarisation,random_deletion,0.3,78,97,False,0.5564
summ-108,summarisation,llmlingua_qwen,0.3,90,97,False,0.9287
summ-108,summarisation,llmlingua2,0.3,74,97,False,0.6159
summ-109,summarisation,random_deletion,0.7,140,163,False,0.7694
summ-109,summarisation,llmlingua_qwen,0.7,167,163,False,0.977
summ-109,summarisation,llmlingua2,0.7,147,163,False,0.835
summ-109,summarisation,random_deletion,0.5,73,163,False,0.6448
summ-109,summarisation,llmlingua_qwen,0.5,167,163,False,0.977
summ-109,summarisation,llmlingua2,0.5,143,163,False,0.7388
summ-109,summarisation,random_deletion,0.3,205,163,False,0.6467
summ-109,summarisation,llmlingua_qwen,0.3,167,163,False,0.977
summ-109,summarisation,llmlingua2,0.3,143,163,False,0.696
summ-110,summarisation,random_deletion,0.7,72,81,False,0.7127
summ-110,summarisation,llmlingua_qwen,0.7,81,81,False,1.0
summ-110,summarisation,llmlingua2,0.7,76,81,False,0.8276
summ-110,summarisation,random_deletion,0.5,221,81,False,0.6311
summ-110,summarisation,llmlingua_qwen,0.5,80,81,False,0.9361
summ-110,summarisation,llmlingua2,0.5,78,81,False,0.7248
summ-110,summarisation,random_deletion,0.3,303,81,False,0.5916
summ-110,summarisation,llmlingua_qwen,0.3,80,81,False,0.9361
summ-110,summarisation,llmlingua2,0.3,53,81,False,0.6453
summ-111,summarisation,random_deletion,0.7,79,56,False,0.7254
summ-111,summarisation,llmlingua_qwen,0.7,56,56,False,1.0
summ-111,summarisation,llmlingua2,0.7,63,56,False,0.6781
summ-111,summarisation,random_deletion,0.5,56,56,False,0.6582
summ-111,summarisation,llmlingua_qwen,0.5,56,56,False,1.0
summ-111,summarisation,llmlingua2,0.5,67,56,False,0.7117
summ-111,summarisation,random_deletion,0.3,60,56,False,0.4763
summ-111,summarisation,llmlingua_qwen,0.3,54,56,False,0.9089
summ-111,summarisation,llmlingua2,0.3,53,56,False,0.6483
summ-112,summarisation,random_deletion,0.7,64,97,False,0.7514
summ-112,summarisation,llmlingua_qwen,0.7,99,97,False,0.9919
summ-112,summarisation,llmlingua2,0.7,76,97,False,0.8164
summ-112,summarisation,random_deletion,0.5,94,97,False,0.6842
summ-112,summarisation,llmlingua_qwen,0.5,99,97,False,0.9919
summ-112,summarisation,llmlingua2,0.5,101,97,False,0.773
summ-112,summarisation,random_deletion,0.3,99,97,False,0.6248
summ-112,summarisation,llmlingua_qwen,0.3,101,97,False,0.9751
summ-112,summarisation,llmlingua2,0.3,27,97,False,0.6266
summ-113,summarisation,random_deletion,0.7,83,52,False,0.778
summ-113,summarisation,llmlingua_qwen,0.7,58,52,False,0.9788
summ-113,summarisation,llmlingua2,0.7,182,52,False,0.6648
summ-113,summarisation,random_deletion,0.5,42,52,False,0.7572
summ-113,summarisation,llmlingua_qwen,0.5,58,52,False,0.9788
summ-113,summarisation,llmlingua2,0.5,133,52,False,0.6824
summ-113,summarisation,random_deletion,0.3,42,52,False,0.5119
summ-113,summarisation,llmlingua_qwen,0.3,58,52,False,0.9788
summ-113,summarisation,llmlingua2,0.3,260,52,False,0.5645
summ-114,summarisation,random_deletion,0.7,119,68,False,0.6894
summ-114,summarisation,llmlingua_qwen,0.7,67,68,False,0.9854
summ-114,summarisation,llmlingua2,0.7,178,68,False,0.6281
summ-114,summarisation,random_deletion,0.5,53,68,False,0.6436
summ-114,summarisation,llmlingua_qwen,0.5,67,68,False,0.9854
summ-114,summarisation,llmlingua2,0.5,151,68,False,0.6385
summ-114,summarisation,random_deletion,0.3,51,68,False,0.5538
summ-114,summarisation,llmlingua_qwen,0.3,66,68,False,0.9697
summ-114,summarisation,llmlingua2,0.3,157,68,False,0.585
summ-115,summarisation,random_deletion,0.7,74,161,False,0.5986
summ-115,summarisation,llmlingua_qwen,0.7,157,161,False,0.9761
summ-115,summarisation,llmlingua2,0.7,212,161,False,0.8308
summ-115,summarisation,random_deletion,0.5,42,161,False,0.4819
summ-115,summarisation,llmlingua_qwen,0.5,157,161,False,0.9761
summ-115,summarisation,llmlingua2,0.5,211,161,False,0.5461
summ-115,summarisation,random_deletion,0.3,48,161,False,0.4332
summ-115,summarisation,llmlingua_qwen,0.3,174,161,False,0.9691
summ-115,summarisation,llmlingua2,0.3,261,161,False,0.5265
summ-116,summarisation,random_deletion,0.7,137,153,False,0.9162
summ-116,summarisation,llmlingua_qwen,0.7,153,153,False,1.0
summ-116,summarisation,llmlingua2,0.7,130,153,False,0.8613
summ-116,summarisation,random_deletion,0.5,228,153,False,0.7386
summ-116,summarisation,llmlingua_qwen,0.5,152,153,False,0.993
summ-116,summarisation,llmlingua2,0.5,193,153,False,0.7816
summ-116,summarisation,random_deletion,0.3,266,153,False,0.7022
summ-116,summarisation,llmlingua_qwen,0.3,152,153,False,0.993
summ-116,summarisation,llmlingua2,0.3,267,153,False,0.7243
summ-117,summarisation,random_deletion,0.7,78,80,False,0.8526
summ-117,summarisation,llmlingua_qwen,0.7,80,80,False,1.0
summ-117,summarisation,llmlingua2,0.7,75,80,False,0.8618
summ-117,summarisation,random_deletion,0.5,79,80,False,0.7761
summ-117,summarisation,llmlingua_qwen,0.5,80,80,False,1.0
summ-117,summarisation,llmlingua2,0.5,85,80,False,0.7789
summ-117,summarisation,random_deletion,0.3,57,80,False,0.4754
summ-117,summarisation,llmlingua_qwen,0.3,80,80,False,1.0
summ-117,summarisation,llmlingua2,0.3,74,80,False,0.7159
summ-118,summarisation,random_deletion,0.7,161,137,False,0.7015
summ-118,summarisation,llmlingua_qwen,0.7,140,137,False,0.9558
summ-118,summarisation,llmlingua2,0.7,320,137,False,0.6147
summ-118,summarisation,random_deletion,0.5,428,137,False,0.6331
summ-118,summarisation,llmlingua_qwen,0.5,140,137,False,0.9558
summ-118,summarisation,llmlingua2,0.5,418,137,False,0.64
summ-118,summarisation,random_deletion,0.3,278,137,False,0.6079
summ-118,summarisation,llmlingua_qwen,0.3,158,137,False,0.9079
summ-118,summarisation,llmlingua2,0.3,409,137,False,0.5819
summ-119,summarisation,random_deletion,0.7,101,89,False,0.7806
summ-119,summarisation,llmlingua_qwen,0.7,91,89,False,0.9864
summ-119,summarisation,llmlingua2,0.7,82,89,False,0.8176
summ-119,summarisation,random_deletion,0.5,351,89,False,0.6266
summ-119,summarisation,llmlingua_qwen,0.5,89,89,False,1.0
summ-119,summarisation,llmlingua2,0.5,79,89,False,0.7334
summ-119,summarisation,random_deletion,0.3,41,89,False,0.4825
summ-119,summarisation,llmlingua_qwen,0.3,89,89,False,1.0
summ-119,summarisation,llmlingua2,0.3,83,89,False,0.6959
summ-120,summarisation,random_deletion,0.7,162,148,False,0.8817
summ-120,summarisation,llmlingua_qwen,0.7,148,148,False,1.0
summ-120,summarisation,llmlingua2,0.7,173,148,False,0.8425
summ-120,summarisation,random_deletion,0.5,312,148,False,0.7217
summ-120,summarisation,llmlingua_qwen,0.5,146,148,False,0.9861
summ-120,summarisation,llmlingua2,0.5,155,148,False,0.7661
summ-120,summarisation,random_deletion,0.3,264,148,False,0.6306
summ-120,summarisation,llmlingua_qwen,0.3,146,148,False,0.9861
summ-120,summarisation,llmlingua2,0.3,216,148,False,0.7211
summ-121,summarisation,random_deletion,0.7,160,140,False,0.9006
summ-121,summarisation,llmlingua_qwen,0.7,140,140,False,0.9922
summ-121,summarisation,llmlingua2,0.7,185,140,False,0.8913
summ-121,summarisation,random_deletion,0.5,122,140,False,0.7999
summ-121,summarisation,llmlingua_qwen,0.5,140,140,False,0.9922
summ-121,summarisation,llmlingua2,0.5,226,140,False,0.5679
summ-121,summarisation,random_deletion,0.3,57,140,False,0.5319
summ-121,summarisation,llmlingua_qwen,0.3,140,140,False,0.9792
summ-121,summarisation,llmlingua2,0.3,96,140,False,0.5018
summ-122,summarisation,random_deletion,0.7,73,91,False,0.8135
summ-122,summarisation,llmlingua_qwen,0.7,91,91,False,1.0
summ-122,summarisation,llmlingua2,0.7,86,91,False,0.829
summ-122,summarisation,random_deletion,0.5,87,91,False,0.6941
summ-122,summarisation,llmlingua_qwen,0.5,90,91,False,0.9509
summ-122,summarisation,llmlingua2,0.5,67,91,False,0.8154
summ-122,summarisation,random_deletion,0.3,99,91,False,0.5844
summ-122,summarisation,llmlingua_qwen,0.3,90,91,False,0.9509
summ-122,summarisation,llmlingua2,0.3,85,91,False,0.7399
summ-123,summarisation,random_deletion,0.7,64,88,False,0.7024
summ-123,summarisation,llmlingua_qwen,0.7,88,88,False,1.0
summ-123,summarisation,llmlingua2,0.7,66,88,False,0.7047
summ-123,summarisation,random_deletion,0.5,148,88,False,0.6975
summ-123,summarisation,llmlingua_qwen,0.5,88,88,False,1.0
summ-123,summarisation,llmlingua2,0.5,116,88,False,0.7194
summ-123,summarisation,random_deletion,0.3,68,88,False,0.4596
summ-123,summarisation,llmlingua_qwen,0.3,88,88,False,1.0
summ-123,summarisation,llmlingua2,0.3,153,88,False,0.6713
summ-124,summarisation,random_deletion,0.7,54,50,False,0.751
summ-124,summarisation,llmlingua_qwen,0.7,50,50,False,1.0
summ-124,summarisation,llmlingua2,0.7,66,50,False,0.7564
summ-124,summarisation,random_deletion,0.5,53,50,False,0.6425
summ-124,summarisation,llmlingua_qwen,0.5,47,50,False,0.8488
summ-124,summarisation,llmlingua2,0.5,85,50,False,0.6491
summ-124,summarisation,random_deletion,0.3,131,50,False,0.6095
summ-124,summarisation,llmlingua_qwen,0.3,47,50,False,0.8488
summ-124,summarisation,llmlingua2,0.3,68,50,False,0.6523
summ-125,summarisation,random_deletion,0.7,192,91,False,0.7106
summ-125,summarisation,llmlingua_qwen,0.7,91,91,False,1.0
summ-125,summarisation,llmlingua2,0.7,174,91,False,0.7336
summ-125,summarisation,random_deletion,0.5,240,91,False,0.6641
summ-125,summarisation,llmlingua_qwen,0.5,91,91,False,1.0
summ-125,summarisation,llmlingua2,0.5,258,91,False,0.6649
summ-125,summarisation,random_deletion,0.3,245,91,False,0.5922
summ-125,summarisation,llmlingua_qwen,0.3,91,91,False,1.0
summ-125,summarisation,llmlingua2,0.3,298,91,False,0.6374
qa-101,qa,random_deletion,0.7,5,7,False,0.8117
qa-101,qa,llmlingua_qwen,0.7,7,7,False,1.0
qa-101,qa,llmlingua2,0.7,24,7,False,0.6491
qa-101,qa,random_deletion,0.5,138,7,False,0.5162
qa-101,qa,llmlingua_qwen,0.5,7,7,False,1.0
qa-101,qa,llmlingua2,0.5,43,7,False,0.589
qa-101,qa,random_deletion,0.3,99,7,False,0.5029
qa-101,qa,llmlingua_qwen,0.3,7,7,False,1.0
qa-101,qa,llmlingua2,0.3,239,7,False,0.4403
qa-102,qa,random_deletion,0.7,61,43,False,0.7844
qa-102,qa,llmlingua_qwen,0.7,43,43,False,1.0
qa-102,qa,llmlingua2,0.7,52,43,False,0.8179
qa-102,qa,random_deletion,0.5,67,43,False,0.7762
qa-102,qa,llmlingua_qwen,0.5,43,43,False,1.0
qa-102,qa,llmlingua2,0.5,56,43,False,0.8059
qa-102,qa,random_deletion,0.3,57,43,False,0.5004
qa-102,qa,llmlingua_qwen,0.3,43,43,False,1.0
qa-102,qa,llmlingua2,0.3,75,43,False,0.7767
qa-103,qa,random_deletion,0.7,54,18,False,0.7946
qa-103,qa,llmlingua_qwen,0.7,18,18,False,1.0
qa-103,qa,llmlingua2,0.7,54,18,False,0.7949
qa-103,qa,random_deletion,0.5,63,18,False,0.7291
qa-103,qa,llmlingua_qwen,0.5,18,18,False,1.0
qa-103,qa,llmlingua2,0.5,52,18,False,0.7323
qa-103,qa,random_deletion,0.3,123,18,False,0.4881
qa-103,qa,llmlingua_qwen,0.3,18,18,False,1.0
qa-103,qa,llmlingua2,0.3,116,18,False,0.5802
qa-104,qa,random_deletion,0.7,78,35,False,0.7515
qa-104,qa,llmlingua_qwen,0.7,64,35,False,0.814
qa-104,qa,llmlingua2,0.7,52,35,False,0.7773
qa-104,qa,random_deletion,0.5,71,35,False,0.539
qa-104,qa,llmlingua_qwen,0.5,67,35,False,0.8131
qa-104,qa,llmlingua2,0.5,79,35,False,0.707
qa-104,qa,random_deletion,0.3,38,35,False,0.421
qa-104,qa,llmlingua_qwen,0.3,64,35,False,0.814
qa-104,qa,llmlingua2,0.3,86,35,False,0.5077
qa-105,qa,random_deletion,0.7,64,56,False,0.7256
qa-105,qa,llmlingua_qwen,0.7,39,56,False,0.8229
qa-105,qa,llmlingua2,0.7,127,56,False,0.6353
qa-105,qa,random_deletion,0.5,181,56,False,0.4965
qa-105,qa,llmlingua_qwen,0.5,39,56,False,0.7838
qa-105,qa,llmlingua2,0.5,191,56,False,0.5454
qa-105,qa,random_deletion,0.3,107,56,False,0.4744
qa-105,qa,llmlingua_qwen,0.3,50,56,False,0.743
qa-105,qa,llmlingua2,0.3,94,56,False,0.6113
qa-106,qa,random_deletion,0.7,33,29,False,0.8973
qa-106,qa,llmlingua_qwen,0.7,29,29,False,1.0
qa-106,qa,llmlingua2,0.7,70,29,False,0.7449
qa-106,qa,random_deletion,0.5,92,29,False,0.7148
qa-106,qa,llmlingua_qwen,0.5,29,29,False,1.0
qa-106,qa,llmlingua2,0.5,37,29,False,0.5134
qa-106,qa,random_deletion,0.3,35,29,False,0.6545
qa-106,qa,llmlingua_qwen,0.3,29,29,False,1.0
qa-106,qa,llmlingua2,0.3,29,29,False,0.5185
qa-107,qa,random_deletion,0.7,90,75,False,0.7596
qa-107,qa,llmlingua_qwen,0.7,75,75,False,1.0
qa-107,qa,llmlingua2,0.7,148,75,False,0.7798
qa-107,qa,random_deletion,0.5,91,75,False,0.7767
qa-107,qa,llmlingua_qwen,0.5,75,75,False,1.0
qa-107,qa,llmlingua2,0.5,123,75,False,0.6809
qa-107,qa,random_deletion,0.3,130,75,False,0.7447
qa-107,qa,llmlingua_qwen,0.3,75,75,False,1.0
qa-107,qa,llmlingua2,0.3,100,75,False,0.6371
qa-108,qa,random_deletion,0.7,267,129,False,0.7255
qa-108,qa,llmlingua_qwen,0.7,129,129,False,1.0
qa-108,qa,llmlingua2,0.7,145,129,False,0.7705
qa-108,qa,random_deletion,0.5,275,129,False,0.5188
qa-108,qa,llmlingua_qwen,0.5,129,129,False,1.0
qa-108,qa,llmlingua2,0.5,251,129,False,0.6409
qa-108,qa,random_deletion,0.3,47,129,False,0.6335
qa-108,qa,llmlingua_qwen,0.3,129,129,False,1.0
qa-108,qa,llmlingua2,0.3,66,129,False,0.6235
qa-109,qa,random_deletion,0.7,143,168,False,0.7479
qa-109,qa,llmlingua_qwen,0.7,168,168,False,1.0
qa-109,qa,llmlingua2,0.7,200,168,False,0.8261
qa-109,qa,random_deletion,0.5,261,168,False,0.7689
qa-109,qa,llmlingua_qwen,0.5,168,168,False,1.0
qa-109,qa,llmlingua2,0.5,127,168,False,0.7318
qa-109,qa,random_deletion,0.3,201,168,False,0.5924
qa-109,qa,llmlingua_qwen,0.3,168,168,False,1.0
qa-109,qa,llmlingua2,0.3,90,168,False,0.7111
qa-110,qa,random_deletion,0.7,393,400,False,0.8031
qa-110,qa,llmlingua_qwen,0.7,242,400,False,0.7411
qa-110,qa,llmlingua2,0.7,204,400,False,0.771
qa-110,qa,random_deletion,0.5,141,400,False,0.6727
qa-110,qa,llmlingua_qwen,0.5,233,400,False,0.7367
qa-110,qa,llmlingua2,0.5,233,400,False,0.7063
qa-110,qa,random_deletion,0.3,211,400,False,0.5888
qa-110,qa,llmlingua_qwen,0.3,253,400,False,0.7358
qa-110,qa,llmlingua2,0.3,180,400,False,0.682
qa-111,qa,random_deletion,0.7,258,186,False,0.8104
qa-111,qa,llmlingua_qwen,0.7,174,186,False,0.8759
qa-111,qa,llmlingua2,0.7,217,186,False,0.8753
qa-111,qa,random_deletion,0.5,182,186,False,0.6432
qa-111,qa,llmlingua_qwen,0.5,165,186,False,0.8655
qa-111,qa,llmlingua2,0.5,159,186,False,0.7544
qa-111,qa,random_deletion,0.3,52,186,False,0.4708
qa-111,qa,llmlingua_qwen,0.3,165,186,False,0.8655
qa-111,qa,llmlingua2,0.3,381,186,False,0.595
qa-112,qa,random_deletion,0.7,168,140,False,0.7922
qa-112,qa,llmlingua_qwen,0.7,190,140,False,0.866
qa-112,qa,llmlingua2,0.7,227,140,False,0.7878
qa-112,qa,random_deletion,0.5,184,140,False,0.6893
qa-112,qa,llmlingua_qwen,0.5,158,140,False,0.8878
qa-112,qa,llmlingua2,0.5,187,140,False,0.7863
qa-112,qa,random_deletion,0.3,211,140,False,0.7671
qa-112,qa,llmlingua_qwen,0.3,238,140,False,0.817
qa-112,qa,llmlingua2,0.3,202,140,False,0.7357
qa-113,qa,random_deletion,0.7,164,208,False,0.7444
qa-113,qa,llmlingua_qwen,0.7,208,208,False,1.0
qa-113,qa,llmlingua2,0.7,303,208,False,0.8333
qa-113,qa,random_deletion,0.5,62,208,False,0.5066
qa-113,qa,llmlingua_qwen,0.5,208,208,False,1.0
qa-113,qa,llmlingua2,0.5,224,208,False,0.6645
qa-113,qa,random_deletion,0.3,147,208,False,0.6977
qa-113,qa,llmlingua_qwen,0.3,208,208,False,1.0
qa-113,qa,llmlingua2,0.3,89,208,False,0.6787
qa-114,qa,random_deletion,0.7,154,164,False,0.7047
qa-114,qa,llmlingua_qwen,0.7,164,164,False,1.0
qa-114,qa,llmlingua2,0.7,295,164,False,0.6291
qa-114,qa,random_deletion,0.5,198,164,False,0.6074
qa-114,qa,llmlingua_qwen,0.5,164,164,False,1.0
qa-114,qa,llmlingua2,0.5,64,164,False,0.691
qa-114,qa,random_deletion,0.3,61,164,False,0.5109
qa-114,qa,llmlingua_qwen,0.3,164,164,False,1.0
qa-114,qa,llmlingua2,0.3,192,164,False,0.6024
qa-115,qa,random_deletion,0.7,130,214,False,0.6708
qa-115,qa,llmlingua_qwen,0.7,310,214,False,0.8914
qa-115,qa,llmlingua2,0.7,213,214,False,0.805
qa-115,qa,random_deletion,0.5,192,214,False,0.8054
qa-115,qa,llmlingua_qwen,0.5,238,214,False,0.875
qa-115,qa,llmlingua2,0.5,327,214,False,0.7969
qa-115,qa,random_deletion,0.3,116,214,False,0.7269
qa-115,qa,llmlingua_qwen,0.3,249,214,False,0.8354
qa-115,qa,llmlingua2,0.3,46,214,False,0.4353
qa-116,qa,random_deletion,0.7,219,221,False,0.8615
qa-116,qa,llmlingua_qwen,0.7,221,221,False,1.0
qa-116,qa,llmlingua2,0.7,181,221,False,0.9384
qa-116,qa,random_deletion,0.5,112,221,False,0.7548
qa-116,qa,llmlingua_qwen,0.5,221,221,False,1.0
qa-116,qa,llmlingua2,0.5,210,221,False,0.8728
qa-116,qa,random_deletion,0.3,130,221,False,0.858
qa-116,qa,llmlingua_qwen,0.3,221,221,False,1.0
qa-116,qa,llmlingua2,0.3,84,221,False,0.6101
qa-117,qa,random_deletion,0.7,252,296,False,0.811
qa-117,qa,llmlingua_qwen,0.7,296,296,False,1.0
qa-117,qa,llmlingua2,0.7,295,296,False,0.924
qa-117,qa,random_deletion,0.5,204,296,False,0.724
qa-117,qa,llmlingua_qwen,0.5,296,296,False,1.0
qa-117,qa,llmlingua2,0.5,223,296,False,0.7084
qa-117,qa,random_deletion,0.3,180,296,False,0.6203
qa-117,qa,llmlingua_qwen,0.3,296,296,False,1.0
qa-117,qa,llmlingua2,0.3,131,296,False,0.5522
qa-118,qa,random_deletion,0.7,274,121,False,0.6873
qa-118,qa,llmlingua_qwen,0.7,121,121,False,1.0
qa-118,qa,llmlingua2,0.7,109,121,False,0.7074
qa-118,qa,random_deletion,0.5,229,121,False,0.641
qa-118,qa,llmlingua_qwen,0.5,121,121,False,1.0
qa-118,qa,llmlingua2,0.5,216,121,False,0.6819
qa-118,qa,random_deletion,0.3,233,121,False,0.6125
qa-118,qa,llmlingua_qwen,0.3,121,121,False,1.0
qa-118,qa,llmlingua2,0.3,174,121,False,0.6327
qa-119,qa,random_deletion,0.7,308,287,False,0.7768
qa-119,qa,llmlingua_qwen,0.7,287,287,False,1.0
qa-119,qa,llmlingua2,0.7,114,287,False,0.6691
qa-119,qa,random_deletion,0.5,240,287,False,0.6889
qa-119,qa,llmlingua_qwen,0.5,287,287,False,1.0
qa-119,qa,llmlingua2,0.5,259,287,False,0.6907
qa-119,qa,random_deletion,0.3,249,287,False,0.6517
qa-119,qa,llmlingua_qwen,0.3,287,287,False,1.0
qa-119,qa,llmlingua2,0.3,257,287,False,0.6765
qa-120,qa,random_deletion,0.7,47,71,False,0.4436
qa-120,qa,llmlingua_qwen,0.7,71,71,False,1.0
qa-120,qa,llmlingua2,0.7,35,71,False,0.4833
qa-120,qa,random_deletion,0.5,41,71,False,0.4722
qa-120,qa,llmlingua_qwen,0.5,71,71,False,1.0
qa-120,qa,llmlingua2,0.5,46,71,False,0.495
qa-120,qa,random_deletion,0.3,57,71,False,0.5408
qa-120,qa,llmlingua_qwen,0.3,71,71,False,1.0
qa-120,qa,llmlingua2,0.3,31,71,False,0.4388
qa-121,qa,random_deletion,0.7,112,103,False,0.8884
qa-121,qa,llmlingua_qwen,0.7,103,103,False,1.0
qa-121,qa,llmlingua2,0.7,162,103,False,0.8078
qa-121,qa,random_deletion,0.5,71,103,False,0.7502
qa-121,qa,llmlingua_qwen,0.5,103,103,False,1.0
qa-121,qa,llmlingua2,0.5,110,103,False,0.7336
qa-121,qa,random_deletion,0.3,151,103,False,0.553
qa-121,qa,llmlingua_qwen,0.3,103,103,False,1.0
qa-121,qa,llmlingua2,0.3,72,103,False,0.6944
qa-122,qa,random_deletion,0.7,137,90,False,0.6831
qa-122,qa,llmlingua_qwen,0.7,90,90,False,1.0
qa-122,qa,llmlingua2,0.7,187,90,False,0.6759
qa-122,qa,random_deletion,0.5,198,90,False,0.575
qa-122,qa,llmlingua_qwen,0.5,90,90,False,1.0
qa-122,qa,llmlingua2,0.5,215,90,False,0.5962
qa-122,qa,random_deletion,0.3,94,90,False,0.5171
qa-122,qa,llmlingua_qwen,0.3,90,90,False,1.0
qa-122,qa,llmlingua2,0.3,46,90,False,0.5115
qa-123,qa,random_deletion,0.7,195,139,False,0.7682
qa-123,qa,llmlingua_qwen,0.7,139,139,False,1.0
qa-123,qa,llmlingua2,0.7,184,139,False,0.7373
qa-123,qa,random_deletion,0.5,178,139,False,0.7825
qa-123,qa,llmlingua_qwen,0.5,139,139,False,1.0
qa-123,qa,llmlingua2,0.5,178,139,False,0.7283
qa-123,qa,random_deletion,0.3,190,139,False,0.672
qa-123,qa,llmlingua_qwen,0.3,139,139,False,1.0
qa-123,qa,llmlingua2,0.3,213,139,False,0.6494
qa-124,qa,random_deletion,0.7,87,63,False,0.8029
qa-124,qa,llmlingua_qwen,0.7,63,63,False,1.0
qa-124,qa,llmlingua2,0.7,85,63,False,0.6792
qa-124,qa,random_deletion,0.5,27,63,False,0.6421
qa-124,qa,llmlingua_qwen,0.5,63,63,False,1.0
qa-124,qa,llmlingua2,0.5,116,63,False,0.6378
qa-124,qa,random_deletion,0.3,44,63,False,0.5234
qa-124,qa,llmlingua_qwen,0.3,63,63,False,1.0
qa-124,qa,llmlingua2,0.3,145,63,False,0.5735
qa-125,qa,random_deletion,0.7,57,120,False,0.6643
qa-125,qa,llmlingua_qwen,0.7,120,120,False,1.0
qa-125,qa,llmlingua2,0.7,64,120,False,0.6028
qa-125,qa,random_deletion,0.5,69,120,False,0.6322
qa-125,qa,llmlingua_qwen,0.5,120,120,False,1.0
qa-125,qa,llmlingua2,0.5,32,120,False,0.4832
qa-125,qa,random_deletion,0.3,43,120,False,0.5673
qa-125,qa,llmlingua_qwen,0.3,120,120,False,1.0
qa-125,qa,llmlingua2,0.3,30,120,False,0.4747
creat-101,creative,random_deletion,0.7,231,365,False,0.6646
creat-101,creative,llmlingua_qwen,0.7,374,365,False,0.6058
creat-101,creative,llmlingua2,0.7,356,365,False,0.6573
creat-101,creative,random_deletion,0.5,298,365,False,0.6522
creat-101,creative,llmlingua_qwen,0.5,358,365,False,0.5981
creat-101,creative,llmlingua2,0.5,356,365,False,0.6391
creat-101,creative,random_deletion,0.3,377,365,False,0.5668
creat-101,creative,llmlingua_qwen,0.3,366,365,False,0.5852
creat-101,creative,llmlingua2,0.3,366,365,False,0.6255
creat-102,creative,random_deletion,0.7,133,291,False,0.7883
creat-102,creative,llmlingua_qwen,0.7,291,291,False,1.0
creat-102,creative,llmlingua2,0.7,309,291,False,0.7323
creat-102,creative,random_deletion,0.5,5,291,False,0.4167
creat-102,creative,llmlingua_qwen,0.5,291,291,False,1.0
creat-102,creative,llmlingua2,0.5,291,291,False,0.6505
creat-102,creative,random_deletion,0.3,343,291,False,0.6168
creat-102,creative,llmlingua_qwen,0.3,291,291,False,1.0
creat-102,creative,llmlingua2,0.3,273,291,False,0.6392
creat-103,creative,random_deletion,0.7,288,332,False,0.6791
creat-103,creative,llmlingua_qwen,0.7,332,332,False,1.0
creat-103,creative,llmlingua2,0.7,354,332,False,0.6765
creat-103,creative,random_deletion,0.5,405,332,False,0.5999
creat-103,creative,llmlingua_qwen,0.5,332,332,False,1.0
creat-103,creative,llmlingua2,0.5,321,332,False,0.6602
creat-103,creative,random_deletion,0.3,264,332,False,0.6152
creat-103,creative,llmlingua_qwen,0.3,332,332,False,1.0
creat-103,creative,llmlingua2,0.3,212,332,False,0.6172
creat-104,creative,random_deletion,0.7,410,387,False,0.751
creat-104,creative,llmlingua_qwen,0.7,354,387,False,0.7755
creat-104,creative,llmlingua2,0.7,376,387,False,0.7253
creat-104,creative,random_deletion,0.5,386,387,False,0.664
creat-104,creative,llmlingua_qwen,0.5,404,387,False,0.7456
creat-104,creative,llmlingua2,0.5,372,387,False,0.7413
creat-104,creative,random_deletion,0.3,403,387,False,0.7123
creat-104,creative,llmlingua_qwen,0.3,350,387,False,0.7207
creat-104,creative,llmlingua2,0.3,42,387,False,0.4864
creat-105,creative,random_deletion,0.7,240,254,False,0.7302
creat-105,creative,llmlingua_qwen,0.7,254,254,False,1.0
creat-105,creative,llmlingua2,0.7,266,254,False,0.7253
creat-105,creative,random_deletion,0.5,54,254,False,0.4976
creat-105,creative,llmlingua_qwen,0.5,254,254,False,1.0
creat-105,creative,llmlingua2,0.5,443,254,False,0.7028
creat-105,creative,random_deletion,0.3,240,254,False,0.6521
creat-105,creative,llmlingua_qwen,0.3,254,254,False,1.0
creat-105,creative,llmlingua2,0.3,436,254,False,0.6254
creat-106,creative,random_deletion,0.7,285,354,False,0.7823
creat-106,creative,llmlingua_qwen,0.7,354,354,False,1.0
creat-106,creative,llmlingua2,0.7,315,354,False,0.8185
creat-106,creative,random_deletion,0.5,179,354,False,0.6384
creat-106,creative,llmlingua_qwen,0.5,354,354,False,1.0
creat-106,creative,llmlingua2,0.5,260,354,False,0.7317
creat-106,creative,random_deletion,0.3,194,354,False,0.499
creat-106,creative,llmlingua_qwen,0.3,354,354,False,1.0
creat-106,creative,llmlingua2,0.3,141,354,False,0.625
creat-107,creative,random_deletion,0.7,17,68,False,0.4895
creat-107,creative,llmlingua_qwen,0.7,68,68,False,1.0
creat-107,creative,llmlingua2,0.7,87,68,False,0.5935
creat-107,creative,random_deletion,0.5,118,68,False,0.5162
creat-107,creative,llmlingua_qwen,0.5,68,68,False,1.0
creat-107,creative,llmlingua2,0.5,158,68,False,0.5918
creat-107,creative,random_deletion,0.3,57,68,False,0.4867
creat-107,creative,llmlingua_qwen,0.3,68,68,False,1.0
creat-107,creative,llmlingua2,0.3,182,68,False,0.5469
creat-108,creative,random_deletion,0.7,59,82,False,0.6936
creat-108,creative,llmlingua_qwen,0.7,82,82,False,1.0
creat-108,creative,llmlingua2,0.7,88,82,False,0.6709
creat-108,creative,random_deletion,0.5,112,82,False,0.6083
creat-108,creative,llmlingua_qwen,0.5,82,82,False,1.0
creat-108,creative,llmlingua2,0.5,145,82,False,0.6175
creat-108,creative,random_deletion,0.3,82,82,False,0.6278
creat-108,creative,llmlingua_qwen,0.3,82,82,False,1.0
creat-108,creative,llmlingua2,0.3,113,82,False,0.6148
creat-109,creative,random_deletion,0.7,86,106,False,0.6576
creat-109,creative,llmlingua_qwen,0.7,106,106,False,1.0
creat-109,creative,llmlingua2,0.7,165,106,False,0.739
creat-109,creative,random_deletion,0.5,139,106,False,0.6769
creat-109,creative,llmlingua_qwen,0.5,106,106,False,1.0
creat-109,creative,llmlingua2,0.5,129,106,False,0.6679
creat-109,creative,random_deletion,0.3,83,106,False,0.6159
creat-109,creative,llmlingua_qwen,0.3,106,106,False,1.0
creat-109,creative,llmlingua2,0.3,147,106,False,0.6435
creat-110,creative,random_deletion,0.7,202,196,False,0.6933
creat-110,creative,llmlingua_qwen,0.7,205,196,False,0.7351
creat-110,creative,llmlingua2,0.7,196,196,False,0.7238
creat-110,creative,random_deletion,0.5,172,196,False,0.7022
creat-110,creative,llmlingua_qwen,0.5,205,196,False,0.7351
creat-110,creative,llmlingua2,0.5,211,196,False,0.6624
creat-110,creative,random_deletion,0.3,214,196,False,0.6604
creat-110,creative,llmlingua_qwen,0.3,194,196,False,0.6826
creat-110,creative,llmlingua2,0.3,173,196,False,0.6032
creat-111,creative,random_deletion,0.7,350,278,False,0.668
creat-111,creative,llmlingua_qwen,0.7,278,278,False,1.0
creat-111,creative,llmlingua2,0.7,361,278,False,0.6827
creat-111,creative,random_deletion,0.5,242,278,False,0.6494
creat-111,creative,llmlingua_qwen,0.5,278,278,False,1.0
creat-111,creative,llmlingua2,0.5,323,278,False,0.5855
creat-111,creative,random_deletion,0.3,226,278,False,0.5412
creat-111,creative,llmlingua_qwen,0.3,278,278,False,1.0
creat-111,creative,llmlingua2,0.3,243,278,False,0.5985
creat-112,creative,random_deletion,0.7,172,183,False,0.7605
creat-112,creative,llmlingua_qwen,0.7,183,183,False,1.0
creat-112,creative,llmlingua2,0.7,185,183,False,0.7062
creat-112,creative,random_deletion,0.5,150,183,False,0.6609
creat-112,creative,llmlingua_qwen,0.5,183,183,False,1.0
creat-112,creative,llmlingua2,0.5,111,183,False,0.6119
creat-112,creative,random_deletion,0.3,83,183,False,0.5089
creat-112,creative,llmlingua_qwen,0.3,183,183,False,1.0
creat-112,creative,llmlingua2,0.3,166,183,False,0.6073
creat-113,creative,random_deletion,0.7,336,356,False,0.6865
creat-113,creative,llmlingua_qwen,0.7,367,356,False,0.8137
creat-113,creative,llmlingua2,0.7,369,356,False,0.6712
creat-113,creative,random_deletion,0.5,348,356,False,0.6197
creat-113,creative,llmlingua_qwen,0.5,361,356,False,0.7136
creat-113,creative,llmlingua2,0.5,358,356,False,0.7043
creat-113,creative,random_deletion,0.3,328,356,False,0.6418
creat-113,creative,llmlingua_qwen,0.3,361,356,False,0.7193
creat-113,creative,llmlingua2,0.3,394,356,False,0.5688
creat-114,creative,random_deletion,0.7,264,378,False,0.7372
creat-114,creative,llmlingua_qwen,0.7,378,378,False,1.0
creat-114,creative,llmlingua2,0.7,392,378,False,0.8069
creat-114,creative,random_deletion,0.5,379,378,False,0.7404
creat-114,creative,llmlingua_qwen,0.5,378,378,False,1.0
creat-114,creative,llmlingua2,0.5,368,378,False,0.7324
creat-114,creative,random_deletion,0.3,348,378,False,0.7158
creat-114,creative,llmlingua_qwen,0.3,378,378,False,1.0
creat-114,creative,llmlingua2,0.3,397,378,False,0.7441
creat-115,creative,random_deletion,0.7,219,323,False,0.7232
creat-115,creative,llmlingua_qwen,0.7,323,323,False,1.0
creat-115,creative,llmlingua2,0.7,355,323,False,0.7526
creat-115,creative,random_deletion,0.5,193,323,False,0.6527
creat-115,creative,llmlingua_qwen,0.5,323,323,False,1.0
creat-115,creative,llmlingua2,0.5,311,323,False,0.6597
creat-115,creative,random_deletion,0.3,356,323,False,0.6504
creat-115,creative,llmlingua_qwen,0.3,323,323,False,1.0
creat-115,creative,llmlingua2,0.3,317,323,False,0.6141
creat-116,creative,random_deletion,0.7,446,446,False,0.7647
creat-116,creative,llmlingua_qwen,0.7,446,446,False,1.0
creat-116,creative,llmlingua2,0.7,433,446,False,0.7594
creat-116,creative,random_deletion,0.5,422,446,False,0.7318
creat-116,creative,llmlingua_qwen,0.5,446,446,False,1.0
creat-116,creative,llmlingua2,0.5,402,446,False,0.6339
creat-116,creative,random_deletion,0.3,376,446,False,0.6713
creat-116,creative,llmlingua_qwen,0.3,446,446,False,1.0
creat-116,creative,llmlingua2,0.3,318,446,False,0.5748
creat-117,creative,random_deletion,0.7,175,145,False,0.692
creat-117,creative,llmlingua_qwen,0.7,145,145,False,1.0
creat-117,creative,llmlingua2,0.7,221,145,False,0.6265
creat-117,creative,random_deletion,0.5,163,145,False,0.6664
creat-117,creative,llmlingua_qwen,0.5,145,145,False,1.0
creat-117,creative,llmlingua2,0.5,273,145,False,0.6493
creat-117,creative,random_deletion,0.3,26,145,False,0.4852
creat-117,creative,llmlingua_qwen,0.3,145,145,False,1.0
creat-117,creative,llmlingua2,0.3,391,145,False,0.5035
creat-118,creative,random_deletion,0.7,231,210,False,0.7393
creat-118,creative,llmlingua_qwen,0.7,210,210,False,1.0
creat-118,creative,llmlingua2,0.7,232,210,False,0.748
creat-118,creative,random_deletion,0.5,195,210,False,0.7299
creat-118,creative,llmlingua_qwen,0.5,210,210,False,1.0
creat-118,creative,llmlingua2,0.5,246,210,False,0.7311
creat-118,creative,random_deletion,0.3,215,210,False,0.654
creat-118,creative,llmlingua_qwen,0.3,210,210,False,1.0
creat-118,creative,llmlingua2,0.3,166,210,False,0.6648
creat-119,creative,random_deletion,0.7,147,168,False,0.709
creat-119,creative,llmlingua_qwen,0.7,168,168,False,1.0
creat-119,creative,llmlingua2,0.7,141,168,False,0.6685
creat-119,creative,random_deletion,0.5,297,168,False,0.6283
creat-119,creative,llmlingua_qwen,0.5,168,168,False,1.0
creat-119,creative,llmlingua2,0.5,149,168,False,0.6907
creat-119,creative,random_deletion,0.3,355,168,False,0.5511
creat-119,creative,llmlingua_qwen,0.3,168,168,False,1.0
creat-119,creative,llmlingua2,0.3,110,168,False,0.6436
creat-120,creative,random_deletion,0.7,98,97,False,0.6583
creat-120,creative,llmlingua_qwen,0.7,97,97,False,1.0
creat-120,creative,llmlingua2,0.7,98,97,False,0.7689
creat-120,creative,random_deletion,0.5,108,97,False,0.5924
creat-120,creative,llmlingua_qwen,0.5,97,97,False,1.0
creat-120,creative,llmlingua2,0.5,105,97,False,0.6473
creat-120,creative,random_deletion,0.3,121,97,False,0.6075
creat-120,creative,llmlingua_qwen,0.3,97,97,False,1.0
creat-120,creative,llmlingua2,0.3,103,97,False,0.5144
creat-121,creative,random_deletion,0.7,64,105,False,0.5531
creat-121,creative,llmlingua_qwen,0.7,105,105,False,1.0
creat-121,creative,llmlingua2,0.7,139,105,False,0.5809
creat-121,creative,random_deletion,0.5,328,105,False,0.5746
creat-121,creative,llmlingua_qwen,0.5,105,105,False,1.0
creat-121,creative,llmlingua2,0.5,296,105,False,0.4931
creat-121,creative,random_deletion,0.3,173,105,False,0.5263
creat-121,creative,llmlingua_qwen,0.3,105,105,False,1.0
creat-121,creative,llmlingua2,0.3,555,105,True,0.4223
creat-122,creative,random_deletion,0.7,359,359,False,0.6612
creat-122,creative,llmlingua_qwen,0.7,349,359,False,0.7888
creat-122,creative,llmlingua2,0.7,358,359,False,0.6749
creat-122,creative,random_deletion,0.5,321,359,False,0.6608
creat-122,creative,llmlingua_qwen,0.5,362,359,False,0.7523
creat-122,creative,llmlingua2,0.5,348,359,False,0.6876
creat-122,creative,random_deletion,0.3,254,359,False,0.6135
creat-122,creative,llmlingua_qwen,0.3,362,359,False,0.7523
creat-122,creative,llmlingua2,0.3,358,359,False,0.6179
creat-123,creative,random_deletion,0.7,360,364,False,0.7276
creat-123,creative,llmlingua_qwen,0.7,364,364,False,1.0
creat-123,creative,llmlingua2,0.7,322,364,False,0.7188
creat-123,creative,random_deletion,0.5,361,364,False,0.7036
creat-123,creative,llmlingua_qwen,0.5,364,364,False,1.0
creat-123,creative,llmlingua2,0.5,339,364,False,0.6214
creat-123,creative,random_deletion,0.3,375,364,False,0.6022
creat-123,creative,llmlingua_qwen,0.3,364,364,False,1.0
creat-123,creative,llmlingua2,0.3,105,364,False,0.5255
creat-124,creative,random_deletion,0.7,364,357,False,0.7038
creat-124,creative,llmlingua_qwen,0.7,357,357,False,1.0
creat-124,creative,llmlingua2,0.7,362,357,False,0.7268
creat-124,creative,random_deletion,0.5,371,357,False,0.669
creat-124,creative,llmlingua_qwen,0.5,357,357,False,1.0
creat-124,creative,llmlingua2,0.5,325,357,False,0.7111
creat-124,creative,random_deletion,0.3,312,357,False,0.642
creat-124,creative,llmlingua_qwen,0.3,357,357,False,1.0
creat-124,creative,llmlingua2,0.3,358,357,False,0.7002
creat-125,creative,random_deletion,0.7,378,376,False,0.7467
creat-125,creative,llmlingua_qwen,0.7,376,376,False,1.0
creat-125,creative,llmlingua2,0.7,384,376,False,0.7659
creat-125,creative,random_deletion,0.5,387,376,False,0.6289
creat-125,creative,llmlingua_qwen,0.5,376,376,False,1.0
creat-125,creative,llmlingua2,0.5,222,376,False,0.6018
creat-125,creative,random_deletion,0.3,320,376,False,0.6219
creat-125,creative,llmlingua_qwen,0.3,376,376,False,1.0
creat-125,creative,llmlingua2,0.3,241,376,False,0.6185
