prompt_id,task_category,method,target_rate,achieved_keep,tcr,f1_arabert,out_f1_arabert,out_f1_mbert,is_pareto,character_length,token_count,fragmentation_ratio,structural_complexity,morphological_density
inst-001,instruction,noop,1.0,1.0,0.0,1.0,1.0,1.0,True,224,165,4.7143,1,2.0571
inst-001,instruction,random_deletion,0.7,0.6121,0.3879,0.833,0.4936,0.6306,False,224,165,4.7143,1,2.0571
inst-001,instruction,llmlingua_qwen,0.7,0.6788,0.3212,0.7208,0.562,0.6896,False,224,165,4.7143,1,2.0571
inst-001,instruction,llmlingua2,0.7,0.6727,0.3273,0.8427,0.8905,0.9205,True,224,165,4.7143,1,2.0571
inst-001,instruction,random_deletion,0.5,0.503,0.497,0.7518,0.6417,0.7222,False,224,165,4.7143,1,2.0571
inst-001,instruction,llmlingua_qwen,0.5,0.5152,0.4848,0.6468,0.5739,0.6838,False,224,165,4.7143,1,2.0571
inst-001,instruction,llmlingua2,0.5,0.4788,0.5212,0.7344,0.6621,0.7263,False,224,165,4.7143,1,2.0571
inst-001,instruction,random_deletion,0.3,0.297,0.703,0.6621,0.5435,0.6404,False,224,165,4.7143,1,2.0571
inst-001,instruction,llmlingua_qwen,0.3,0.303,0.697,0.5442,0.5223,0.6326,False,224,165,4.7143,1,2.0571
inst-001,instruction,llmlingua2,0.3,0.2788,0.7212,0.5834,0.6665,0.7296,True,224,165,4.7143,1,2.0571
inst-002,instruction,noop,1.0,1.0,0.0,1.0,1.0,1.0,True,233,175,4.4872,0,1.7436
inst-002,instruction,random_deletion,0.7,0.6857,0.3143,0.8449,0.8009,0.8063,False,233,175,4.4872,0,1.7436
inst-002,instruction,llmlingua_qwen,0.7,0.7029,0.2971,0.6978,0.5885,0.6997,False,233,175,4.4872,0,1.7436
inst-002,instruction,llmlingua2,0.7,0.6629,0.3371,0.7866,0.8047,0.7951,True,233,175,4.4872,0,1.7436
inst-002,instruction,random_deletion,0.5,0.4857,0.5143,0.7309,0.6076,0.6905,False,233,175,4.4872,0,1.7436
inst-002,instruction,llmlingua_qwen,0.5,0.4914,0.5086,0.5641,0.5763,0.6811,False,233,175,4.4872,0,1.7436
inst-002,instruction,llmlingua2,0.5,0.4571,0.5429,0.6727,0.7131,0.7766,True,233,175,4.4872,0,1.7436
inst-002,instruction,random_deletion,0.3,0.3257,0.6743,0.6637,0.5718,0.6923,False,233,175,4.4872,0,1.7436
inst-002,instruction,llmlingua_qwen,0.3,0.2457,0.7543,0.4756,0.5611,0.6762,True,233,175,4.4872,0,1.7436
inst-002,instruction,llmlingua2,0.3,0.2686,0.7314,0.5668,0.6287,0.7267,True,233,175,4.4872,0,1.7436
inst-003,instruction,noop,1.0,1.0,0.0,1.0,1.0,1.0,True,234,177,4.5385,0,1.7436
inst-003,instruction,random_deletion,0.7,0.7175,0.2825,0.7801,0.7052,0.717,False,234,177,4.5385,0,1.7436
inst-003,instruction,llmlingua_qwen,0.7,0.9887,0.0113,0.9818,0.8464,0.8861,True,234,177,4.5385,0,1.7436
inst-003,instruction,llmlingua2,0.7,0.6554,0.3446,0.7835,0.7728,0.8148,True,234,177,4.5385,0,1.7436
inst-003,instruction,random_deletion,0.5,0.5198,0.4802,0.783,0.55,0.6582,False,234,177,4.5385,0,1.7436
inst-003,instruction,llmlingua_qwen,0.5,0.9887,0.0113,0.9818,0.8464,0.8861,True,234,177,4.5385,0,1.7436
inst-003,instruction,llmlingua2,0.5,0.4633,0.5367,0.7255,0.5947,0.6829,False,234,177,4.5385,0,1.7436
inst-003,instruction,random_deletion,0.3,0.2825,0.7175,0.5966,0.5809,0.6653,False,234,177,4.5385,0,1.7436
inst-003,instruction,llmlingua_qwen,0.3,0.9887,0.0113,0.9818,0.8464,0.8861,True,234,177,4.5385,0,1.7436
inst-003,instruction,llmlingua2,0.3,0.2655,0.7345,0.6055,0.6259,0.7178,True,234,177,4.5385,0,1.7436
inst-004,instruction,noop,1.0,1.0,0.0,1.0,1.0,1.0,True,233,171,4.275,0,1.825
inst-004,instruction,random_deletion,0.7,0.7251,0.2749,0.7895,0.4953,0.6608,False,233,171,4.275,0,1.825
inst-004,instruction,llmlingua_qwen,0.7,1.0,0.0,1.0,1.0,1.0,True,233,171,4.275,0,1.825
inst-004,instruction,llmlingua2,0.7,0.6725,0.3275,0.7834,0.6217,0.714,False,233,171,4.275,0,1.825
inst-004,instruction,random_deletion,0.5,0.4854,0.5146,0.6497,0.5284,0.6627,False,233,171,4.275,0,1.825
inst-004,instruction,llmlingua_qwen,0.5,1.0,0.0,1.0,1.0,1.0,True,233,171,4.275,0,1.825
inst-004,instruction,llmlingua2,0.5,0.4678,0.5322,0.7142,0.5969,0.7226,False,233,171,4.275,0,1.825
inst-004,instruction,random_deletion,0.3,0.3801,0.6199,0.5969,0.5428,0.6907,False,233,171,4.275,0,1.825
inst-004,instruction,llmlingua_qwen,0.3,0.9825,0.0175,0.9702,0.6888,0.7825,True,233,171,4.275,0,1.825
inst-004,instruction,llmlingua2,0.3,0.2807,0.7193,0.6054,0.6586,0.7539,True,233,171,4.275,0,1.825
inst-005,instruction,noop,1.0,1.0,0.0,1.0,1.0,1.0,True,254,187,4.4524,0,1.8095
inst-005,instruction,random_deletion,0.7,0.6738,0.3262,0.8274,0.6774,0.7155,False,254,187,4.4524,0,1.8095
inst-005,instruction,llmlingua_qwen,0.7,0.984,0.016,0.9838,0.853,0.811,True,254,187,4.4524,0,1.8095
inst-005,instruction,llmlingua2,0.7,0.6578,0.3422,0.8158,0.7425,0.8158,True,254,187,4.4524,0,1.8095
inst-005,instruction,random_deletion,0.5,0.508,0.492,0.7519,0.6065,0.72,False,254,187,4.4524,0,1.8095
inst-005,instruction,llmlingua_qwen,0.5,0.984,0.016,0.9838,0.853,0.811,True,254,187,4.4524,0,1.8095
inst-005,instruction,llmlingua2,0.5,0.4652,0.5348,0.6991,0.597,0.6849,False,254,187,4.4524,0,1.8095
inst-005,instruction,random_deletion,0.3,0.3048,0.6952,0.6204,0.5891,0.7148,False,254,187,4.4524,0,1.8095
inst-005,instruction,llmlingua_qwen,0.3,0.984,0.016,0.9838,0.853,0.811,True,254,187,4.4524,0,1.8095
inst-005,instruction,llmlingua2,0.3,0.2834,0.7166,0.5739,0.6113,0.6995,True,254,187,4.4524,0,1.8095
inst-006,instruction,noop,1.0,1.0,0.0,1.0,1.0,1.0,True,232,177,4.6579,0,1.7632
inst-006,instruction,random_deletion,0.7,0.7062,0.2938,0.789,0.687,0.7825,True,232,177,4.6579,0,1.7632
inst-006,instruction,llmlingua_qwen,0.7,0.6949,0.3051,0.6782,0.6315,0.7301,False,232,177,4.6579,0,1.7632
inst-006,instruction,llmlingua2,0.7,0.6723,0.3277,0.7706,0.6663,0.746,True,232,177,4.6579,0,1.7632
inst-006,instruction,random_deletion,0.5,0.5537,0.4463,0.7415,0.6503,0.744,True,232,177,4.6579,0,1.7632
inst-006,instruction,llmlingua_qwen,0.5,0.5085,0.4915,0.6253,0.6243,0.7302,True,232,177,4.6579,0,1.7632
inst-006,instruction,llmlingua2,0.5,0.452,0.548,0.7321,0.6044,0.6963,False,232,177,4.6579,0,1.7632
inst-006,instruction,random_deletion,0.3,0.2881,0.7119,0.6876,0.6164,0.6976,True,232,177,4.6579,0,1.7632
inst-006,instruction,llmlingua_qwen,0.3,0.2655,0.7345,0.5093,0.507,0.65,True,232,177,4.6579,0,1.7632
inst-006,instruction,llmlingua2,0.3,0.2712,0.7288,0.613,0.6117,0.7057,True,232,177,4.6579,0,1.7632
inst-007,instruction,noop,1.0,1.0,0.0,1.0,1.0,1.0,True,212,156,4.4571,0,1.8286
inst-007,instruction,random_deletion,0.7,0.7051,0.2949,0.8308,0.7044,0.7721,False,212,156,4.4571,0,1.8286
inst-007,instruction,llmlingua_qwen,0.7,0.7051,0.2949,0.7489,0.6429,0.7218,False,212,156,4.4571,0,1.8286
inst-007,instruction,llmlingua2,0.7,0.6859,0.3141,0.8174,0.8646,0.8993,True,212,156,4.4571,0,1.8286
inst-007,instruction,random_deletion,0.5,0.4936,0.5064,0.7397,0.5983,0.6985,False,212,156,4.4571,0,1.8286
inst-007,instruction,llmlingua_qwen,0.5,0.5192,0.4808,0.6283,0.4471,0.6222,False,212,156,4.4571,0,1.8286
inst-007,instruction,llmlingua2,0.5,0.4744,0.5256,0.7129,0.7946,0.8347,True,212,156,4.4571,0,1.8286
inst-007,instruction,random_deletion,0.3,0.2821,0.7179,0.5873,0.4971,0.6461,False,212,156,4.4571,0,1.8286
inst-007,instruction,llmlingua_qwen,0.3,0.3141,0.6859,0.6382,0.4938,0.6445,False,212,156,4.4571,0,1.8286
inst-007,instruction,llmlingua2,0.3,0.2756,0.7244,0.5904,0.676,0.7708,True,212,156,4.4571,0,1.8286
inst-008,instruction,noop,1.0,1.0,0.0,1.0,1.0,1.0,True,226,171,4.75,0,1.8333
inst-008,instruction,random_deletion,0.7,0.7076,0.2924,0.824,0.6588,0.7126,False,226,171,4.75,0,1.8333
inst-008,instruction,llmlingua_qwen,0.7,1.0,0.0,1.0,1.0,1.0,True,226,171,4.75,0,1.8333
inst-008,instruction,llmlingua2,0.7,0.6667,0.3333,0.833,0.6832,0.7573,True,226,171,4.75,0,1.8333
inst-008,instruction,random_deletion,0.5,0.4854,0.5146,0.7389,0.596,0.6974,False,226,171,4.75,0,1.8333
inst-008,instruction,llmlingua_qwen,0.5,0.9825,0.0175,0.9781,0.7929,0.8293,True,226,171,4.75,0,1.8333
inst-008,instruction,llmlingua2,0.5,0.4561,0.5439,0.6808,0.6336,0.6989,True,226,171,4.75,0,1.8333
inst-008,instruction,random_deletion,0.3,0.2807,0.7193,0.6717,0.462,0.6472,False,226,171,4.75,0,1.8333
inst-008,instruction,llmlingua_qwen,0.3,0.9825,0.0175,0.9781,0.7929,0.8293,True,226,171,4.75,0,1.8333
inst-008,instruction,llmlingua2,0.3,0.2573,0.7427,0.5409,0.573,0.6885,True,226,171,4.75,0,1.8333
inst-009,instruction,noop,1.0,1.0,0.0,1.0,1.0,1.0,True,231,174,4.35,0,1.725
inst-009,instruction,random_deletion,0.7,0.7011,0.2989,0.8181,0.6031,0.7084,False,231,174,4.35,0,1.725
inst-009,instruction,llmlingua_qwen,0.7,1.0,0.0,1.0,1.0,1.0,True,231,174,4.35,0,1.725
inst-009,instruction,llmlingua2,0.7,0.6724,0.3276,0.7786,0.8401,0.8112,True,231,174,4.35,0,1.725
inst-009,instruction,random_deletion,0.5,0.4655,0.5345,0.6941,0.557,0.6432,False,231,174,4.35,0,1.725
inst-009,instruction,llmlingua_qwen,0.5,1.0,0.0,1.0,1.0,1.0,True,231,174,4.35,0,1.725
inst-009,instruction,llmlingua2,0.5,0.477,0.523,0.6705,0.6172,0.7009,False,231,174,4.35,0,1.725
inst-009,instruction,random_deletion,0.3,0.2989,0.7011,0.6306,0.4918,0.6498,False,231,174,4.35,0,1.725
inst-009,instruction,llmlingua_qwen,0.3,0.9828,0.0172,0.9813,0.8404,0.8648,True,231,174,4.35,0,1.725
inst-009,instruction,llmlingua2,0.3,0.2874,0.7126,0.5761,0.6443,0.7024,True,231,174,4.35,0,1.725
inst-010,instruction,noop,1.0,1.0,0.0,1.0,1.0,1.0,True,233,173,4.4359,0,1.7949
inst-010,instruction,random_deletion,0.7,0.6879,0.3121,0.7495,0.5804,0.7026,False,233,173,4.4359,0,1.7949
inst-010,instruction,llmlingua_qwen,0.7,1.0,0.0,1.0,1.0,1.0,True,233,173,4.4359,0,1.7949
inst-010,instruction,llmlingua2,0.7,0.6821,0.3179,0.8069,0.764,0.7984,True,233,173,4.4359,0,1.7949
inst-010,instruction,random_deletion,0.5,0.5491,0.4509,0.7813,0.6204,0.7058,False,233,173,4.4359,0,1.7949
inst-010,instruction,llmlingua_qwen,0.5,1.0,0.0,1.0,1.0,1.0,True,233,173,4.4359,0,1.7949
inst-010,instruction,llmlingua2,0.5,0.4624,0.5376,0.7159,0.7193,0.7676,True,233,173,4.4359,0,1.7949
inst-010,instruction,random_deletion,0.3,0.3006,0.6994,0.6341,0.4581,0.6288,False,233,173,4.4359,0,1.7949
inst-010,instruction,llmlingua_qwen,0.3,0.9884,0.0116,0.9841,0.7868,0.7823,True,233,173,4.4359,0,1.7949
inst-010,instruction,llmlingua2,0.3,0.2659,0.7341,0.6332,0.6752,0.7514,True,233,173,4.4359,0,1.7949
inst-011,instruction,noop,1.0,1.0,0.0,1.0,1.0,1.0,True,248,187,4.4524,0,1.6905
inst-011,instruction,random_deletion,0.7,0.6578,0.3422,0.8182,0.7457,0.7529,True,248,187,4.4524,0,1.6905
inst-011,instruction,llmlingua_qwen,0.7,0.9893,0.0107,0.9803,0.7973,0.8226,False,248,187,4.4524,0,1.6905
inst-011,instruction,llmlingua2,0.7,0.6684,0.3316,0.799,0.7647,0.806,True,248,187,4.4524,0,1.6905
inst-011,instruction,random_deletion,0.5,0.4973,0.5027,0.7329,0.6878,0.7483,False,248,187,4.4524,0,1.6905
inst-011,instruction,llmlingua_qwen,0.5,0.984,0.016,0.9783,0.7986,0.8129,True,248,187,4.4524,0,1.6905
inst-011,instruction,llmlingua2,0.5,0.4652,0.5348,0.644,0.6921,0.7607,True,248,187,4.4524,0,1.6905
inst-011,instruction,random_deletion,0.3,0.262,0.738,0.626,0.5298,0.6557,True,248,187,4.4524,0,1.6905
inst-011,instruction,llmlingua_qwen,0.3,0.984,0.016,0.9783,0.7986,0.8129,True,248,187,4.4524,0,1.6905
inst-011,instruction,llmlingua2,0.3,0.2941,0.7059,0.5764,0.6736,0.7412,True,248,187,4.4524,0,1.6905
inst-012,instruction,noop,1.0,1.0,0.0,1.0,1.0,1.0,True,227,172,4.5263,0,1.7368
inst-012,instruction,random_deletion,0.7,0.7151,0.2849,0.8289,0.8168,0.8224,True,227,172,4.5263,0,1.7368
inst-012,instruction,llmlingua_qwen,0.7,1.0,0.0,1.0,1.0,1.0,True,227,172,4.5263,0,1.7368
inst-012,instruction,llmlingua2,0.7,0.6744,0.3256,0.7819,0.6936,0.7498,False,227,172,4.5263,0,1.7368
inst-012,instruction,random_deletion,0.5,0.4593,0.5407,0.7427,0.7101,0.743,True,227,172,4.5263,0,1.7368
inst-012,instruction,llmlingua_qwen,0.5,1.0,0.0,1.0,1.0,1.0,True,227,172,4.5263,0,1.7368
inst-012,instruction,llmlingua2,0.5,0.4535,0.5465,0.7269,0.6083,0.7009,False,227,172,4.5263,0,1.7368
inst-012,instruction,random_deletion,0.3,0.2674,0.7326,0.5937,0.6703,0.7096,True,227,172,4.5263,0,1.7368
inst-012,instruction,llmlingua_qwen,0.3,0.9942,0.0058,0.9827,0.7627,0.7918,False,227,172,4.5263,0,1.7368
inst-012,instruction,llmlingua2,0.3,0.2558,0.7442,0.5955,0.6288,0.7295,True,227,172,4.5263,0,1.7368
inst-013,instruction,noop,1.0,1.0,0.0,1.0,1.0,1.0,True,219,164,4.4324,0,1.7568
inst-013,instruction,random_deletion,0.7,0.6829,0.3171,0.8136,0.7572,0.7977,False,219,164,4.4324,0,1.7568
inst-013,instruction,llmlingua_qwen,0.7,0.6463,0.3537,0.6999,0.4985,0.6452,False,219,164,4.4324,0,1.7568
inst-013,instruction,llmlingua2,0.7,0.6524,0.3476,0.8104,0.7663,0.8095,True,219,164,4.4324,0,1.7568
inst-013,instruction,random_deletion,0.5,0.5183,0.4817,0.7593,0.645,0.735,False,219,164,4.4324,0,1.7568
inst-013,instruction,llmlingua_qwen,0.5,0.4878,0.5122,0.581,0.4911,0.6493,False,219,164,4.4324,0,1.7568
inst-013,instruction,llmlingua2,0.5,0.4695,0.5305,0.6749,0.723,0.7844,False,219,164,4.4324,0,1.7568
inst-013,instruction,random_deletion,0.3,0.2866,0.7134,0.5829,0.5611,0.6796,False,219,164,4.4324,0,1.7568
inst-013,instruction,llmlingua_qwen,0.3,0.2988,0.7012,0.5844,0.4993,0.6618,False,219,164,4.4324,0,1.7568
inst-013,instruction,llmlingua2,0.3,0.2622,0.7378,0.5497,0.7317,0.7902,True,219,164,4.4324,0,1.7568
inst-014,instruction,noop,1.0,1.0,0.0,1.0,1.0,1.0,True,256,195,4.6429,1,1.7857
inst-014,instruction,random_deletion,0.7,0.6872,0.3128,0.8443,0.7159,0.7666,True,256,195,4.6429,1,1.7857
inst-014,instruction,llmlingua_qwen,0.7,1.0,0.0,1.0,1.0,1.0,True,256,195,4.6429,1,1.7857
inst-014,instruction,llmlingua2,0.7,0.6769,0.3231,0.8417,0.6885,0.7658,False,256,195,4.6429,1,1.7857
inst-014,instruction,random_deletion,0.5,0.4923,0.5077,0.765,0.6348,0.702,False,256,195,4.6429,1,1.7857
inst-014,instruction,llmlingua_qwen,0.5,1.0,0.0,1.0,1.0,1.0,True,256,195,4.6429,1,1.7857
inst-014,instruction,llmlingua2,0.5,0.4667,0.5333,0.6655,0.6709,0.7495,False,256,195,4.6429,1,1.7857
inst-014,instruction,random_deletion,0.3,0.3436,0.6564,0.6752,0.5714,0.6745,False,256,195,4.6429,1,1.7857
inst-014,instruction,llmlingua_qwen,0.3,1.0,0.0,1.0,1.0,1.0,True,256,195,4.6429,1,1.7857
inst-014,instruction,llmlingua2,0.3,0.2718,0.7282,0.5773,0.6969,0.7622,True,256,195,4.6429,1,1.7857
inst-015,instruction,noop,1.0,1.0,0.0,1.0,1.0,1.0,True,232,182,4.7895,0,1.8421
inst-015,instruction,random_deletion,0.7,0.7308,0.2692,0.824,0.7868,0.8299,True,232,182,4.7895,0,1.8421
inst-015,instruction,llmlingua_qwen,0.7,1.0,0.0,1.0,1.0,1.0,True,232,182,4.7895,0,1.8421
inst-015,instruction,llmlingua2,0.7,0.6703,0.3297,0.8141,0.7732,0.806,True,232,182,4.7895,0,1.8421
inst-015,instruction,random_deletion,0.5,0.4451,0.5549,0.769,0.6038,0.7119,True,232,182,4.7895,0,1.8421
inst-015,instruction,llmlingua_qwen,0.5,0.9945,0.0055,0.9806,0.6992,0.7523,False,232,182,4.7895,0,1.8421
inst-015,instruction,llmlingua2,0.5,0.4725,0.5275,0.7719,0.7488,0.7971,True,232,182,4.7895,0,1.8421
inst-015,instruction,random_deletion,0.3,0.2582,0.7418,0.6462,0.5823,0.6984,True,232,182,4.7895,0,1.8421
inst-015,instruction,llmlingua_qwen,0.3,0.9945,0.0055,0.9806,0.6992,0.7523,False,232,182,4.7895,0,1.8421
inst-015,instruction,llmlingua2,0.3,0.2692,0.7308,0.6006,0.5945,0.6966,True,232,182,4.7895,0,1.8421
inst-016,instruction,noop,1.0,1.0,0.0,1.0,1.0,1.0,True,228,176,4.7568,0,1.8649
inst-016,instruction,random_deletion,0.7,0.75,0.25,0.8556,0.6932,0.7412,False,228,176,4.7568,0,1.8649
inst-016,instruction,llmlingua_qwen,0.7,1.0,0.0,1.0,1.0,1.0,True,228,176,4.7568,0,1.8649
inst-016,instruction,llmlingua2,0.7,0.6705,0.3295,0.7922,0.7685,0.8318,True,228,176,4.7568,0,1.8649
inst-016,instruction,random_deletion,0.5,0.5057,0.4943,0.6703,0.6554,0.75,False,228,176,4.7568,0,1.8649
inst-016,instruction,llmlingua_qwen,0.5,0.983,0.017,0.976,0.8165,0.8099,True,228,176,4.7568,0,1.8649
inst-016,instruction,llmlingua2,0.5,0.4659,0.5341,0.7011,0.6563,0.7636,True,228,176,4.7568,0,1.8649
inst-016,instruction,random_deletion,0.3,0.3068,0.6932,0.6311,0.5411,0.6926,False,228,176,4.7568,0,1.8649
inst-016,instruction,llmlingua_qwen,0.3,0.983,0.017,0.976,0.8165,0.8099,True,228,176,4.7568,0,1.8649
inst-016,instruction,llmlingua2,0.3,0.2841,0.7159,0.5428,0.5976,0.6842,True,228,176,4.7568,0,1.8649
inst-017,instruction,noop,1.0,1.0,0.0,1.0,1.0,1.0,True,219,167,4.3947,0,1.7368
inst-017,instruction,random_deletion,0.7,0.7006,0.2994,0.7861,0.7658,0.7972,False,219,167,4.3947,0,1.7368
inst-017,instruction,llmlingua_qwen,0.7,0.7126,0.2874,0.7062,0.739,0.7754,False,219,167,4.3947,0,1.7368
inst-017,instruction,llmlingua2,0.7,0.6407,0.3593,0.8031,0.8174,0.805,True,219,167,4.3947,0,1.7368
inst-017,instruction,random_deletion,0.5,0.515,0.485,0.7383,0.7781,0.8059,False,219,167,4.3947,0,1.7368
inst-017,instruction,llmlingua_qwen,0.5,0.5329,0.4671,0.5527,0.6697,0.7185,False,219,167,4.3947,0,1.7368
inst-017,instruction,llmlingua2,0.5,0.4551,0.5449,0.6688,0.8138,0.8261,True,219,167,4.3947,0,1.7368
inst-017,instruction,random_deletion,0.3,0.2874,0.7126,0.6377,0.7078,0.7614,False,219,167,4.3947,0,1.7368
inst-017,instruction,llmlingua_qwen,0.3,0.2934,0.7066,0.5065,0.4304,0.6225,False,219,167,4.3947,0,1.7368
inst-017,instruction,llmlingua2,0.3,0.2814,0.7186,0.6058,0.7386,0.7791,True,219,167,4.3947,0,1.7368
inst-018,instruction,noop,1.0,1.0,0.0,1.0,1.0,1.0,True,233,183,4.8158,0,1.9211
inst-018,instruction,random_deletion,0.7,0.6995,0.3005,0.8628,0.7213,0.7694,False,233,183,4.8158,0,1.9211
inst-018,instruction,llmlingua_qwen,0.7,0.9891,0.0109,0.9803,0.7784,0.7985,False,233,183,4.8158,0,1.9211
inst-018,instruction,llmlingua2,0.7,0.6721,0.3279,0.7952,0.7886,0.8211,True,233,183,4.8158,0,1.9211
inst-018,instruction,random_deletion,0.5,0.4699,0.5301,0.7178,0.686,0.7407,False,233,183,4.8158,0,1.9211
inst-018,instruction,llmlingua_qwen,0.5,0.9891,0.0109,0.9803,0.7784,0.7985,False,233,183,4.8158,0,1.9211
inst-018,instruction,llmlingua2,0.5,0.4809,0.5191,0.733,0.7483,0.7942,True,233,183,4.8158,0,1.9211
inst-018,instruction,random_deletion,0.3,0.306,0.694,0.623,0.6957,0.7653,False,233,183,4.8158,0,1.9211
inst-018,instruction,llmlingua_qwen,0.3,0.9891,0.0109,0.9803,0.7784,0.7985,False,233,183,4.8158,0,1.9211
inst-018,instruction,llmlingua2,0.3,0.2678,0.7322,0.5913,0.7132,0.7667,True,233,183,4.8158,0,1.9211
inst-019,instruction,noop,1.0,1.0,0.0,1.0,1.0,1.0,True,221,167,4.2821,0,1.6923
inst-019,instruction,random_deletion,0.7,0.7126,0.2874,0.8316,0.7948,0.8317,False,221,167,4.2821,0,1.6923
inst-019,instruction,llmlingua_qwen,0.7,0.6826,0.3174,0.7091,0.6845,0.7735,False,221,167,4.2821,0,1.6923
inst-019,instruction,llmlingua2,0.7,0.6826,0.3174,0.7917,0.7967,0.8228,True,221,167,4.2821,0,1.6923
inst-019,instruction,random_deletion,0.5,0.5449,0.4551,0.7673,0.7475,0.7926,True,221,167,4.2821,0,1.6923
inst-019,instruction,llmlingua_qwen,0.5,0.509,0.491,0.6758,0.5613,0.6607,False,221,167,4.2821,0,1.6923
inst-019,instruction,llmlingua2,0.5,0.4671,0.5329,0.6798,0.7473,0.7916,True,221,167,4.2821,0,1.6923
inst-019,instruction,random_deletion,0.3,0.3054,0.6946,0.6642,0.4812,0.643,False,221,167,4.2821,0,1.6923
inst-019,instruction,llmlingua_qwen,0.3,0.2934,0.7066,0.6017,0.5253,0.66,False,221,167,4.2821,0,1.6923
inst-019,instruction,llmlingua2,0.3,0.2695,0.7305,0.6039,0.7092,0.7689,True,221,167,4.2821,0,1.6923
inst-020,instruction,noop,1.0,1.0,0.0,1.0,1.0,1.0,True,231,176,4.6316,0,1.8947
inst-020,instruction,random_deletion,0.7,0.6761,0.3239,0.8603,0.7185,0.7908,False,231,176,4.6316,0,1.8947
inst-020,instruction,llmlingua_qwen,0.7,0.9886,0.0114,0.9748,0.8925,0.9175,True,231,176,4.6316,0,1.8947
inst-020,instruction,llmlingua2,0.7,0.6875,0.3125,0.8027,0.7587,0.821,True,231,176,4.6316,0,1.8947
inst-020,instruction,random_deletion,0.5,0.4773,0.5227,0.7085,0.6853,0.7733,False,231,176,4.6316,0,1.8947
inst-020,instruction,llmlingua_qwen,0.5,0.983,0.017,0.9816,0.767,0.8222,True,231,176,4.6316,0,1.8947
inst-020,instruction,llmlingua2,0.5,0.4773,0.5227,0.7589,0.7187,0.7917,False,231,176,4.6316,0,1.8947
inst-020,instruction,random_deletion,0.3,0.267,0.733,0.6381,0.6408,0.7391,True,231,176,4.6316,0,1.8947
inst-020,instruction,llmlingua_qwen,0.3,0.983,0.017,0.9816,0.767,0.8222,True,231,176,4.6316,0,1.8947
inst-020,instruction,llmlingua2,0.3,0.2898,0.7102,0.6256,0.7446,0.8146,True,231,176,4.6316,0,1.8947
inst-021,instruction,noop,1.0,1.0,0.0,1.0,1.0,1.0,True,237,181,4.641,0,1.7179
inst-021,instruction,random_deletion,0.7,0.663,0.337,0.7956,0.7559,0.7665,False,237,181,4.641,0,1.7179
inst-021,instruction,llmlingua_qwen,0.7,0.9779,0.0221,0.9773,0.8782,0.8884,True,237,181,4.641,0,1.7179
inst-021,instruction,llmlingua2,0.7,0.674,0.326,0.7831,0.7627,0.816,True,237,181,4.641,0,1.7179
inst-021,instruction,random_deletion,0.5,0.5304,0.4696,0.7533,0.6992,0.7669,False,237,181,4.641,0,1.7179
inst-021,instruction,llmlingua_qwen,0.5,0.9724,0.0276,0.981,0.8022,0.8346,True,237,181,4.641,0,1.7179
inst-021,instruction,llmlingua2,0.5,0.4641,0.5359,0.6936,0.7607,0.8196,True,237,181,4.641,0,1.7179
inst-021,instruction,random_deletion,0.3,0.3204,0.6796,0.6537,0.5865,0.7022,False,237,181,4.641,0,1.7179
inst-021,instruction,llmlingua_qwen,0.3,0.9724,0.0276,0.981,0.8022,0.8346,True,237,181,4.641,0,1.7179
inst-021,instruction,llmlingua2,0.3,0.2762,0.7238,0.6067,0.7147,0.7907,True,237,181,4.641,0,1.7179
inst-022,instruction,noop,1.0,1.0,0.0,1.0,1.0,1.0,True,214,160,4.4444,0,1.8056
inst-022,instruction,random_deletion,0.7,0.6375,0.3625,0.8138,0.866,0.9035,True,214,160,4.4444,0,1.8056
inst-022,instruction,llmlingua_qwen,0.7,0.6812,0.3188,0.6684,0.6729,0.767,False,214,160,4.4444,0,1.8056
inst-022,instruction,llmlingua2,0.7,0.6688,0.3312,0.7994,0.7823,0.8468,False,214,160,4.4444,0,1.8056
inst-022,instruction,random_deletion,0.5,0.4938,0.5062,0.6484,0.6532,0.7667,False,214,160,4.4444,0,1.8056
inst-022,instruction,llmlingua_qwen,0.5,0.5,0.5,0.575,0.4328,0.6289,False,214,160,4.4444,0,1.8056
inst-022,instruction,llmlingua2,0.5,0.475,0.525,0.708,0.7529,0.8264,True,214,160,4.4444,0,1.8056
inst-022,instruction,random_deletion,0.3,0.3,0.7,0.6432,0.6387,0.7571,False,214,160,4.4444,0,1.8056
inst-022,instruction,llmlingua_qwen,0.3,0.2938,0.7062,0.532,0.4324,0.6198,False,214,160,4.4444,0,1.8056
inst-022,instruction,llmlingua2,0.3,0.275,0.725,0.6072,0.7227,0.8078,True,214,160,4.4444,0,1.8056
inst-023,instruction,noop,1.0,1.0,0.0,1.0,1.0,1.0,True,205,157,4.6176,0,1.8529
inst-023,instruction,random_deletion,0.7,0.6943,0.3057,0.8691,0.7779,0.814,True,205,157,4.6176,0,1.8529
inst-023,instruction,llmlingua_qwen,0.7,0.7389,0.2611,0.7283,0.5476,0.6582,False,205,157,4.6176,0,1.8529
inst-023,instruction,llmlingua2,0.7,0.6497,0.3503,0.8283,0.6668,0.7477,False,205,157,4.6176,0,1.8529
inst-023,instruction,random_deletion,0.5,0.4713,0.5287,0.7127,0.7306,0.7816,True,205,157,4.6176,0,1.8529
inst-023,instruction,llmlingua_qwen,0.5,0.5414,0.4586,0.5841,0.5501,0.6635,False,205,157,4.6176,0,1.8529
inst-023,instruction,llmlingua2,0.5,0.4586,0.5414,0.7089,0.562,0.6554,False,205,157,4.6176,0,1.8529
inst-023,instruction,random_deletion,0.3,0.3121,0.6879,0.678,0.5849,0.6927,False,205,157,4.6176,0,1.8529
inst-023,instruction,llmlingua_qwen,0.3,0.4013,0.5987,0.6076,0.4116,0.5954,False,205,157,4.6176,0,1.8529
inst-023,instruction,llmlingua2,0.3,0.2611,0.7389,0.6116,0.6983,0.7482,True,205,157,4.6176,0,1.8529
inst-024,instruction,noop,1.0,1.0,0.0,1.0,1.0,1.0,True,228,175,4.4872,0,1.7436
inst-024,instruction,random_deletion,0.7,0.7257,0.2743,0.8125,0.6747,0.7555,False,228,175,4.4872,0,1.7436
inst-024,instruction,llmlingua_qwen,0.7,1.0,0.0,1.0,1.0,1.0,True,228,175,4.4872,0,1.7436
inst-024,instruction,llmlingua2,0.7,0.6686,0.3314,0.7879,0.7157,0.794,True,228,175,4.4872,0,1.7436
inst-024,instruction,random_deletion,0.5,0.4857,0.5143,0.7402,0.6917,0.7868,True,228,175,4.4872,0,1.7436
inst-024,instruction,llmlingua_qwen,0.5,1.0,0.0,1.0,1.0,1.0,True,228,175,4.4872,0,1.7436
inst-024,instruction,llmlingua2,0.5,0.4457,0.5543,0.7179,0.6701,0.7678,True,228,175,4.4872,0,1.7436
inst-024,instruction,random_deletion,0.3,0.3086,0.6914,0.6301,0.569,0.7144,False,228,175,4.4872,0,1.7436
inst-024,instruction,llmlingua_qwen,0.3,1.0,0.0,1.0,1.0,1.0,True,228,175,4.4872,0,1.7436
inst-024,instruction,llmlingua2,0.3,0.2629,0.7371,0.6431,0.6385,0.729,True,228,175,4.4872,0,1.7436
inst-025,instruction,noop,1.0,1.0,0.0,1.0,1.0,1.0,True,206,153,4.3714,0,1.6571
inst-025,instruction,random_deletion,0.7,0.6797,0.3203,0.8522,0.6037,0.6761,False,206,153,4.3714,0,1.6571
inst-025,instruction,llmlingua_qwen,0.7,0.719,0.281,0.7228,0.689,0.7251,False,206,153,4.3714,0,1.6571
inst-025,instruction,llmlingua2,0.7,0.6732,0.3268,0.8227,0.7225,0.7652,True,206,153,4.3714,0,1.6571
inst-025,instruction,random_deletion,0.5,0.5033,0.4967,0.7162,0.6217,0.7217,False,206,153,4.3714,0,1.6571
inst-025,instruction,llmlingua_qwen,0.5,0.5752,0.4248,0.6834,0.6573,0.7111,True,206,153,4.3714,0,1.6571
inst-025,instruction,llmlingua2,0.5,0.4771,0.5229,0.7234,0.6426,0.6952,True,206,153,4.3714,0,1.6571
inst-025,instruction,random_deletion,0.3,0.3072,0.6928,0.6051,0.5007,0.6391,False,206,153,4.3714,0,1.6571
inst-025,instruction,llmlingua_qwen,0.3,0.3725,0.6275,0.6231,0.5025,0.6002,False,206,153,4.3714,0,1.6571
inst-025,instruction,llmlingua2,0.3,0.2745,0.7255,0.5857,0.5882,0.6538,True,206,153,4.3714,0,1.6571
inst-026,instruction,noop,1.0,1.0,0.0,1.0,1.0,1.0,True,220,171,4.5,0,1.7368
inst-026,instruction,random_deletion,0.7,0.6959,0.3041,0.8524,0.7939,0.8421,True,220,171,4.5,0,1.7368
inst-026,instruction,llmlingua_qwen,0.7,0.6725,0.3275,0.6733,0.5895,0.7134,False,220,171,4.5,0,1.7368
inst-026,instruction,llmlingua2,0.7,0.6433,0.3567,0.8113,0.7187,0.78,True,220,171,4.5,0,1.7368
inst-026,instruction,random_deletion,0.5,0.4854,0.5146,0.7242,0.7131,0.7766,False,220,171,4.5,0,1.7368
inst-026,instruction,llmlingua_qwen,0.5,0.4854,0.5146,0.6138,0.5956,0.7148,False,220,171,4.5,0,1.7368
inst-026,instruction,llmlingua2,0.5,0.4444,0.5556,0.7192,0.7163,0.7742,True,220,171,4.5,0,1.7368
inst-026,instruction,random_deletion,0.3,0.2573,0.7427,0.6455,0.5838,0.654,False,220,171,4.5,0,1.7368
inst-026,instruction,llmlingua_qwen,0.3,0.2281,0.7719,0.5007,0.4551,0.6249,True,220,171,4.5,0,1.7368
inst-026,instruction,llmlingua2,0.3,0.2573,0.7427,0.6214,0.6061,0.6748,True,220,171,4.5,0,1.7368
inst-027,instruction,noop,1.0,1.0,0.0,1.0,1.0,1.0,True,229,173,4.2195,0,1.6829
inst-027,instruction,random_deletion,0.7,0.7225,0.2775,0.8225,0.7673,0.7606,True,229,173,4.2195,0,1.6829
inst-027,instruction,llmlingua_qwen,0.7,1.0,0.0,1.0,1.0,1.0,True,229,173,4.2195,0,1.6829
inst-027,instruction,llmlingua2,0.7,0.6821,0.3179,0.8317,0.6694,0.7072,True,229,173,4.2195,0,1.6829
inst-027,instruction,random_deletion,0.5,0.5029,0.4971,0.7039,0.62,0.686,False,229,173,4.2195,0,1.6829
inst-027,instruction,llmlingua_qwen,0.5,1.0,0.0,1.0,1.0,1.0,True,229,173,4.2195,0,1.6829
inst-027,instruction,llmlingua2,0.5,0.4566,0.5434,0.7388,0.6407,0.7125,False,229,173,4.2195,0,1.6829
inst-027,instruction,random_deletion,0.3,0.2832,0.7168,0.6137,0.6614,0.711,True,229,173,4.2195,0,1.6829
inst-027,instruction,llmlingua_qwen,0.3,0.9942,0.0058,0.9869,0.8781,0.89,True,229,173,4.2195,0,1.6829
inst-027,instruction,llmlingua2,0.3,0.2775,0.7225,0.6468,0.5695,0.675,True,229,173,4.2195,0,1.6829
inst-028,instruction,noop,1.0,1.0,0.0,1.0,1.0,1.0,True,202,148,4.2286,0,1.6857
inst-028,instruction,random_deletion,0.7,0.6959,0.3041,0.8024,0.6255,0.7008,False,202,148,4.2286,0,1.6857
inst-028,instruction,llmlingua_qwen,0.7,0.7703,0.2297,0.7183,0.5073,0.6504,False,202,148,4.2286,0,1.6857
inst-028,instruction,llmlingua2,0.7,0.6689,0.3311,0.8057,0.7681,0.7969,False,202,148,4.2286,0,1.6857
inst-028,instruction,random_deletion,0.5,0.4527,0.5473,0.7374,0.6333,0.7167,False,202,148,4.2286,0,1.6857
inst-028,instruction,llmlingua_qwen,0.5,0.6216,0.3784,0.6636,0.5139,0.6306,False,202,148,4.2286,0,1.6857
inst-028,instruction,llmlingua2,0.5,0.4459,0.5541,0.6678,0.7354,0.7775,False,202,148,4.2286,0,1.6857
inst-028,instruction,random_deletion,0.3,0.2838,0.7162,0.5663,0.5322,0.6566,False,202,148,4.2286,0,1.6857
inst-028,instruction,llmlingua_qwen,0.3,0.4595,0.5405,0.6415,0.552,0.6605,False,202,148,4.2286,0,1.6857
inst-028,instruction,llmlingua2,0.3,0.277,0.723,0.5694,0.787,0.8221,True,202,148,4.2286,0,1.6857
inst-029,instruction,noop,1.0,1.0,0.0,1.0,1.0,1.0,True,218,161,4.4722,0,1.8056
inst-029,instruction,random_deletion,0.7,0.6708,0.3292,0.8292,0.6786,0.7215,False,218,161,4.4722,0,1.8056
inst-029,instruction,llmlingua_qwen,0.7,0.7019,0.2981,0.7059,0.6145,0.6812,False,218,161,4.4722,0,1.8056
inst-029,instruction,llmlingua2,0.7,0.6335,0.3665,0.8347,0.7134,0.7312,True,218,161,4.4722,0,1.8056
inst-029,instruction,random_deletion,0.5,0.4845,0.5155,0.7473,0.5814,0.6944,False,218,161,4.4722,0,1.8056
inst-029,instruction,llmlingua_qwen,0.5,0.4845,0.5155,0.5787,0.4148,0.5974,False,218,161,4.4722,0,1.8056
inst-029,instruction,llmlingua2,0.5,0.4472,0.5528,0.7079,0.6518,0.7282,True,218,161,4.4722,0,1.8056
inst-029,instruction,random_deletion,0.3,0.2547,0.7453,0.6021,0.5814,0.6526,True,218,161,4.4722,0,1.8056
inst-029,instruction,llmlingua_qwen,0.3,0.2981,0.7019,0.5303,0.4251,0.6132,False,218,161,4.4722,0,1.8056
inst-029,instruction,llmlingua2,0.3,0.2795,0.7205,0.6031,0.5251,0.6606,False,218,161,4.4722,0,1.8056
inst-030,instruction,noop,1.0,1.0,0.0,1.0,1.0,1.0,True,211,163,4.6571,0,1.8
inst-030,instruction,random_deletion,0.7,0.681,0.319,0.8698,0.696,0.7813,True,211,163,4.6571,0,1.8
inst-030,instruction,llmlingua_qwen,0.7,0.6933,0.3067,0.7124,0.63,0.7282,False,211,163,4.6571,0,1.8
inst-030,instruction,llmlingua2,0.7,0.6748,0.3252,0.809,0.6423,0.7165,False,211,163,4.6571,0,1.8
inst-030,instruction,random_deletion,0.5,0.5337,0.4663,0.7581,0.674,0.769,True,211,163,4.6571,0,1.8
inst-030,instruction,llmlingua_qwen,0.5,0.5031,0.4969,0.5845,0.5547,0.7026,False,211,163,4.6571,0,1.8
inst-030,instruction,llmlingua2,0.5,0.454,0.546,0.7114,0.6412,0.75,False,211,163,4.6571,0,1.8
inst-030,instruction,random_deletion,0.3,0.2699,0.7301,0.6075,0.642,0.7454,True,211,163,4.6571,0,1.8
inst-030,instruction,llmlingua_qwen,0.3,0.3252,0.6748,0.5967,0.5057,0.6533,False,211,163,4.6571,0,1.8
inst-030,instruction,llmlingua2,0.3,0.2761,0.7239,0.6498,0.6343,0.7433,False,211,163,4.6571,0,1.8
inst-031,instruction,noop,1.0,1.0,0.0,1.0,1.0,1.0,True,230,173,4.5526,0,1.7895
inst-031,instruction,random_deletion,0.7,0.7457,0.2543,0.8407,0.6243,0.7039,False,230,173,4.5526,0,1.7895
inst-031,instruction,llmlingua_qwen,0.7,0.711,0.289,0.7156,0.5785,0.6817,False,230,173,4.5526,0,1.7895
inst-031,instruction,llmlingua2,0.7,0.659,0.341,0.8271,0.6679,0.7686,False,230,173,4.5526,0,1.7895
inst-031,instruction,random_deletion,0.5,0.4624,0.5376,0.7313,0.7167,0.7753,False,230,173,4.5526,0,1.7895
inst-031,instruction,llmlingua_qwen,0.5,0.5434,0.4566,0.6072,0.5475,0.6587,False,230,173,4.5526,0,1.7895
inst-031,instruction,llmlingua2,0.5,0.4566,0.5434,0.7101,0.7827,0.8233,True,230,173,4.5526,0,1.7895
inst-031,instruction,random_deletion,0.3,0.2717,0.7283,0.6137,0.4833,0.6138,True,230,173,4.5526,0,1.7895
inst-031,instruction,llmlingua_qwen,0.3,0.3353,0.6647,0.5556,0.5505,0.6579,False,230,173,4.5526,0,1.7895
inst-031,instruction,llmlingua2,0.3,0.2832,0.7168,0.6322,0.6293,0.7323,True,230,173,4.5526,0,1.7895
inst-032,instruction,noop,1.0,1.0,0.0,1.0,1.0,1.0,True,216,165,4.4595,0,1.8108
inst-032,instruction,random_deletion,0.7,0.6364,0.3636,0.8278,0.6652,0.6988,False,216,165,4.4595,0,1.8108
inst-032,instruction,llmlingua_qwen,0.7,0.7576,0.2424,0.7275,0.6337,0.7311,False,216,165,4.4595,0,1.8108
inst-032,instruction,llmlingua2,0.7,0.6545,0.3455,0.8228,0.7398,0.8023,True,216,165,4.4595,0,1.8108
inst-032,instruction,random_deletion,0.5,0.4788,0.5212,0.7298,0.6579,0.7549,False,216,165,4.4595,0,1.8108
inst-032,instruction,llmlingua_qwen,0.5,0.5576,0.4424,0.638,0.531,0.6789,False,216,165,4.4595,0,1.8108
inst-032,instruction,llmlingua2,0.5,0.4667,0.5333,0.7234,0.6978,0.7542,True,216,165,4.4595,0,1.8108
inst-032,instruction,random_deletion,0.3,0.3212,0.6788,0.6461,0.5471,0.6928,False,216,165,4.4595,0,1.8108
inst-032,instruction,llmlingua_qwen,0.3,0.4424,0.5576,0.6206,0.5689,0.7013,False,216,165,4.4595,0,1.8108
inst-032,instruction,llmlingua2,0.3,0.2848,0.7152,0.5492,0.6307,0.741,True,216,165,4.4595,0,1.8108
inst-033,instruction,noop,1.0,1.0,0.0,1.0,1.0,1.0,True,222,167,4.7714,0,1.9143
inst-033,instruction,random_deletion,0.7,0.7126,0.2874,0.8134,0.6459,0.7453,False,222,167,4.7714,0,1.9143
inst-033,instruction,llmlingua_qwen,0.7,0.6826,0.3174,0.6503,0.6186,0.7341,False,222,167,4.7714,0,1.9143
inst-033,instruction,llmlingua2,0.7,0.6587,0.3413,0.7783,0.6585,0.7547,True,222,167,4.7714,0,1.9143
inst-033,instruction,random_deletion,0.5,0.497,0.503,0.7346,0.5496,0.6592,False,222,167,4.7714,0,1.9143
inst-033,instruction,llmlingua_qwen,0.5,0.4611,0.5389,0.5564,0.5835,0.697,False,222,167,4.7714,0,1.9143
inst-033,instruction,llmlingua2,0.5,0.4671,0.5329,0.7164,0.6284,0.7388,True,222,167,4.7714,0,1.9143
inst-033,instruction,random_deletion,0.3,0.2216,0.7784,0.5626,0.4988,0.6312,True,222,167,4.7714,0,1.9143
inst-033,instruction,llmlingua_qwen,0.3,0.2635,0.7365,0.5241,0.4006,0.6053,False,222,167,4.7714,0,1.9143
inst-033,instruction,llmlingua2,0.3,0.2754,0.7246,0.6018,0.612,0.7229,True,222,167,4.7714,0,1.9143
inst-034,instruction,noop,1.0,1.0,0.0,1.0,1.0,1.0,True,217,164,4.4324,0,1.7027
inst-034,instruction,random_deletion,0.7,0.7317,0.2683,0.7969,0.7073,0.779,False,217,164,4.4324,0,1.7027
inst-034,instruction,llmlingua_qwen,0.7,0.7378,0.2622,0.7511,0.6534,0.7355,False,217,164,4.4324,0,1.7027
inst-034,instruction,llmlingua2,0.7,0.689,0.311,0.8101,0.729,0.7985,False,217,164,4.4324,0,1.7027
inst-034,instruction,random_deletion,0.5,0.4634,0.5366,0.7154,0.5957,0.7191,True,217,164,4.4324,0,1.7027
inst-034,instruction,llmlingua_qwen,0.5,0.5915,0.4085,0.6514,0.6144,0.6818,False,217,164,4.4324,0,1.7027
inst-034,instruction,llmlingua2,0.5,0.4756,0.5244,0.6882,0.7341,0.7915,True,217,164,4.4324,0,1.7027
inst-034,instruction,random_deletion,0.3,0.2378,0.7622,0.5893,0.5409,0.6535,True,217,164,4.4324,0,1.7027
inst-034,instruction,llmlingua_qwen,0.3,0.3902,0.6098,0.5945,0.4631,0.6368,False,217,164,4.4324,0,1.7027
inst-034,instruction,llmlingua2,0.3,0.2744,0.7256,0.5781,0.5892,0.7176,True,217,164,4.4324,0,1.7027
inst-035,instruction,noop,1.0,1.0,0.0,1.0,1.0,1.0,True,212,161,4.4722,0,1.75
inst-035,instruction,random_deletion,0.7,0.6646,0.3354,0.8692,0.7102,0.7262,False,212,161,4.4722,0,1.75
inst-035,instruction,llmlingua_qwen,0.7,0.7019,0.2981,0.7414,0.6427,0.6903,False,212,161,4.4722,0,1.75
inst-035,instruction,llmlingua2,0.7,0.6584,0.3416,0.8315,0.7357,0.7696,True,212,161,4.4722,0,1.75
inst-035,instruction,random_deletion,0.5,0.4783,0.5217,0.7332,0.7017,0.7338,True,212,161,4.4722,0,1.75
inst-035,instruction,llmlingua_qwen,0.5,0.5031,0.4969,0.6208,0.6404,0.691,False,212,161,4.4722,0,1.75
inst-035,instruction,llmlingua2,0.5,0.4534,0.5466,0.7315,0.67,0.7336,True,212,161,4.4722,0,1.75
inst-035,instruction,random_deletion,0.3,0.2422,0.7578,0.6006,0.5501,0.6519,True,212,161,4.4722,0,1.75
inst-035,instruction,llmlingua_qwen,0.3,0.2919,0.7081,0.5484,0.458,0.6261,False,212,161,4.4722,0,1.75
inst-035,instruction,llmlingua2,0.3,0.2857,0.7143,0.5792,0.5665,0.6611,True,212,161,4.4722,0,1.75
inst-036,instruction,noop,1.0,1.0,0.0,1.0,1.0,1.0,True,226,177,4.6579,0,1.8158
inst-036,instruction,random_deletion,0.7,0.6949,0.3051,0.8387,0.5056,0.5857,False,226,177,4.6579,0,1.8158
inst-036,instruction,llmlingua_qwen,0.7,1.0,0.0,1.0,1.0,1.0,True,226,177,4.6579,0,1.8158
inst-036,instruction,llmlingua2,0.7,0.6723,0.3277,0.8275,0.822,0.8443,True,226,177,4.6579,0,1.8158
inst-036,instruction,random_deletion,0.5,0.4689,0.5311,0.7059,0.564,0.6372,False,226,177,4.6579,0,1.8158
inst-036,instruction,llmlingua_qwen,0.5,1.0,0.0,1.0,1.0,1.0,True,226,177,4.6579,0,1.8158
inst-036,instruction,llmlingua2,0.5,0.4689,0.5311,0.7066,0.583,0.6723,False,226,177,4.6579,0,1.8158
inst-036,instruction,random_deletion,0.3,0.2994,0.7006,0.6173,0.6932,0.7395,True,226,177,4.6579,0,1.8158
inst-036,instruction,llmlingua_qwen,0.3,0.9774,0.0226,0.9729,0.8801,0.8862,True,226,177,4.6579,0,1.8158
inst-036,instruction,llmlingua2,0.3,0.2712,0.7288,0.5791,0.6425,0.7139,True,226,177,4.6579,0,1.8158
inst-037,instruction,noop,1.0,1.0,0.0,1.0,1.0,1.0,True,210,160,4.5714,0,1.8286
inst-037,instruction,random_deletion,0.7,0.7062,0.2938,0.846,0.7038,0.7881,False,210,160,4.5714,0,1.8286
inst-037,instruction,llmlingua_qwen,0.7,0.6688,0.3312,0.6812,0.4325,0.6124,False,210,160,4.5714,0,1.8286
inst-037,instruction,llmlingua2,0.7,0.6688,0.3312,0.8286,0.7367,0.8048,False,210,160,4.5714,0,1.8286
inst-037,instruction,random_deletion,0.5,0.4688,0.5312,0.7571,0.7161,0.7859,True,210,160,4.5714,0,1.8286
inst-037,instruction,llmlingua_qwen,0.5,0.4875,0.5125,0.6433,0.4466,0.6235,False,210,160,4.5714,0,1.8286
inst-037,instruction,llmlingua2,0.5,0.4812,0.5188,0.6959,0.7776,0.8307,True,210,160,4.5714,0,1.8286
inst-037,instruction,random_deletion,0.3,0.2875,0.7125,0.6083,0.5803,0.6731,False,210,160,4.5714,0,1.8286
inst-037,instruction,llmlingua_qwen,0.3,0.275,0.725,0.5728,0.4565,0.6167,True,210,160,4.5714,0,1.8286
inst-037,instruction,llmlingua2,0.3,0.2812,0.7188,0.6086,0.5991,0.7246,True,210,160,4.5714,0,1.8286
inst-038,instruction,noop,1.0,1.0,0.0,1.0,1.0,1.0,True,218,165,4.3421,0,1.7632
inst-038,instruction,random_deletion,0.7,0.7394,0.2606,0.8441,0.768,0.8241,False,218,165,4.3421,0,1.7632
inst-038,instruction,llmlingua_qwen,0.7,0.6848,0.3152,0.7187,0.68,0.7722,False,218,165,4.3421,0,1.7632
inst-038,instruction,llmlingua2,0.7,0.6545,0.3455,0.8103,0.804,0.7879,False,218,165,4.3421,0,1.7632
inst-038,instruction,random_deletion,0.5,0.5152,0.4848,0.7468,0.7731,0.8379,False,218,165,4.3421,0,1.7632
inst-038,instruction,llmlingua_qwen,0.5,0.497,0.503,0.6052,0.4437,0.6277,False,218,165,4.3421,0,1.7632
inst-038,instruction,llmlingua2,0.5,0.4667,0.5333,0.6856,0.8135,0.7951,True,218,165,4.3421,0,1.7632
inst-038,instruction,random_deletion,0.3,0.3333,0.6667,0.6197,0.5855,0.7129,False,218,165,4.3421,0,1.7632
inst-038,instruction,llmlingua_qwen,0.3,0.2727,0.7273,0.5549,0.4246,0.6101,True,218,165,4.3421,0,1.7632
inst-038,instruction,llmlingua2,0.3,0.2788,0.7212,0.5632,0.7044,0.7397,True,218,165,4.3421,0,1.7632
inst-039,instruction,noop,1.0,1.0,0.0,1.0,1.0,1.0,True,222,170,4.7222,0,1.75
inst-039,instruction,random_deletion,0.7,0.6882,0.3118,0.8211,0.6545,0.7159,False,222,170,4.7222,0,1.75
inst-039,instruction,llmlingua_qwen,0.7,0.6824,0.3176,0.7004,0.595,0.7219,False,222,170,4.7222,0,1.75
inst-039,instruction,llmlingua2,0.7,0.6588,0.3412,0.7818,0.7888,0.8414,True,222,170,4.7222,0,1.75
inst-039,instruction,random_deletion,0.5,0.5588,0.4412,0.7684,0.6406,0.7033,False,222,170,4.7222,0,1.75
inst-039,instruction,llmlingua_qwen,0.5,0.4941,0.5059,0.6192,0.5754,0.7134,False,222,170,4.7222,0,1.75
inst-039,instruction,llmlingua2,0.5,0.4647,0.5353,0.725,0.774,0.8243,True,222,170,4.7222,0,1.75
inst-039,instruction,random_deletion,0.3,0.3529,0.6471,0.643,0.6083,0.688,False,222,170,4.7222,0,1.75
inst-039,instruction,llmlingua_qwen,0.3,0.2706,0.7294,0.4947,0.4718,0.6302,True,222,170,4.7222,0,1.75
inst-039,instruction,llmlingua2,0.3,0.2765,0.7235,0.6094,0.636,0.6938,True,222,170,4.7222,0,1.75
inst-040,instruction,noop,1.0,1.0,0.0,1.0,1.0,1.0,True,226,165,4.3421,0,1.7632
inst-040,instruction,random_deletion,0.7,0.697,0.303,0.8249,0.6812,0.7768,False,226,165,4.3421,0,1.7632
inst-040,instruction,llmlingua_qwen,0.7,0.6848,0.3152,0.7454,0.6422,0.7434,False,226,165,4.3421,0,1.7632
inst-040,instruction,llmlingua2,0.7,0.6727,0.3273,0.7803,0.7515,0.8161,True,226,165,4.3421,0,1.7632
inst-040,instruction,random_deletion,0.5,0.503,0.497,0.6988,0.6875,0.7738,False,226,165,4.3421,0,1.7632
inst-040,instruction,llmlingua_qwen,0.5,0.497,0.503,0.6515,0.5781,0.7007,False,226,165,4.3421,0,1.7632
inst-040,instruction,llmlingua2,0.5,0.4727,0.5273,0.6992,0.6114,0.7196,False,226,165,4.3421,0,1.7632
inst-040,instruction,random_deletion,0.3,0.3091,0.6909,0.6507,0.6508,0.6939,False,226,165,4.3421,0,1.7632
inst-040,instruction,llmlingua_qwen,0.3,0.2848,0.7152,0.5688,0.4716,0.615,False,226,165,4.3421,0,1.7632
inst-040,instruction,llmlingua2,0.3,0.2848,0.7152,0.6172,0.7372,0.8041,True,226,165,4.3421,0,1.7632
inst-041,instruction,noop,1.0,1.0,0.0,1.0,1.0,1.0,True,251,188,4.5854,0,1.7561
inst-041,instruction,random_deletion,0.7,0.7128,0.2872,0.8359,0.74,0.8179,False,251,188,4.5854,0,1.7561
inst-041,instruction,llmlingua_qwen,0.7,0.9894,0.0106,0.9769,0.8977,0.9194,True,251,188,4.5854,0,1.7561
inst-041,instruction,llmlingua2,0.7,0.6596,0.3404,0.7987,0.8031,0.868,True,251,188,4.5854,0,1.7561
inst-041,instruction,random_deletion,0.5,0.4362,0.5638,0.7453,0.5574,0.6621,False,251,188,4.5854,0,1.7561
inst-041,instruction,llmlingua_qwen,0.5,0.9894,0.0106,0.9769,0.8977,0.9194,True,251,188,4.5854,0,1.7561
inst-041,instruction,llmlingua2,0.5,0.4681,0.5319,0.6917,0.5839,0.7064,False,251,188,4.5854,0,1.7561
inst-041,instruction,random_deletion,0.3,0.2979,0.7021,0.6172,0.538,0.6522,False,251,188,4.5854,0,1.7561
inst-041,instruction,llmlingua_qwen,0.3,0.9894,0.0106,0.9769,0.8977,0.9194,True,251,188,4.5854,0,1.7561
inst-041,instruction,llmlingua2,0.3,0.2766,0.7234,0.5868,0.6052,0.7087,True,251,188,4.5854,0,1.7561
inst-042,instruction,noop,1.0,1.0,0.0,1.0,1.0,1.0,True,224,174,4.5789,0,1.8158
inst-042,instruction,random_deletion,0.7,0.7356,0.2644,0.8388,0.7299,0.7229,True,224,174,4.5789,0,1.8158
inst-042,instruction,llmlingua_qwen,0.7,1.0,0.0,1.0,1.0,1.0,True,224,174,4.5789,0,1.8158
inst-042,instruction,llmlingua2,0.7,0.6667,0.3333,0.7867,0.6961,0.7499,True,224,174,4.5789,0,1.8158
inst-042,instruction,random_deletion,0.5,0.4713,0.5287,0.7008,0.5182,0.6391,False,224,174,4.5789,0,1.8158
inst-042,instruction,llmlingua_qwen,0.5,1.0,0.0,1.0,1.0,1.0,True,224,174,4.5789,0,1.8158
inst-042,instruction,llmlingua2,0.5,0.454,0.546,0.7041,0.6829,0.716,True,224,174,4.5789,0,1.8158
inst-042,instruction,random_deletion,0.3,0.2471,0.7529,0.5631,0.4888,0.6476,True,224,174,4.5789,0,1.8158
inst-042,instruction,llmlingua_qwen,0.3,0.9885,0.0115,0.9832,0.859,0.86,True,224,174,4.5789,0,1.8158
inst-042,instruction,llmlingua2,0.3,0.2586,0.7414,0.5928,0.6209,0.6853,True,224,174,4.5789,0,1.8158
inst-043,instruction,noop,1.0,1.0,0.0,1.0,1.0,1.0,True,200,150,4.4118,0,1.7941
inst-043,instruction,random_deletion,0.7,0.7467,0.2533,0.8132,0.8041,0.7944,True,200,150,4.4118,0,1.7941
inst-043,instruction,llmlingua_qwen,0.7,0.76,0.24,0.736,0.669,0.707,False,200,150,4.4118,0,1.7941
inst-043,instruction,llmlingua2,0.7,0.6467,0.3533,0.7898,0.7959,0.7777,False,200,150,4.4118,0,1.7941
inst-043,instruction,random_deletion,0.5,0.5133,0.4867,0.682,0.7962,0.7892,True,200,150,4.4118,0,1.7941
inst-043,instruction,llmlingua_qwen,0.5,0.6133,0.3867,0.71,0.6717,0.7146,False,200,150,4.4118,0,1.7941
inst-043,instruction,llmlingua2,0.5,0.4667,0.5333,0.694,0.7883,0.7824,True,200,150,4.4118,0,1.7941
inst-043,instruction,random_deletion,0.3,0.3067,0.6933,0.6497,0.5051,0.6459,False,200,150,4.4118,0,1.7941
inst-043,instruction,llmlingua_qwen,0.3,0.4667,0.5333,0.6564,0.4302,0.6111,False,200,150,4.4118,0,1.7941
inst-043,instruction,llmlingua2,0.3,0.28,0.72,0.5504,0.7674,0.7633,True,200,150,4.4118,0,1.7941
inst-044,instruction,noop,1.0,1.0,0.0,1.0,1.0,1.0,True,221,161,4.2368,0,1.7368
inst-044,instruction,random_deletion,0.7,0.7143,0.2857,0.8283,0.7882,0.827,True,221,161,4.2368,0,1.7368
inst-044,instruction,llmlingua_qwen,0.7,0.6832,0.3168,0.7521,0.6423,0.7426,False,221,161,4.2368,0,1.7368
inst-044,instruction,llmlingua2,0.7,0.6584,0.3416,0.8078,0.7598,0.8199,False,221,161,4.2368,0,1.7368
inst-044,instruction,random_deletion,0.5,0.5466,0.4534,0.6964,0.6253,0.7479,False,221,161,4.2368,0,1.7368
inst-044,instruction,llmlingua_qwen,0.5,0.4783,0.5217,0.6529,0.4617,0.6304,False,221,161,4.2368,0,1.7368
inst-044,instruction,llmlingua2,0.5,0.4596,0.5404,0.69,0.7622,0.823,True,221,161,4.2368,0,1.7368
inst-044,instruction,random_deletion,0.3,0.2857,0.7143,0.6504,0.5782,0.7135,False,221,161,4.2368,0,1.7368
inst-044,instruction,llmlingua_qwen,0.3,0.3043,0.6957,0.6371,0.4354,0.6221,False,221,161,4.2368,0,1.7368
inst-044,instruction,llmlingua2,0.3,0.2671,0.7329,0.6103,0.7531,0.8015,True,221,161,4.2368,0,1.7368
inst-045,instruction,noop,1.0,1.0,0.0,1.0,1.0,1.0,True,219,166,4.6111,0,1.7778
inst-045,instruction,random_deletion,0.7,0.7349,0.2651,0.8065,0.8061,0.844,True,219,166,4.6111,0,1.7778
inst-045,instruction,llmlingua_qwen,0.7,0.7169,0.2831,0.7234,0.6447,0.7398,False,219,166,4.6111,0,1.7778
inst-045,instruction,llmlingua2,0.7,0.6627,0.3373,0.7458,0.7912,0.8408,True,219,166,4.6111,0,1.7778
inst-045,instruction,random_deletion,0.5,0.5602,0.4398,0.68,0.7284,0.7958,True,219,166,4.6111,0,1.7778
inst-045,instruction,llmlingua_qwen,0.5,0.5542,0.4458,0.6606,0.5026,0.6282,False,219,166,4.6111,0,1.7778
inst-045,instruction,llmlingua2,0.5,0.4639,0.5361,0.7335,0.6308,0.7405,True,219,166,4.6111,0,1.7778
inst-045,instruction,random_deletion,0.3,0.3072,0.6928,0.6374,0.4843,0.6261,False,219,166,4.6111,0,1.7778
inst-045,instruction,llmlingua_qwen,0.3,0.3554,0.6446,0.6455,0.5987,0.7128,True,219,166,4.6111,0,1.7778
inst-045,instruction,llmlingua2,0.3,0.2651,0.7349,0.6012,0.587,0.726,True,219,166,4.6111,0,1.7778
inst-046,instruction,noop,1.0,1.0,0.0,1.0,1.0,1.0,True,222,164,4.5556,0,1.8056
inst-046,instruction,random_deletion,0.7,0.6768,0.3232,0.8349,0.7218,0.7849,False,222,164,4.5556,0,1.8056
inst-046,instruction,llmlingua_qwen,0.7,0.6402,0.3598,0.6312,0.6625,0.7504,False,222,164,4.5556,0,1.8056
inst-046,instruction,llmlingua2,0.7,0.6524,0.3476,0.7715,0.7801,0.8216,True,222,164,4.5556,0,1.8056
inst-046,instruction,random_deletion,0.5,0.4878,0.5122,0.6661,0.6937,0.7272,False,222,164,4.5556,0,1.8056
inst-046,instruction,llmlingua_qwen,0.5,0.4573,0.5427,0.5188,0.4225,0.6105,False,222,164,4.5556,0,1.8056
inst-046,instruction,llmlingua2,0.5,0.4573,0.5427,0.6469,0.7013,0.7676,False,222,164,4.5556,0,1.8056
inst-046,instruction,random_deletion,0.3,0.2988,0.7012,0.6168,0.711,0.7746,True,222,164,4.5556,0,1.8056
inst-046,instruction,llmlingua_qwen,0.3,0.2561,0.7439,0.4811,0.4171,0.6104,True,222,164,4.5556,0,1.8056
inst-046,instruction,llmlingua2,0.3,0.2805,0.7195,0.6027,0.6897,0.7615,True,222,164,4.5556,0,1.8056
inst-047,instruction,noop,1.0,1.0,0.0,1.0,1.0,1.0,True,221,165,4.3421,0,1.8421
inst-047,instruction,random_deletion,0.7,0.697,0.303,0.8219,0.6447,0.7537,False,221,165,4.3421,0,1.8421
inst-047,instruction,llmlingua_qwen,0.7,0.6788,0.3212,0.6723,0.5729,0.717,False,221,165,4.3421,0,1.8421
inst-047,instruction,llmlingua2,0.7,0.6667,0.3333,0.8257,0.7316,0.7563,True,221,165,4.3421,0,1.8421
inst-047,instruction,random_deletion,0.5,0.5152,0.4848,0.7287,0.6123,0.6939,True,221,165,4.3421,0,1.8421
inst-047,instruction,llmlingua_qwen,0.5,0.4788,0.5212,0.526,0.5266,0.6751,False,221,165,4.3421,0,1.8421
inst-047,instruction,llmlingua2,0.5,0.4606,0.5394,0.6826,0.6085,0.7168,True,221,165,4.3421,0,1.8421
inst-047,instruction,random_deletion,0.3,0.2788,0.7212,0.5694,0.5885,0.7165,True,221,165,4.3421,0,1.8421
inst-047,instruction,llmlingua_qwen,0.3,0.2788,0.7212,0.5095,0.4508,0.6277,False,221,165,4.3421,0,1.8421
inst-047,instruction,llmlingua2,0.3,0.2667,0.7333,0.5761,0.5764,0.7108,True,221,165,4.3421,0,1.8421
inst-048,instruction,noop,1.0,1.0,0.0,1.0,1.0,1.0,True,238,175,4.375,0,1.725
inst-048,instruction,random_deletion,0.7,0.7143,0.2857,0.7808,0.7452,0.8084,False,238,175,4.375,0,1.725
inst-048,instruction,llmlingua_qwen,0.7,0.6914,0.3086,0.6635,0.5318,0.6793,False,238,175,4.375,0,1.725
inst-048,instruction,llmlingua2,0.7,0.6743,0.3257,0.7548,0.7945,0.8427,False,238,175,4.375,0,1.725
inst-048,instruction,random_deletion,0.5,0.5086,0.4914,0.7109,0.603,0.6985,False,238,175,4.375,0,1.725
inst-048,instruction,llmlingua_qwen,0.5,0.5314,0.4686,0.6071,0.6237,0.7412,False,238,175,4.375,0,1.725
inst-048,instruction,llmlingua2,0.5,0.48,0.52,0.6768,0.8392,0.8709,True,238,175,4.375,0,1.725
inst-048,instruction,random_deletion,0.3,0.3143,0.6857,0.6347,0.452,0.6203,False,238,175,4.375,0,1.725
inst-048,instruction,llmlingua_qwen,0.3,0.2686,0.7314,0.508,0.4392,0.6214,True,238,175,4.375,0,1.725
inst-048,instruction,llmlingua2,0.3,0.2914,0.7086,0.5866,0.7858,0.8338,True,238,175,4.375,0,1.725
inst-049,instruction,noop,1.0,1.0,0.0,1.0,1.0,1.0,True,219,171,4.8857,0,1.9429
inst-049,instruction,random_deletion,0.7,0.6433,0.3567,0.8283,0.6632,0.7699,True,219,171,4.8857,0,1.9429
inst-049,instruction,llmlingua_qwen,0.7,0.9942,0.0058,0.9839,0.7469,0.8173,False,219,171,4.8857,0,1.9429
inst-049,instruction,llmlingua2,0.7,0.6608,0.3392,0.8216,0.7675,0.829,True,219,171,4.8857,0,1.9429
inst-049,instruction,random_deletion,0.5,0.5146,0.4854,0.6758,0.6105,0.7231,False,219,171,4.8857,0,1.9429
inst-049,instruction,llmlingua_qwen,0.5,0.9942,0.0058,0.9839,0.7469,0.8173,False,219,171,4.8857,0,1.9429
inst-049,instruction,llmlingua2,0.5,0.462,0.538,0.7284,0.5492,0.664,False,219,171,4.8857,0,1.9429
inst-049,instruction,random_deletion,0.3,0.2573,0.7427,0.6337,0.6593,0.711,True,219,171,4.8857,0,1.9429
inst-049,instruction,llmlingua_qwen,0.3,0.9942,0.0058,0.9839,0.7469,0.8173,False,219,171,4.8857,0,1.9429
inst-049,instruction,llmlingua2,0.3,0.2632,0.7368,0.6237,0.5237,0.6882,False,219,171,4.8857,0,1.9429
inst-050,instruction,noop,1.0,1.0,0.0,1.0,1.0,1.0,True,229,174,4.8333,0,1.9167
inst-050,instruction,random_deletion,0.7,0.6667,0.3333,0.8323,0.7545,0.8087,False,229,174,4.8333,0,1.9167
inst-050,instruction,llmlingua_qwen,0.7,0.6724,0.3276,0.6965,0.763,0.8188,False,229,174,4.8333,0,1.9167
inst-050,instruction,llmlingua2,0.7,0.6379,0.3621,0.8253,0.787,0.8402,False,229,174,4.8333,0,1.9167
inst-050,instruction,random_deletion,0.5,0.4943,0.5057,0.7624,0.6953,0.7674,False,229,174,4.8333,0,1.9167
inst-050,instruction,llmlingua_qwen,0.5,0.477,0.523,0.5914,0.6293,0.7259,False,229,174,4.8333,0,1.9167
inst-050,instruction,llmlingua2,0.5,0.454,0.546,0.7186,0.8181,0.8488,True,229,174,4.8333,0,1.9167
inst-050,instruction,random_deletion,0.3,0.3333,0.6667,0.6629,0.6336,0.739,False,229,174,4.8333,0,1.9167
inst-050,instruction,llmlingua_qwen,0.3,0.2644,0.7356,0.4855,0.4145,0.608,True,229,174,4.8333,0,1.9167
inst-050,instruction,llmlingua2,0.3,0.2701,0.7299,0.5977,0.7553,0.8107,True,229,174,4.8333,0,1.9167
inst-051,instruction,noop,1.0,1.0,0.0,1.0,1.0,1.0,True,253,191,4.4419,0,1.7442
inst-051,instruction,random_deletion,0.7,0.6859,0.3141,0.8363,0.5944,0.6547,False,253,191,4.4419,0,1.7442
inst-051,instruction,llmlingua_qwen,0.7,0.9895,0.0105,0.9805,0.8343,0.8531,True,253,191,4.4419,0,1.7442
inst-051,instruction,llmlingua2,0.7,0.6806,0.3194,0.7949,0.8075,0.8468,True,253,191,4.4419,0,1.7442
inst-051,instruction,random_deletion,0.5,0.5183,0.4817,0.751,0.7871,0.8327,True,253,191,4.4419,0,1.7442
inst-051,instruction,llmlingua_qwen,0.5,0.9895,0.0105,0.9805,0.8343,0.8531,True,253,191,4.4419,0,1.7442
inst-051,instruction,llmlingua2,0.5,0.4712,0.5288,0.716,0.7399,0.7946,False,253,191,4.4419,0,1.7442
inst-051,instruction,random_deletion,0.3,0.2618,0.7382,0.6108,0.7432,0.7305,True,253,191,4.4419,0,1.7442
inst-051,instruction,llmlingua_qwen,0.3,0.9895,0.0105,0.9805,0.8343,0.8531,True,253,191,4.4419,0,1.7442
inst-051,instruction,llmlingua2,0.3,0.2827,0.7173,0.5986,0.5749,0.6308,False,253,191,4.4419,0,1.7442
inst-052,instruction,noop,1.0,1.0,0.0,1.0,1.0,1.0,True,210,153,4.3714,0,1.7714
inst-052,instruction,random_deletion,0.7,0.6732,0.3268,0.8505,0.6072,0.6954,False,210,153,4.3714,0,1.7714
inst-052,instruction,llmlingua_qwen,0.7,0.7516,0.2484,0.7095,0.6062,0.6771,False,210,153,4.3714,0,1.7714
inst-052,instruction,llmlingua2,0.7,0.6405,0.3595,0.8158,0.651,0.7212,False,210,153,4.3714,0,1.7714
inst-052,instruction,random_deletion,0.5,0.5556,0.4444,0.775,0.694,0.7166,True,210,153,4.3714,0,1.7714
inst-052,instruction,llmlingua_qwen,0.5,0.5752,0.4248,0.6779,0.5858,0.6664,False,210,153,4.3714,0,1.7714
inst-052,instruction,llmlingua2,0.5,0.4575,0.5425,0.736,0.6379,0.7212,False,210,153,4.3714,0,1.7714
inst-052,instruction,random_deletion,0.3,0.2876,0.7124,0.6487,0.6192,0.6817,False,210,153,4.3714,0,1.7714
inst-052,instruction,llmlingua_qwen,0.3,0.4248,0.5752,0.6148,0.5852,0.6555,False,210,153,4.3714,0,1.7714
inst-052,instruction,llmlingua2,0.3,0.268,0.732,0.5978,0.6391,0.7095,True,210,153,4.3714,0,1.7714
inst-053,instruction,noop,1.0,1.0,0.0,1.0,1.0,1.0,True,225,168,4.4211,0,1.7368
inst-053,instruction,random_deletion,0.7,0.7262,0.2738,0.8352,0.6502,0.739,False,225,168,4.4211,0,1.7368
inst-053,instruction,llmlingua_qwen,0.7,0.6667,0.3333,0.7295,0.5644,0.6559,False,225,168,4.4211,0,1.7368
inst-053,instruction,llmlingua2,0.7,0.6786,0.3214,0.827,0.6311,0.7041,False,225,168,4.4211,0,1.7368
inst-053,instruction,random_deletion,0.5,0.4821,0.5179,0.7675,0.6828,0.7332,True,225,168,4.4211,0,1.7368
inst-053,instruction,llmlingua_qwen,0.5,0.4643,0.5357,0.5502,0.5527,0.681,False,225,168,4.4211,0,1.7368
inst-053,instruction,llmlingua2,0.5,0.4762,0.5238,0.7282,0.6457,0.7156,True,225,168,4.4211,0,1.7368
inst-053,instruction,random_deletion,0.3,0.3095,0.6905,0.688,0.5382,0.6574,False,225,168,4.4211,0,1.7368
inst-053,instruction,llmlingua_qwen,0.3,0.256,0.744,0.5187,0.425,0.6276,True,225,168,4.4211,0,1.7368
inst-053,instruction,llmlingua2,0.3,0.2857,0.7143,0.5974,0.6058,0.7142,True,225,168,4.4211,0,1.7368
inst-054,instruction,noop,1.0,1.0,0.0,1.0,1.0,1.0,True,205,154,4.5294,0,1.7941
inst-054,instruction,random_deletion,0.7,0.7273,0.2727,0.8311,0.7753,0.797,True,205,154,4.5294,0,1.7941
inst-054,instruction,llmlingua_qwen,0.7,0.7078,0.2922,0.7513,0.7278,0.7767,False,205,154,4.5294,0,1.7941
inst-054,instruction,llmlingua2,0.7,0.6299,0.3701,0.8052,0.6746,0.7447,False,205,154,4.5294,0,1.7941
inst-054,instruction,random_deletion,0.5,0.474,0.526,0.7157,0.7372,0.7723,False,205,154,4.5294,0,1.7941
inst-054,instruction,llmlingua_qwen,0.5,0.5325,0.4675,0.6467,0.5199,0.6305,False,205,154,4.5294,0,1.7941
inst-054,instruction,llmlingua2,0.5,0.461,0.539,0.7601,0.7424,0.7584,True,205,154,4.5294,0,1.7941
inst-054,instruction,random_deletion,0.3,0.2987,0.7013,0.6068,0.5775,0.6667,True,205,154,4.5294,0,1.7941
inst-054,instruction,llmlingua_qwen,0.3,0.3312,0.6688,0.6045,0.438,0.6032,False,205,154,4.5294,0,1.7941
inst-054,instruction,llmlingua2,0.3,0.2532,0.7468,0.6279,0.5618,0.6452,True,205,154,4.5294,0,1.7941
inst-055,instruction,noop,1.0,1.0,0.0,1.0,1.0,1.0,True,191,142,4.4375,0,1.8125
inst-055,instruction,random_deletion,0.7,0.6761,0.3239,0.752,0.686,0.7533,False,191,142,4.4375,0,1.8125
inst-055,instruction,llmlingua_qwen,0.7,0.7535,0.2465,0.717,0.5848,0.6759,False,191,142,4.4375,0,1.8125
inst-055,instruction,llmlingua2,0.7,0.662,0.338,0.8056,0.7295,0.7609,True,191,142,4.4375,0,1.8125
inst-055,instruction,random_deletion,0.5,0.493,0.507,0.7243,0.6707,0.7371,False,191,142,4.4375,0,1.8125
inst-055,instruction,llmlingua_qwen,0.5,0.6197,0.3803,0.6419,0.6082,0.6922,False,191,142,4.4375,0,1.8125
inst-055,instruction,llmlingua2,0.5,0.4507,0.5493,0.7146,0.6954,0.7491,False,191,142,4.4375,0,1.8125
inst-055,instruction,random_deletion,0.3,0.3099,0.6901,0.6612,0.494,0.6434,False,191,142,4.4375,0,1.8125
inst-055,instruction,llmlingua_qwen,0.3,0.493,0.507,0.6542,0.5741,0.6813,False,191,142,4.4375,0,1.8125
inst-055,instruction,llmlingua2,0.3,0.2746,0.7254,0.5616,0.7194,0.7619,True,191,142,4.4375,0,1.8125
inst-056,instruction,noop,1.0,1.0,0.0,1.0,1.0,1.0,True,208,158,4.6471,0,1.8824
inst-056,instruction,random_deletion,0.7,0.6646,0.3354,0.8166,0.801,0.859,True,208,158,4.6471,0,1.8824
inst-056,instruction,llmlingua_qwen,0.7,0.6899,0.3101,0.7158,0.5835,0.7134,False,208,158,4.6471,0,1.8824
inst-056,instruction,llmlingua2,0.7,0.6646,0.3354,0.8384,0.7184,0.7961,False,208,158,4.6471,0,1.8824
inst-056,instruction,random_deletion,0.5,0.5127,0.4873,0.6998,0.5894,0.7171,False,208,158,4.6471,0,1.8824
inst-056,instruction,llmlingua_qwen,0.5,0.5063,0.4937,0.659,0.4307,0.6242,False,208,158,4.6471,0,1.8824
inst-056,instruction,llmlingua2,0.5,0.443,0.557,0.7048,0.6952,0.7445,True,208,158,4.6471,0,1.8824
inst-056,instruction,random_deletion,0.3,0.3038,0.6962,0.6245,0.5552,0.6355,False,208,158,4.6471,0,1.8824
inst-056,instruction,llmlingua_qwen,0.3,0.3481,0.6519,0.6607,0.4285,0.6114,False,208,158,4.6471,0,1.8824
inst-056,instruction,llmlingua2,0.3,0.2785,0.7215,0.5901,0.6152,0.7122,True,208,158,4.6471,0,1.8824
inst-057,instruction,noop,1.0,1.0,0.0,1.0,1.0,1.0,True,207,159,4.5429,0,1.7143
inst-057,instruction,random_deletion,0.7,0.673,0.327,0.8077,0.5944,0.6845,False,207,159,4.5429,0,1.7143
inst-057,instruction,llmlingua_qwen,0.7,0.7484,0.2516,0.7709,0.626,0.6856,True,207,159,4.5429,0,1.7143
inst-057,instruction,llmlingua2,0.7,0.673,0.327,0.7931,0.6021,0.6974,True,207,159,4.5429,0,1.7143
inst-057,instruction,random_deletion,0.5,0.4654,0.5346,0.7703,0.5644,0.6622,False,207,159,4.5429,0,1.7143
inst-057,instruction,llmlingua_qwen,0.5,0.5912,0.4088,0.6799,0.5516,0.6686,False,207,159,4.5429,0,1.7143
inst-057,instruction,llmlingua2,0.5,0.4528,0.5472,0.6732,0.5377,0.6724,False,207,159,4.5429,0,1.7143
inst-057,instruction,random_deletion,0.3,0.3082,0.6918,0.5867,0.52,0.6334,False,207,159,4.5429,0,1.7143
inst-057,instruction,llmlingua_qwen,0.3,0.4528,0.5472,0.6572,0.53,0.6492,False,207,159,4.5429,0,1.7143
inst-057,instruction,llmlingua2,0.3,0.2767,0.7233,0.5636,0.5885,0.677,True,207,159,4.5429,0,1.7143
inst-058,instruction,noop,1.0,1.0,0.0,1.0,1.0,1.0,True,195,144,4.5,0,1.8125
inst-058,instruction,random_deletion,0.7,0.7014,0.2986,0.8278,0.7298,0.7486,False,195,144,4.5,0,1.8125
inst-058,instruction,llmlingua_qwen,0.7,0.7639,0.2361,0.7637,0.6184,0.6853,False,195,144,4.5,0,1.8125
inst-058,instruction,llmlingua2,0.7,0.6667,0.3333,0.7795,0.7463,0.7833,False,195,144,4.5,0,1.8125
inst-058,instruction,random_deletion,0.5,0.5208,0.4792,0.6573,0.6832,0.7031,False,195,144,4.5,0,1.8125
inst-058,instruction,llmlingua_qwen,0.5,0.6319,0.3681,0.6752,0.6452,0.6942,False,195,144,4.5,0,1.8125
inst-058,instruction,llmlingua2,0.5,0.4444,0.5556,0.7001,0.7992,0.7802,True,195,144,4.5,0,1.8125
inst-058,instruction,random_deletion,0.3,0.3611,0.6389,0.5949,0.6406,0.7158,False,195,144,4.5,0,1.8125
inst-058,instruction,llmlingua_qwen,0.3,0.5139,0.4861,0.7072,0.5994,0.6718,False,195,144,4.5,0,1.8125
inst-058,instruction,llmlingua2,0.3,0.2708,0.7292,0.5789,0.751,0.7597,True,195,144,4.5,0,1.8125
inst-059,instruction,noop,1.0,1.0,0.0,1.0,1.0,1.0,True,226,169,4.5676,0,1.8919
inst-059,instruction,random_deletion,0.7,0.7041,0.2959,0.8257,0.5405,0.6386,False,226,169,4.5676,0,1.8919
inst-059,instruction,llmlingua_qwen,0.7,0.6391,0.3609,0.6662,0.4516,0.5454,False,226,169,4.5676,0,1.8919
inst-059,instruction,llmlingua2,0.7,0.645,0.355,0.8008,0.7689,0.8161,True,226,169,4.5676,0,1.8919
inst-059,instruction,random_deletion,0.5,0.4615,0.5385,0.7242,0.5407,0.5865,False,226,169,4.5676,0,1.8919
inst-059,instruction,llmlingua_qwen,0.5,0.4556,0.5444,0.5437,0.3878,0.5128,False,226,169,4.5676,0,1.8919
inst-059,instruction,llmlingua2,0.5,0.4497,0.5503,0.7161,0.7302,0.7855,True,226,169,4.5676,0,1.8919
inst-059,instruction,random_deletion,0.3,0.2367,0.7633,0.6505,0.708,0.761,True,226,169,4.5676,0,1.8919
inst-059,instruction,llmlingua_qwen,0.3,0.2485,0.7515,0.5229,0.3873,0.4979,False,226,169,4.5676,0,1.8919
inst-059,instruction,llmlingua2,0.3,0.2604,0.7396,0.6272,0.4335,0.5322,False,226,169,4.5676,0,1.8919
inst-060,instruction,noop,1.0,1.0,0.0,1.0,1.0,1.0,True,207,157,4.6176,0,1.8235
inst-060,instruction,random_deletion,0.7,0.7134,0.2866,0.8345,0.5927,0.6757,False,207,157,4.6176,0,1.8235
inst-060,instruction,llmlingua_qwen,0.7,0.7006,0.2994,0.7265,0.6023,0.6835,False,207,157,4.6176,0,1.8235
inst-060,instruction,llmlingua2,0.7,0.6624,0.3376,0.7651,0.8065,0.8325,False,207,157,4.6176,0,1.8235
inst-060,instruction,random_deletion,0.5,0.4331,0.5669,0.7573,0.8131,0.8392,True,207,157,4.6176,0,1.8235
inst-060,instruction,llmlingua_qwen,0.5,0.535,0.465,0.6978,0.605,0.6746,False,207,157,4.6176,0,1.8235
inst-060,instruction,llmlingua2,0.5,0.465,0.535,0.7427,0.8229,0.8467,True,207,157,4.6176,0,1.8235
inst-060,instruction,random_deletion,0.3,0.2739,0.7261,0.6836,0.5531,0.6721,False,207,157,4.6176,0,1.8235
inst-060,instruction,llmlingua_qwen,0.3,0.3631,0.6369,0.6592,0.4738,0.6352,False,207,157,4.6176,0,1.8235
inst-060,instruction,llmlingua2,0.3,0.2611,0.7389,0.6286,0.7145,0.7807,True,207,157,4.6176,0,1.8235
inst-061,instruction,noop,1.0,1.0,0.0,1.0,1.0,1.0,True,220,160,4.4444,0,1.8611
inst-061,instruction,random_deletion,0.7,0.7188,0.2812,0.809,0.6941,0.7388,False,220,160,4.4444,0,1.8611
inst-061,instruction,llmlingua_qwen,0.7,0.7,0.3,0.7036,0.4513,0.5948,False,220,160,4.4444,0,1.8611
inst-061,instruction,llmlingua2,0.7,0.6812,0.3188,0.7702,0.7494,0.7873,True,220,160,4.4444,0,1.8611
inst-061,instruction,random_deletion,0.5,0.5562,0.4438,0.7452,0.6089,0.6846,False,220,160,4.4444,0,1.8611
inst-061,instruction,llmlingua_qwen,0.5,0.4812,0.5188,0.6023,0.4714,0.6292,False,220,160,4.4444,0,1.8611
inst-061,instruction,llmlingua2,0.5,0.4688,0.5312,0.709,0.709,0.7676,False,220,160,4.4444,0,1.8611
inst-061,instruction,random_deletion,0.3,0.2688,0.7312,0.5987,0.6005,0.6627,True,220,160,4.4444,0,1.8611
inst-061,instruction,llmlingua_qwen,0.3,0.275,0.725,0.5683,0.4789,0.5996,False,220,160,4.4444,0,1.8611
inst-061,instruction,llmlingua2,0.3,0.2812,0.7188,0.6104,0.7111,0.7655,True,220,160,4.4444,0,1.8611
inst-062,instruction,noop,1.0,1.0,0.0,1.0,1.0,1.0,True,200,149,4.2571,0,1.6857
inst-062,instruction,random_deletion,0.7,0.6443,0.3557,0.791,0.6591,0.7411,False,200,149,4.2571,0,1.6857
inst-062,instruction,llmlingua_qwen,0.7,0.7584,0.2416,0.7501,0.6902,0.7372,True,200,149,4.2571,0,1.6857
inst-062,instruction,llmlingua2,0.7,0.6376,0.3624,0.8282,0.6808,0.7515,True,200,149,4.2571,0,1.6857
inst-062,instruction,random_deletion,0.5,0.5168,0.4832,0.7497,0.6467,0.7372,False,200,149,4.2571,0,1.6857
inst-062,instruction,llmlingua_qwen,0.5,0.6174,0.3826,0.7127,0.5792,0.6909,False,200,149,4.2571,0,1.6857
inst-062,instruction,llmlingua2,0.5,0.4497,0.5503,0.6849,0.6771,0.7548,True,200,149,4.2571,0,1.6857
inst-062,instruction,random_deletion,0.3,0.255,0.745,0.5841,0.517,0.6616,True,200,149,4.2571,0,1.6857
inst-062,instruction,llmlingua_qwen,0.3,0.5034,0.4966,0.7352,0.6128,0.6957,False,200,149,4.2571,0,1.6857
inst-062,instruction,llmlingua2,0.3,0.2617,0.7383,0.5697,0.6629,0.7451,True,200,149,4.2571,0,1.6857
inst-063,instruction,noop,1.0,1.0,0.0,1.0,1.0,1.0,True,213,162,4.3784,0,1.7297
inst-063,instruction,random_deletion,0.7,0.6852,0.3148,0.8447,0.6061,0.6761,False,213,162,4.3784,0,1.7297
inst-063,instruction,llmlingua_qwen,0.7,0.7099,0.2901,0.723,0.6025,0.712,False,213,162,4.3784,0,1.7297
inst-063,instruction,llmlingua2,0.7,0.6667,0.3333,0.7772,0.709,0.7511,False,213,162,4.3784,0,1.7297
inst-063,instruction,random_deletion,0.5,0.5247,0.4753,0.7452,0.6407,0.7244,False,213,162,4.3784,0,1.7297
inst-063,instruction,llmlingua_qwen,0.5,0.5062,0.4938,0.6198,0.588,0.7103,False,213,162,4.3784,0,1.7297
inst-063,instruction,llmlingua2,0.5,0.4691,0.5309,0.7331,0.6707,0.7189,False,213,162,4.3784,0,1.7297
inst-063,instruction,random_deletion,0.3,0.3148,0.6852,0.6346,0.5944,0.6882,False,213,162,4.3784,0,1.7297
inst-063,instruction,llmlingua_qwen,0.3,0.3272,0.6728,0.6377,0.6231,0.6994,False,213,162,4.3784,0,1.7297
inst-063,instruction,llmlingua2,0.3,0.2593,0.7407,0.6252,0.7549,0.7799,True,213,162,4.3784,0,1.7297
inst-064,instruction,noop,1.0,1.0,0.0,1.0,1.0,1.0,True,211,158,4.6471,0,1.8824
inst-064,instruction,random_deletion,0.7,0.6835,0.3165,0.8018,0.6222,0.7141,False,211,158,4.6471,0,1.8824
inst-064,instruction,llmlingua_qwen,0.7,0.7025,0.2975,0.6935,0.5193,0.6772,False,211,158,4.6471,0,1.8824
inst-064,instruction,llmlingua2,0.7,0.6772,0.3228,0.7665,0.7222,0.7762,True,211,158,4.6471,0,1.8824
inst-064,instruction,random_deletion,0.5,0.4557,0.5443,0.6787,0.5554,0.6736,False,211,158,4.6471,0,1.8824
inst-064,instruction,llmlingua_qwen,0.5,0.4937,0.5063,0.5757,0.5441,0.6646,False,211,158,4.6471,0,1.8824
inst-064,instruction,llmlingua2,0.5,0.462,0.538,0.673,0.6836,0.7486,True,211,158,4.6471,0,1.8824
inst-064,instruction,random_deletion,0.3,0.2785,0.7215,0.5877,0.5468,0.6548,False,211,158,4.6471,0,1.8824
inst-064,instruction,llmlingua_qwen,0.3,0.2848,0.7152,0.5278,0.5377,0.6662,False,211,158,4.6471,0,1.8824
inst-064,instruction,llmlingua2,0.3,0.2658,0.7342,0.5364,0.6555,0.7232,True,211,158,4.6471,0,1.8824
inst-065,instruction,noop,1.0,1.0,0.0,1.0,1.0,1.0,True,209,156,4.4571,0,1.8286
inst-065,instruction,random_deletion,0.7,0.6859,0.3141,0.8638,0.7224,0.7437,False,209,156,4.4571,0,1.8286
inst-065,instruction,llmlingua_qwen,0.7,0.75,0.25,0.7276,0.6101,0.6801,False,209,156,4.4571,0,1.8286
inst-065,instruction,llmlingua2,0.7,0.6731,0.3269,0.8114,0.7356,0.7347,True,209,156,4.4571,0,1.8286
inst-065,instruction,random_deletion,0.5,0.5385,0.4615,0.7453,0.701,0.7535,False,209,156,4.4571,0,1.8286
inst-065,instruction,llmlingua_qwen,0.5,0.5641,0.4359,0.6219,0.5881,0.6732,False,209,156,4.4571,0,1.8286
inst-065,instruction,llmlingua2,0.5,0.4551,0.5449,0.6765,0.7324,0.733,True,209,156,4.4571,0,1.8286
inst-065,instruction,random_deletion,0.3,0.2949,0.7051,0.6013,0.638,0.6863,False,209,156,4.4571,0,1.8286
inst-065,instruction,llmlingua_qwen,0.3,0.3782,0.6218,0.6027,0.5116,0.6253,False,209,156,4.4571,0,1.8286
inst-065,instruction,llmlingua2,0.3,0.2628,0.7372,0.5821,0.6983,0.7468,True,209,156,4.4571,0,1.8286
inst-066,instruction,noop,1.0,1.0,0.0,1.0,1.0,1.0,True,208,158,4.5143,0,1.7714
inst-066,instruction,random_deletion,0.7,0.6266,0.3734,0.8611,0.6734,0.7484,False,208,158,4.5143,0,1.7714
inst-066,instruction,llmlingua_qwen,0.7,0.7215,0.2785,0.7397,0.5544,0.6747,False,208,158,4.5143,0,1.7714
inst-066,instruction,llmlingua2,0.7,0.6646,0.3354,0.7681,0.758,0.8026,True,208,158,4.5143,0,1.7714
inst-066,instruction,random_deletion,0.5,0.5253,0.4747,0.7168,0.5884,0.7047,False,208,158,4.5143,0,1.7714
inst-066,instruction,llmlingua_qwen,0.5,0.5506,0.4494,0.5583,0.4598,0.6217,False,208,158,4.5143,0,1.7714
inst-066,instruction,llmlingua2,0.5,0.4747,0.5253,0.7343,0.7106,0.7573,True,208,158,4.5143,0,1.7714
inst-066,instruction,random_deletion,0.3,0.2722,0.7278,0.6401,0.5559,0.6815,True,208,158,4.5143,0,1.7714
inst-066,instruction,llmlingua_qwen,0.3,0.3101,0.6899,0.5485,0.4217,0.6277,False,208,158,4.5143,0,1.7714
inst-066,instruction,llmlingua2,0.3,0.2785,0.7215,0.6474,0.6085,0.7049,True,208,158,4.5143,0,1.7714
inst-067,instruction,noop,1.0,1.0,0.0,1.0,1.0,1.0,True,194,143,4.3333,0,1.8182
inst-067,instruction,random_deletion,0.7,0.7203,0.2797,0.8415,0.5919,0.6871,False,194,143,4.3333,0,1.8182
inst-067,instruction,llmlingua_qwen,0.7,0.8252,0.1748,0.8352,0.6612,0.7181,False,194,143,4.3333,0,1.8182
inst-067,instruction,llmlingua2,0.7,0.6643,0.3357,0.7791,0.7565,0.8033,True,194,143,4.3333,0,1.8182
inst-067,instruction,random_deletion,0.5,0.4755,0.5245,0.6285,0.6473,0.7246,False,194,143,4.3333,0,1.8182
inst-067,instruction,llmlingua_qwen,0.5,0.7133,0.2867,0.7525,0.6113,0.6717,False,194,143,4.3333,0,1.8182
inst-067,instruction,llmlingua2,0.5,0.4685,0.5315,0.7118,0.6344,0.7167,False,194,143,4.3333,0,1.8182
inst-067,instruction,random_deletion,0.3,0.2797,0.7203,0.5836,0.5243,0.6619,True,194,143,4.3333,0,1.8182
inst-067,instruction,llmlingua_qwen,0.3,0.5734,0.4266,0.7376,0.612,0.6887,False,194,143,4.3333,0,1.8182
inst-067,instruction,llmlingua2,0.3,0.2937,0.7063,0.5991,0.6599,0.7294,True,194,143,4.3333,0,1.8182
inst-068,instruction,noop,1.0,1.0,0.0,1.0,1.0,1.0,True,224,166,4.6111,0,1.9167
inst-068,instruction,random_deletion,0.7,0.6506,0.3494,0.8543,0.6392,0.7245,False,224,166,4.6111,0,1.9167
inst-068,instruction,llmlingua_qwen,0.7,1.0,0.0,1.0,1.0,1.0,True,224,166,4.6111,0,1.9167
inst-068,instruction,llmlingua2,0.7,0.6627,0.3373,0.817,0.7615,0.7944,True,224,166,4.6111,0,1.9167
inst-068,instruction,random_deletion,0.5,0.5241,0.4759,0.7184,0.6722,0.7222,False,224,166,4.6111,0,1.9167
inst-068,instruction,llmlingua_qwen,0.5,0.9819,0.0181,0.9784,0.8375,0.8495,True,224,166,4.6111,0,1.9167
inst-068,instruction,llmlingua2,0.5,0.4458,0.5542,0.687,0.7464,0.7604,True,224,166,4.6111,0,1.9167
inst-068,instruction,random_deletion,0.3,0.3133,0.6867,0.5775,0.5531,0.6494,False,224,166,4.6111,0,1.9167
inst-068,instruction,llmlingua_qwen,0.3,0.9819,0.0181,0.9784,0.8375,0.8495,True,224,166,4.6111,0,1.9167
inst-068,instruction,llmlingua2,0.3,0.2831,0.7169,0.5719,0.6325,0.6971,True,224,166,4.6111,0,1.9167
inst-069,instruction,noop,1.0,1.0,0.0,1.0,1.0,1.0,True,220,167,4.6389,0,1.8333
inst-069,instruction,random_deletion,0.7,0.7186,0.2814,0.8498,0.714,0.7908,False,220,167,4.6389,0,1.8333
inst-069,instruction,llmlingua_qwen,0.7,1.0,0.0,1.0,1.0,1.0,True,220,167,4.6389,0,1.8333
inst-069,instruction,llmlingua2,0.7,0.6647,0.3353,0.7813,0.7219,0.7986,False,220,167,4.6389,0,1.8333
inst-069,instruction,random_deletion,0.5,0.509,0.491,0.7289,0.6642,0.7522,False,220,167,4.6389,0,1.8333
inst-069,instruction,llmlingua_qwen,0.5,1.0,0.0,1.0,1.0,1.0,True,220,167,4.6389,0,1.8333
inst-069,instruction,llmlingua2,0.5,0.4491,0.5509,0.7552,0.7319,0.7914,True,220,167,4.6389,0,1.8333
inst-069,instruction,random_deletion,0.3,0.3413,0.6587,0.6712,0.597,0.7205,True,220,167,4.6389,0,1.8333
inst-069,instruction,llmlingua_qwen,0.3,0.976,0.024,0.9753,0.8144,0.8454,True,220,167,4.6389,0,1.8333
inst-069,instruction,llmlingua2,0.3,0.2635,0.7365,0.6386,0.5868,0.7232,True,220,167,4.6389,0,1.8333
inst-070,instruction,noop,1.0,1.0,0.0,1.0,1.0,1.0,True,208,159,4.4167,0,1.8333
inst-070,instruction,random_deletion,0.7,0.6855,0.3145,0.8361,0.7851,0.8078,False,208,159,4.4167,0,1.8333
inst-070,instruction,llmlingua_qwen,0.7,0.7547,0.2453,0.7299,0.4241,0.6269,False,208,159,4.4167,0,1.8333
inst-070,instruction,llmlingua2,0.7,0.6667,0.3333,0.7709,0.7464,0.7841,False,208,159,4.4167,0,1.8333
inst-070,instruction,random_deletion,0.5,0.5346,0.4654,0.7739,0.6012,0.6749,False,208,159,4.4167,0,1.8333
inst-070,instruction,llmlingua_qwen,0.5,0.6101,0.3899,0.6338,0.5573,0.6662,False,208,159,4.4167,0,1.8333
inst-070,instruction,llmlingua2,0.5,0.4528,0.5472,0.6681,0.8445,0.8569,True,208,159,4.4167,0,1.8333
inst-070,instruction,random_deletion,0.3,0.3145,0.6855,0.6519,0.5683,0.6874,False,208,159,4.4167,0,1.8333
inst-070,instruction,llmlingua_qwen,0.3,0.4214,0.5786,0.6214,0.5453,0.6562,False,208,159,4.4167,0,1.8333
inst-070,instruction,llmlingua2,0.3,0.2893,0.7107,0.5507,0.6468,0.7048,True,208,159,4.4167,0,1.8333
inst-071,instruction,noop,1.0,1.0,0.0,1.0,1.0,1.0,True,217,164,4.4324,0,1.8108
inst-071,instruction,random_deletion,0.7,0.6524,0.3476,0.8297,0.5899,0.6875,False,217,164,4.4324,0,1.8108
inst-071,instruction,llmlingua_qwen,0.7,0.6951,0.3049,0.7129,0.5864,0.6681,False,217,164,4.4324,0,1.8108
inst-071,instruction,llmlingua2,0.7,0.6524,0.3476,0.8003,0.5828,0.6996,False,217,164,4.4324,0,1.8108
inst-071,instruction,random_deletion,0.5,0.5488,0.4512,0.7223,0.6231,0.7032,False,217,164,4.4324,0,1.8108
inst-071,instruction,llmlingua_qwen,0.5,0.4878,0.5122,0.5293,0.5571,0.6417,False,217,164,4.4324,0,1.8108
inst-071,instruction,llmlingua2,0.5,0.4756,0.5244,0.7206,0.5927,0.6972,False,217,164,4.4324,0,1.8108
inst-071,instruction,random_deletion,0.3,0.2317,0.7683,0.5836,0.5263,0.6538,True,217,164,4.4324,0,1.8108
inst-071,instruction,llmlingua_qwen,0.3,0.2683,0.7317,0.5083,0.5325,0.659,True,217,164,4.4324,0,1.8108
inst-071,instruction,llmlingua2,0.3,0.2805,0.7195,0.6002,0.6735,0.7342,True,217,164,4.4324,0,1.8108
inst-072,instruction,noop,1.0,1.0,0.0,1.0,1.0,1.0,True,220,165,4.4595,0,1.7838
inst-072,instruction,random_deletion,0.7,0.697,0.303,0.832,0.6112,0.7091,False,220,165,4.4595,0,1.7838
inst-072,instruction,llmlingua_qwen,0.7,1.0,0.0,1.0,1.0,1.0,True,220,165,4.4595,0,1.7838
inst-072,instruction,llmlingua2,0.7,0.6424,0.3576,0.7841,0.6493,0.7348,False,220,165,4.4595,0,1.7838
inst-072,instruction,random_deletion,0.5,0.4727,0.5273,0.7599,0.533,0.6764,False,220,165,4.4595,0,1.7838
inst-072,instruction,llmlingua_qwen,0.5,1.0,0.0,1.0,1.0,1.0,True,220,165,4.4595,0,1.7838
inst-072,instruction,llmlingua2,0.5,0.4545,0.5455,0.711,0.6735,0.749,True,220,165,4.4595,0,1.7838
inst-072,instruction,random_deletion,0.3,0.297,0.703,0.6253,0.4816,0.6554,False,220,165,4.4595,0,1.7838
inst-072,instruction,llmlingua_qwen,0.3,1.0,0.0,1.0,1.0,1.0,True,220,165,4.4595,0,1.7838
inst-072,instruction,llmlingua2,0.3,0.2727,0.7273,0.6131,0.5156,0.6741,True,220,165,4.4595,0,1.7838
inst-073,instruction,noop,1.0,1.0,0.0,1.0,1.0,1.0,True,204,150,4.4118,0,1.7647
inst-073,instruction,random_deletion,0.7,0.72,0.28,0.8277,0.6518,0.6947,False,204,150,4.4118,0,1.7647
inst-073,instruction,llmlingua_qwen,0.7,0.78,0.22,0.7553,0.5842,0.6791,False,204,150,4.4118,0,1.7647
inst-073,instruction,llmlingua2,0.7,0.6733,0.3267,0.8043,0.8251,0.821,True,204,150,4.4118,0,1.7647
inst-073,instruction,random_deletion,0.5,0.4933,0.5067,0.7454,0.68,0.7517,False,204,150,4.4118,0,1.7647
inst-073,instruction,llmlingua_qwen,0.5,0.6667,0.3333,0.7427,0.5699,0.6532,False,204,150,4.4118,0,1.7647
inst-073,instruction,llmlingua2,0.5,0.46,0.54,0.6719,0.8208,0.8324,True,204,150,4.4118,0,1.7647
inst-073,instruction,random_deletion,0.3,0.26,0.74,0.5599,0.5054,0.6436,False,204,150,4.4118,0,1.7647
inst-073,instruction,llmlingua_qwen,0.3,0.5533,0.4467,0.7108,0.6021,0.6727,False,204,150,4.4118,0,1.7647
inst-073,instruction,llmlingua2,0.3,0.2533,0.7467,0.5948,0.7062,0.7741,True,204,150,4.4118,0,1.7647
inst-074,instruction,noop,1.0,1.0,0.0,1.0,1.0,1.0,True,199,146,4.1714,0,1.7143
inst-074,instruction,random_deletion,0.7,0.7055,0.2945,0.7635,0.6906,0.7388,False,199,146,4.1714,0,1.7143
inst-074,instruction,llmlingua_qwen,0.7,0.8356,0.1644,0.8378,0.7151,0.7776,False,199,146,4.1714,0,1.7143
inst-074,instruction,llmlingua2,0.7,0.6575,0.3425,0.8125,0.74,0.8047,True,199,146,4.1714,0,1.7143
inst-074,instruction,random_deletion,0.5,0.6096,0.3904,0.7446,0.6403,0.7305,True,199,146,4.1714,0,1.7143
inst-074,instruction,llmlingua_qwen,0.5,0.6712,0.3288,0.788,0.497,0.6309,False,199,146,4.1714,0,1.7143
inst-074,instruction,llmlingua2,0.5,0.4521,0.5479,0.7069,0.6264,0.7154,True,199,146,4.1714,0,1.7143
inst-074,instruction,random_deletion,0.3,0.2877,0.7123,0.6278,0.5842,0.6703,False,199,146,4.1714,0,1.7143
inst-074,instruction,llmlingua_qwen,0.3,0.5548,0.4452,0.7593,0.5457,0.6632,False,199,146,4.1714,0,1.7143
inst-074,instruction,llmlingua2,0.3,0.274,0.726,0.6067,0.595,0.7078,True,199,146,4.1714,0,1.7143
inst-075,instruction,noop,1.0,1.0,0.0,1.0,1.0,1.0,True,219,166,4.6111,0,1.8056
inst-075,instruction,random_deletion,0.7,0.6627,0.3373,0.8575,0.5712,0.6869,False,219,166,4.6111,0,1.8056
inst-075,instruction,llmlingua_qwen,0.7,0.7169,0.2831,0.72,0.5523,0.6681,False,219,166,4.6111,0,1.8056
inst-075,instruction,llmlingua2,0.7,0.6807,0.3193,0.8433,0.7713,0.8092,True,219,166,4.6111,0,1.8056
inst-075,instruction,random_deletion,0.5,0.4819,0.5181,0.6887,0.6716,0.7404,False,219,166,4.6111,0,1.8056
inst-075,instruction,llmlingua_qwen,0.5,0.5422,0.4578,0.6432,0.4903,0.642,False,219,166,4.6111,0,1.8056
inst-075,instruction,llmlingua2,0.5,0.4759,0.5241,0.7093,0.7453,0.7617,True,219,166,4.6111,0,1.8056
inst-075,instruction,random_deletion,0.3,0.3012,0.6988,0.6568,0.6061,0.6907,False,219,166,4.6111,0,1.8056
inst-075,instruction,llmlingua_qwen,0.3,0.2892,0.7108,0.5301,0.5334,0.6722,False,219,166,4.6111,0,1.8056
inst-075,instruction,llmlingua2,0.3,0.2771,0.7229,0.5878,0.6458,0.7397,True,219,166,4.6111,0,1.8056
inst-076,instruction,noop,1.0,1.0,0.0,1.0,1.0,1.0,True,206,157,4.3611,0,1.6389
inst-076,instruction,random_deletion,0.7,0.7134,0.2866,0.8223,0.7041,0.7315,True,206,157,4.3611,0,1.6389
inst-076,instruction,llmlingua_qwen,0.7,0.7389,0.2611,0.787,0.6569,0.7084,False,206,157,4.3611,0,1.6389
inst-076,instruction,llmlingua2,0.7,0.6815,0.3185,0.7989,0.6799,0.7408,False,206,157,4.3611,0,1.6389
inst-076,instruction,random_deletion,0.5,0.4586,0.5414,0.7282,0.5962,0.7015,False,206,157,4.3611,0,1.6389
inst-076,instruction,llmlingua_qwen,0.5,0.5732,0.4268,0.734,0.5394,0.6717,False,206,157,4.3611,0,1.6389
inst-076,instruction,llmlingua2,0.5,0.4713,0.5287,0.734,0.6809,0.7466,True,206,157,4.3611,0,1.6389
inst-076,instruction,random_deletion,0.3,0.2611,0.7389,0.5841,0.5336,0.6635,False,206,157,4.3611,0,1.6389
inst-076,instruction,llmlingua_qwen,0.3,0.4586,0.5414,0.7259,0.6241,0.6884,False,206,157,4.3611,0,1.6389
inst-076,instruction,llmlingua2,0.3,0.2548,0.7452,0.5961,0.6344,0.6952,True,206,157,4.3611,0,1.6389
inst-077,instruction,noop,1.0,1.0,0.0,1.0,1.0,1.0,True,218,162,4.5,0,1.75
inst-077,instruction,random_deletion,0.7,0.716,0.284,0.7966,0.6528,0.6912,False,218,162,4.5,0,1.75
inst-077,instruction,llmlingua_qwen,0.7,0.7469,0.2531,0.7336,0.6002,0.6681,False,218,162,4.5,0,1.75
inst-077,instruction,llmlingua2,0.7,0.6667,0.3333,0.8112,0.7084,0.718,True,218,162,4.5,0,1.75
inst-077,instruction,random_deletion,0.5,0.4691,0.5309,0.7043,0.6543,0.6862,False,218,162,4.5,0,1.75
inst-077,instruction,llmlingua_qwen,0.5,0.5802,0.4198,0.6496,0.5418,0.6605,False,218,162,4.5,0,1.75
inst-077,instruction,llmlingua2,0.5,0.463,0.537,0.7374,0.6411,0.6854,False,218,162,4.5,0,1.75
inst-077,instruction,random_deletion,0.3,0.3395,0.6605,0.6828,0.5866,0.661,False,218,162,4.5,0,1.75
inst-077,instruction,llmlingua_qwen,0.3,0.3642,0.6358,0.6325,0.4944,0.6477,False,218,162,4.5,0,1.75
inst-077,instruction,llmlingua2,0.3,0.284,0.716,0.5944,0.6745,0.6987,True,218,162,4.5,0,1.75
inst-078,instruction,noop,1.0,1.0,0.0,1.0,1.0,1.0,True,215,164,4.5556,0,1.75
inst-078,instruction,random_deletion,0.7,0.7195,0.2805,0.8357,0.6908,0.7541,True,215,164,4.5556,0,1.75
inst-078,instruction,llmlingua_qwen,0.7,0.689,0.311,0.672,0.6375,0.7006,False,215,164,4.5556,0,1.75
inst-078,instruction,llmlingua2,0.7,0.6646,0.3354,0.8015,0.6471,0.7248,True,215,164,4.5556,0,1.75
inst-078,instruction,random_deletion,0.5,0.5244,0.4756,0.7472,0.5508,0.6882,False,215,164,4.5556,0,1.75
inst-078,instruction,llmlingua_qwen,0.5,0.5183,0.4817,0.6182,0.5881,0.6895,False,215,164,4.5556,0,1.75
inst-078,instruction,llmlingua2,0.5,0.4512,0.5488,0.7436,0.5913,0.698,False,215,164,4.5556,0,1.75
inst-078,instruction,random_deletion,0.3,0.2805,0.7195,0.6139,0.6067,0.7034,True,215,164,4.5556,0,1.75
inst-078,instruction,llmlingua_qwen,0.3,0.3049,0.6951,0.5524,0.4509,0.6397,False,215,164,4.5556,0,1.75
inst-078,instruction,llmlingua2,0.3,0.2744,0.7256,0.6367,0.5459,0.6731,True,215,164,4.5556,0,1.75
inst-079,instruction,noop,1.0,1.0,0.0,1.0,1.0,1.0,True,193,144,4.3636,0,1.7576
inst-079,instruction,random_deletion,0.7,0.6806,0.3194,0.829,0.6669,0.7387,True,193,144,4.3636,0,1.7576
inst-079,instruction,llmlingua_qwen,0.7,0.7639,0.2361,0.74,0.567,0.6625,False,193,144,4.3636,0,1.7576
inst-079,instruction,llmlingua2,0.7,0.6875,0.3125,0.8078,0.7073,0.7671,True,193,144,4.3636,0,1.7576
inst-079,instruction,random_deletion,0.5,0.5069,0.4931,0.7685,0.5069,0.6565,False,193,144,4.3636,0,1.7576
inst-079,instruction,llmlingua_qwen,0.5,0.6458,0.3542,0.6795,0.5783,0.6673,False,193,144,4.3636,0,1.7576
inst-079,instruction,llmlingua2,0.5,0.4444,0.5556,0.6975,0.5509,0.6577,False,193,144,4.3636,0,1.7576
inst-079,instruction,random_deletion,0.3,0.2708,0.7292,0.6721,0.5229,0.6527,False,193,144,4.3636,0,1.7576
inst-079,instruction,llmlingua_qwen,0.3,0.5,0.5,0.6332,0.5188,0.6529,False,193,144,4.3636,0,1.7576
inst-079,instruction,llmlingua2,0.3,0.2708,0.7292,0.5937,0.6204,0.6755,True,193,144,4.3636,0,1.7576
inst-080,instruction,noop,1.0,1.0,0.0,1.0,1.0,1.0,True,215,159,4.4167,0,1.8056
inst-080,instruction,random_deletion,0.7,0.6604,0.3396,0.8336,0.7196,0.7961,False,215,159,4.4167,0,1.8056
inst-080,instruction,llmlingua_qwen,0.7,0.7107,0.2893,0.7298,0.6168,0.7327,False,215,159,4.4167,0,1.8056
inst-080,instruction,llmlingua2,0.7,0.6415,0.3585,0.8117,0.7501,0.8124,True,215,159,4.4167,0,1.8056
inst-080,instruction,random_deletion,0.5,0.4843,0.5157,0.7612,0.6346,0.7419,False,215,159,4.4167,0,1.8056
inst-080,instruction,llmlingua_qwen,0.5,0.522,0.478,0.6528,0.5499,0.6943,False,215,159,4.4167,0,1.8056
inst-080,instruction,llmlingua2,0.5,0.4717,0.5283,0.7059,0.728,0.8002,True,215,159,4.4167,0,1.8056
inst-080,instruction,random_deletion,0.3,0.2579,0.7421,0.535,0.4671,0.6306,True,215,159,4.4167,0,1.8056
inst-080,instruction,llmlingua_qwen,0.3,0.3585,0.6415,0.6581,0.4403,0.6308,False,215,159,4.4167,0,1.8056
inst-080,instruction,llmlingua2,0.3,0.2704,0.7296,0.5952,0.642,0.7494,True,215,159,4.4167,0,1.8056
inst-081,instruction,noop,1.0,1.0,0.0,1.0,1.0,1.0,True,242,183,4.575,0,1.8
inst-081,instruction,random_deletion,0.7,0.7049,0.2951,0.8333,0.7119,0.7363,False,242,183,4.575,0,1.8
inst-081,instruction,llmlingua_qwen,0.7,0.6721,0.3279,0.6635,0.6899,0.7423,False,242,183,4.575,0,1.8
inst-081,instruction,llmlingua2,0.7,0.6831,0.3169,0.7963,0.8609,0.8155,True,242,183,4.575,0,1.8
inst-081,instruction,random_deletion,0.5,0.5137,0.4863,0.7477,0.4792,0.615,False,242,183,4.575,0,1.8
inst-081,instruction,llmlingua_qwen,0.5,0.5137,0.4863,0.6137,0.5742,0.6747,False,242,183,4.575,0,1.8
inst-081,instruction,llmlingua2,0.5,0.4645,0.5355,0.7094,0.5918,0.6598,False,242,183,4.575,0,1.8
inst-081,instruction,random_deletion,0.3,0.2568,0.7432,0.6491,0.57,0.6524,True,242,183,4.575,0,1.8
inst-081,instruction,llmlingua_qwen,0.3,0.3224,0.6776,0.5447,0.5717,0.6277,False,242,183,4.575,0,1.8
inst-081,instruction,llmlingua2,0.3,0.2787,0.7213,0.6363,0.7753,0.824,True,242,183,4.575,0,1.8
inst-082,instruction,noop,1.0,1.0,0.0,1.0,1.0,1.0,True,226,167,4.6389,0,1.8889
inst-082,instruction,random_deletion,0.7,0.6287,0.3713,0.8307,0.6342,0.7045,False,226,167,4.6389,0,1.8889
inst-082,instruction,llmlingua_qwen,0.7,0.6647,0.3353,0.6712,0.4301,0.5959,False,226,167,4.6389,0,1.8889
inst-082,instruction,llmlingua2,0.7,0.6766,0.3234,0.8159,0.7777,0.7835,True,226,167,4.6389,0,1.8889
inst-082,instruction,random_deletion,0.5,0.479,0.521,0.6857,0.6546,0.7291,False,226,167,4.6389,0,1.8889
inst-082,instruction,llmlingua_qwen,0.5,0.479,0.521,0.5368,0.5296,0.651,False,226,167,4.6389,0,1.8889
inst-082,instruction,llmlingua2,0.5,0.479,0.521,0.6924,0.737,0.7714,True,226,167,4.6389,0,1.8889
inst-082,instruction,random_deletion,0.3,0.3533,0.6467,0.6081,0.5674,0.6623,False,226,167,4.6389,0,1.8889
inst-082,instruction,llmlingua_qwen,0.3,0.2934,0.7066,0.5288,0.463,0.622,False,226,167,4.6389,0,1.8889
inst-082,instruction,llmlingua2,0.3,0.2754,0.7246,0.5857,0.6819,0.7246,True,226,167,4.6389,0,1.8889
inst-083,instruction,noop,1.0,1.0,0.0,1.0,1.0,1.0,True,216,166,4.6111,0,1.9167
inst-083,instruction,random_deletion,0.7,0.6747,0.3253,0.776,0.5191,0.6327,False,216,166,4.6111,0,1.9167
inst-083,instruction,llmlingua_qwen,0.7,0.7108,0.2892,0.7381,0.6464,0.7474,False,216,166,4.6111,0,1.9167
inst-083,instruction,llmlingua2,0.7,0.6506,0.3494,0.8191,0.7392,0.8009,True,216,166,4.6111,0,1.9167
inst-083,instruction,random_deletion,0.5,0.5482,0.4518,0.7346,0.6601,0.7513,False,216,166,4.6111,0,1.9167
inst-083,instruction,llmlingua_qwen,0.5,0.5241,0.4759,0.6568,0.6822,0.7781,False,216,166,4.6111,0,1.9167
inst-083,instruction,llmlingua2,0.5,0.4578,0.5422,0.7419,0.6651,0.7466,False,216,166,4.6111,0,1.9167
inst-083,instruction,random_deletion,0.3,0.3012,0.6988,0.6011,0.7069,0.7831,False,216,166,4.6111,0,1.9167
inst-083,instruction,llmlingua_qwen,0.3,0.3313,0.6687,0.6395,0.4385,0.6227,False,216,166,4.6111,0,1.9167
inst-083,instruction,llmlingua2,0.3,0.2711,0.7289,0.6183,0.7248,0.7994,True,216,166,4.6111,0,1.9167
inst-084,instruction,noop,1.0,1.0,0.0,1.0,1.0,1.0,True,221,167,4.6389,0,1.8056
inst-084,instruction,random_deletion,0.7,0.7186,0.2814,0.8216,0.6549,0.7333,False,221,167,4.6389,0,1.8056
inst-084,instruction,llmlingua_qwen,0.7,0.6886,0.3114,0.7426,0.6094,0.6925,False,221,167,4.6389,0,1.8056
inst-084,instruction,llmlingua2,0.7,0.6766,0.3234,0.8003,0.6178,0.712,False,221,167,4.6389,0,1.8056
inst-084,instruction,random_deletion,0.5,0.5389,0.4611,0.7169,0.6503,0.6917,False,221,167,4.6389,0,1.8056
inst-084,instruction,llmlingua_qwen,0.5,0.503,0.497,0.6247,0.5505,0.6633,False,221,167,4.6389,0,1.8056
inst-084,instruction,llmlingua2,0.5,0.4671,0.5329,0.7055,0.662,0.7512,True,221,167,4.6389,0,1.8056
inst-084,instruction,random_deletion,0.3,0.2934,0.7066,0.6287,0.5656,0.6689,False,221,167,4.6389,0,1.8056
inst-084,instruction,llmlingua_qwen,0.3,0.2635,0.7365,0.5669,0.4641,0.6166,True,221,167,4.6389,0,1.8056
inst-084,instruction,llmlingua2,0.3,0.2754,0.7246,0.6415,0.5897,0.6916,True,221,167,4.6389,0,1.8056
inst-085,instruction,noop,1.0,1.0,0.0,1.0,1.0,1.0,True,198,149,4.3824,0,1.7941
inst-085,instruction,random_deletion,0.7,0.698,0.302,0.8269,0.7919,0.7832,False,198,149,4.3824,0,1.7941
inst-085,instruction,llmlingua_qwen,0.7,0.7248,0.2752,0.6682,0.6139,0.7346,False,198,149,4.3824,0,1.7941
inst-085,instruction,llmlingua2,0.7,0.6443,0.3557,0.7824,0.8687,0.8199,True,198,149,4.3824,0,1.7941
inst-085,instruction,random_deletion,0.5,0.4832,0.5168,0.6797,0.6734,0.7564,False,198,149,4.3824,0,1.7941
inst-085,instruction,llmlingua_qwen,0.5,0.5705,0.4295,0.6546,0.512,0.6348,False,198,149,4.3824,0,1.7941
inst-085,instruction,llmlingua2,0.5,0.4564,0.5436,0.6232,0.8148,0.7922,True,198,149,4.3824,0,1.7941
inst-085,instruction,random_deletion,0.3,0.3154,0.6846,0.6774,0.5926,0.6931,False,198,149,4.3824,0,1.7941
inst-085,instruction,llmlingua_qwen,0.3,0.4362,0.5638,0.6326,0.4367,0.6287,False,198,149,4.3824,0,1.7941
inst-085,instruction,llmlingua2,0.3,0.2819,0.7181,0.5656,0.7897,0.7656,True,198,149,4.3824,0,1.7941
inst-086,instruction,noop,1.0,1.0,0.0,1.0,1.0,1.0,True,211,156,4.4571,0,1.8857
inst-086,instruction,random_deletion,0.7,0.6667,0.3333,0.8125,0.6698,0.7343,False,211,156,4.4571,0,1.8857
inst-086,instruction,llmlingua_qwen,0.7,0.7179,0.2821,0.7154,0.5923,0.6655,False,211,156,4.4571,0,1.8857
inst-086,instruction,llmlingua2,0.7,0.6667,0.3333,0.8311,0.6886,0.733,False,211,156,4.4571,0,1.8857
inst-086,instruction,random_deletion,0.5,0.5064,0.4936,0.7087,0.4532,0.6094,False,211,156,4.4571,0,1.8857
inst-086,instruction,llmlingua_qwen,0.5,0.5064,0.4936,0.6218,0.5558,0.6573,False,211,156,4.4571,0,1.8857
inst-086,instruction,llmlingua2,0.5,0.4487,0.5513,0.7131,0.7049,0.7367,True,211,156,4.4571,0,1.8857
inst-086,instruction,random_deletion,0.3,0.3077,0.6923,0.6448,0.5872,0.665,False,211,156,4.4571,0,1.8857
inst-086,instruction,llmlingua_qwen,0.3,0.3397,0.6603,0.5717,0.5806,0.6715,False,211,156,4.4571,0,1.8857
inst-086,instruction,llmlingua2,0.3,0.2756,0.7244,0.6045,0.6556,0.7393,True,211,156,4.4571,0,1.8857
inst-087,instruction,noop,1.0,1.0,0.0,1.0,1.0,1.0,True,221,164,4.5556,0,1.7222
inst-087,instruction,random_deletion,0.7,0.6951,0.3049,0.7716,0.6382,0.7036,False,221,164,4.5556,0,1.7222
inst-087,instruction,llmlingua_qwen,0.7,0.7073,0.2927,0.6977,0.6057,0.6878,False,221,164,4.5556,0,1.7222
inst-087,instruction,llmlingua2,0.7,0.6707,0.3293,0.7901,0.5824,0.6669,False,221,164,4.5556,0,1.7222
inst-087,instruction,random_deletion,0.5,0.5427,0.4573,0.7051,0.5897,0.6753,False,221,164,4.5556,0,1.7222
inst-087,instruction,llmlingua_qwen,0.5,0.5427,0.4573,0.6095,0.5843,0.6756,False,221,164,4.5556,0,1.7222
inst-087,instruction,llmlingua2,0.5,0.4512,0.5488,0.6999,0.6522,0.7101,True,221,164,4.5556,0,1.7222
inst-087,instruction,random_deletion,0.3,0.2988,0.7012,0.6376,0.5733,0.6578,False,221,164,4.5556,0,1.7222
inst-087,instruction,llmlingua_qwen,0.3,0.3293,0.6707,0.582,0.4814,0.627,False,221,164,4.5556,0,1.7222
inst-087,instruction,llmlingua2,0.3,0.2805,0.7195,0.6159,0.5767,0.6912,True,221,164,4.5556,0,1.7222
inst-088,instruction,noop,1.0,1.0,0.0,1.0,1.0,1.0,True,200,152,4.4706,0,1.7647
inst-088,instruction,random_deletion,0.7,0.7171,0.2829,0.8392,0.5769,0.6871,False,200,152,4.4706,0,1.7647
inst-088,instruction,llmlingua_qwen,0.7,0.7434,0.2566,0.7206,0.5546,0.6526,False,200,152,4.4706,0,1.7647
inst-088,instruction,llmlingua2,0.7,0.6842,0.3158,0.8165,0.7357,0.7779,True,200,152,4.4706,0,1.7647
inst-088,instruction,random_deletion,0.5,0.4803,0.5197,0.727,0.5866,0.6902,False,200,152,4.4706,0,1.7647
inst-088,instruction,llmlingua_qwen,0.5,0.5592,0.4408,0.644,0.5224,0.6249,False,200,152,4.4706,0,1.7647
inst-088,instruction,llmlingua2,0.5,0.4539,0.5461,0.6885,0.705,0.7579,True,200,152,4.4706,0,1.7647
inst-088,instruction,random_deletion,0.3,0.2566,0.7434,0.6228,0.4737,0.6308,True,200,152,4.4706,0,1.7647
inst-088,instruction,llmlingua_qwen,0.3,0.4145,0.5855,0.6193,0.5329,0.6437,False,200,152,4.4706,0,1.7647
inst-088,instruction,llmlingua2,0.3,0.2763,0.7237,0.5643,0.6462,0.7286,True,200,152,4.4706,0,1.7647
inst-089,instruction,noop,1.0,1.0,0.0,1.0,1.0,1.0,True,210,161,4.7353,0,1.8235
inst-089,instruction,random_deletion,0.7,0.6957,0.3043,0.8274,0.6457,0.7012,False,210,161,4.7353,0,1.8235
inst-089,instruction,llmlingua_qwen,0.7,0.7267,0.2733,0.7581,0.6097,0.6833,False,210,161,4.7353,0,1.8235
inst-089,instruction,llmlingua2,0.7,0.6584,0.3416,0.8191,0.7693,0.8156,True,210,161,4.7353,0,1.8235
inst-089,instruction,random_deletion,0.5,0.4472,0.5528,0.7782,0.6111,0.7047,False,210,161,4.7353,0,1.8235
inst-089,instruction,llmlingua_qwen,0.5,0.5342,0.4658,0.656,0.6009,0.6836,False,210,161,4.7353,0,1.8235
inst-089,instruction,llmlingua2,0.5,0.4658,0.5342,0.728,0.7587,0.8114,True,210,161,4.7353,0,1.8235
inst-089,instruction,random_deletion,0.3,0.2981,0.7019,0.5808,0.5071,0.6552,False,210,161,4.7353,0,1.8235
inst-089,instruction,llmlingua_qwen,0.3,0.3602,0.6398,0.6564,0.5869,0.6797,False,210,161,4.7353,0,1.8235
inst-089,instruction,llmlingua2,0.3,0.2795,0.7205,0.6385,0.739,0.7839,True,210,161,4.7353,0,1.8235
inst-090,instruction,noop,1.0,1.0,0.0,1.0,1.0,1.0,True,221,172,4.7778,0,1.75
inst-090,instruction,random_deletion,0.7,0.6919,0.3081,0.8298,0.6988,0.778,False,221,172,4.7778,0,1.75
inst-090,instruction,llmlingua_qwen,0.7,0.6628,0.3372,0.6483,0.5248,0.6555,False,221,172,4.7778,0,1.75
inst-090,instruction,llmlingua2,0.7,0.6628,0.3372,0.7929,0.7233,0.7909,False,221,172,4.7778,0,1.75
inst-090,instruction,random_deletion,0.5,0.4593,0.5407,0.6801,0.6432,0.6902,False,221,172,4.7778,0,1.75
inst-090,instruction,llmlingua_qwen,0.5,0.4942,0.5058,0.5843,0.5542,0.6903,False,221,172,4.7778,0,1.75
inst-090,instruction,llmlingua2,0.5,0.4535,0.5465,0.7237,0.7383,0.807,True,221,172,4.7778,0,1.75
inst-090,instruction,random_deletion,0.3,0.314,0.686,0.693,0.6456,0.7306,False,221,172,4.7778,0,1.75
inst-090,instruction,llmlingua_qwen,0.3,0.2965,0.7035,0.5145,0.4532,0.6092,False,221,172,4.7778,0,1.75
inst-090,instruction,llmlingua2,0.3,0.2791,0.7209,0.6201,0.7086,0.7274,True,221,172,4.7778,0,1.75
inst-091,instruction,noop,1.0,1.0,0.0,1.0,1.0,1.0,True,200,151,4.4412,0,1.7941
inst-091,instruction,random_deletion,0.7,0.6821,0.3179,0.8651,0.6333,0.7411,False,200,151,4.4412,0,1.7941
inst-091,instruction,llmlingua_qwen,0.7,0.7947,0.2053,0.7444,0.6355,0.73,False,200,151,4.4412,0,1.7941
inst-091,instruction,llmlingua2,0.7,0.6424,0.3576,0.8089,0.6084,0.6825,False,200,151,4.4412,0,1.7941
inst-091,instruction,random_deletion,0.5,0.5033,0.4967,0.601,0.5717,0.6452,False,200,151,4.4412,0,1.7941
inst-091,instruction,llmlingua_qwen,0.5,0.6689,0.3311,0.7041,0.6162,0.7185,False,200,151,4.4412,0,1.7941
inst-091,instruction,llmlingua2,0.5,0.457,0.543,0.7139,0.8591,0.8813,True,200,151,4.4412,0,1.7941
inst-091,instruction,random_deletion,0.3,0.3046,0.6954,0.7018,0.5458,0.6425,False,200,151,4.4412,0,1.7941
inst-091,instruction,llmlingua_qwen,0.3,0.5298,0.4702,0.6795,0.5401,0.6689,False,200,151,4.4412,0,1.7941
inst-091,instruction,llmlingua2,0.3,0.245,0.755,0.5814,0.6179,0.7109,True,200,151,4.4412,0,1.7941
inst-092,instruction,noop,1.0,1.0,0.0,1.0,1.0,1.0,True,235,174,4.7027,0,1.9189
inst-092,instruction,random_deletion,0.7,0.7184,0.2816,0.8178,0.8064,0.8523,False,235,174,4.7027,0,1.9189
inst-092,instruction,llmlingua_qwen,0.7,1.0,0.0,1.0,1.0,1.0,True,235,174,4.7027,0,1.9189
inst-092,instruction,llmlingua2,0.7,0.6552,0.3448,0.8325,0.8245,0.8645,True,235,174,4.7027,0,1.9189
inst-092,instruction,random_deletion,0.5,0.4598,0.5402,0.6835,0.6987,0.7805,True,235,174,4.7027,0,1.9189
inst-092,instruction,llmlingua_qwen,0.5,1.0,0.0,1.0,1.0,1.0,True,235,174,4.7027,0,1.9189
inst-092,instruction,llmlingua2,0.5,0.4713,0.5287,0.7112,0.6476,0.7411,False,235,174,4.7027,0,1.9189
inst-092,instruction,random_deletion,0.3,0.2874,0.7126,0.6683,0.5908,0.6963,False,235,174,4.7027,0,1.9189
inst-092,instruction,llmlingua_qwen,0.3,0.9885,0.0115,0.9882,0.8603,0.8802,True,235,174,4.7027,0,1.9189
inst-092,instruction,llmlingua2,0.3,0.2701,0.7299,0.5702,0.5983,0.7093,True,235,174,4.7027,0,1.9189
inst-093,instruction,noop,1.0,1.0,0.0,1.0,1.0,1.0,True,220,164,4.6857,0,1.8286
inst-093,instruction,random_deletion,0.7,0.6402,0.3598,0.7866,0.6727,0.7224,False,220,164,4.6857,0,1.8286
inst-093,instruction,llmlingua_qwen,0.7,0.7012,0.2988,0.7119,0.6964,0.7928,False,220,164,4.6857,0,1.8286
inst-093,instruction,llmlingua2,0.7,0.6646,0.3354,0.7889,0.8595,0.8743,True,220,164,4.6857,0,1.8286
inst-093,instruction,random_deletion,0.5,0.5427,0.4573,0.6995,0.7169,0.7279,True,220,164,4.6857,0,1.8286
inst-093,instruction,llmlingua_qwen,0.5,0.5122,0.4878,0.6269,0.6705,0.7748,True,220,164,4.6857,0,1.8286
inst-093,instruction,llmlingua2,0.5,0.4451,0.5549,0.7105,0.6353,0.7038,False,220,164,4.6857,0,1.8286
inst-093,instruction,random_deletion,0.3,0.2927,0.7073,0.6096,0.6529,0.7462,True,220,164,4.6857,0,1.8286
inst-093,instruction,llmlingua_qwen,0.3,0.2988,0.7012,0.5671,0.4528,0.6206,False,220,164,4.6857,0,1.8286
inst-093,instruction,llmlingua2,0.3,0.2622,0.7378,0.6356,0.6018,0.6948,True,220,164,4.6857,0,1.8286
inst-094,instruction,noop,1.0,1.0,0.0,1.0,1.0,1.0,True,197,149,4.6562,0,1.9062
inst-094,instruction,random_deletion,0.7,0.6711,0.3289,0.833,0.7246,0.7776,False,197,149,4.6562,0,1.9062
inst-094,instruction,llmlingua_qwen,0.7,0.7517,0.2483,0.7552,0.5541,0.6751,False,197,149,4.6562,0,1.9062
inst-094,instruction,llmlingua2,0.7,0.6779,0.3221,0.8306,0.7111,0.7446,False,197,149,4.6562,0,1.9062
inst-094,instruction,random_deletion,0.5,0.4765,0.5235,0.7455,0.6903,0.769,False,197,149,4.6562,0,1.9062
inst-094,instruction,llmlingua_qwen,0.5,0.6174,0.3826,0.6785,0.5464,0.6543,False,197,149,4.6562,0,1.9062
inst-094,instruction,llmlingua2,0.5,0.4631,0.5369,0.7055,0.7907,0.825,True,197,149,4.6562,0,1.9062
inst-094,instruction,random_deletion,0.3,0.3289,0.6711,0.6034,0.5055,0.6396,False,197,149,4.6562,0,1.9062
inst-094,instruction,llmlingua_qwen,0.3,0.5168,0.4832,0.7265,0.5484,0.6512,False,197,149,4.6562,0,1.9062
inst-094,instruction,llmlingua2,0.3,0.2685,0.7315,0.5614,0.7257,0.7541,True,197,149,4.6562,0,1.9062
inst-095,instruction,noop,1.0,1.0,0.0,1.0,1.0,1.0,True,212,156,4.4571,0,1.8286
inst-095,instruction,random_deletion,0.7,0.6859,0.3141,0.8159,0.7518,0.7973,False,212,156,4.4571,0,1.8286
inst-095,instruction,llmlingua_qwen,0.7,0.7051,0.2949,0.754,0.6114,0.6967,False,212,156,4.4571,0,1.8286
inst-095,instruction,llmlingua2,0.7,0.6731,0.3269,0.8228,0.8418,0.8253,True,212,156,4.4571,0,1.8286
inst-095,instruction,random_deletion,0.5,0.5064,0.4936,0.7327,0.5518,0.67,False,212,156,4.4571,0,1.8286
inst-095,instruction,llmlingua_qwen,0.5,0.5256,0.4744,0.637,0.6543,0.7167,False,212,156,4.4571,0,1.8286
inst-095,instruction,llmlingua2,0.5,0.4615,0.5385,0.6818,0.7545,0.7836,True,212,156,4.4571,0,1.8286
inst-095,instruction,random_deletion,0.3,0.3269,0.6731,0.6098,0.6096,0.7168,False,212,156,4.4571,0,1.8286
inst-095,instruction,llmlingua_qwen,0.3,0.3333,0.6667,0.6187,0.4543,0.6412,False,212,156,4.4571,0,1.8286
inst-095,instruction,llmlingua2,0.3,0.2692,0.7308,0.5682,0.6495,0.7281,True,212,156,4.4571,0,1.8286
inst-096,instruction,noop,1.0,1.0,0.0,1.0,1.0,1.0,True,216,160,4.7059,0,1.9118
inst-096,instruction,random_deletion,0.7,0.725,0.275,0.8222,0.7995,0.7972,True,216,160,4.7059,0,1.9118
inst-096,instruction,llmlingua_qwen,0.7,0.7625,0.2375,0.7135,0.5849,0.6857,False,216,160,4.7059,0,1.9118
inst-096,instruction,llmlingua2,0.7,0.6688,0.3312,0.7686,0.6936,0.7669,True,216,160,4.7059,0,1.9118
inst-096,instruction,random_deletion,0.5,0.4875,0.5125,0.7401,0.6559,0.7207,True,216,160,4.7059,0,1.9118
inst-096,instruction,llmlingua_qwen,0.5,0.5938,0.4062,0.689,0.6098,0.6904,False,216,160,4.7059,0,1.9118
inst-096,instruction,llmlingua2,0.5,0.4438,0.5562,0.7103,0.583,0.6894,False,216,160,4.7059,0,1.9118
inst-096,instruction,random_deletion,0.3,0.2375,0.7625,0.6328,0.4757,0.6394,True,216,160,4.7059,0,1.9118
inst-096,instruction,llmlingua_qwen,0.3,0.4188,0.5812,0.6322,0.6009,0.6848,True,216,160,4.7059,0,1.9118
inst-096,instruction,llmlingua2,0.3,0.2625,0.7375,0.6429,0.5758,0.6785,True,216,160,4.7059,0,1.9118
inst-097,instruction,noop,1.0,1.0,0.0,1.0,1.0,1.0,True,204,152,4.75,0,1.9688
inst-097,instruction,random_deletion,0.7,0.7237,0.2763,0.8482,0.5663,0.6795,False,204,152,4.75,0,1.9688
inst-097,instruction,llmlingua_qwen,0.7,0.7368,0.2632,0.7161,0.4116,0.5734,False,204,152,4.75,0,1.9688
inst-097,instruction,llmlingua2,0.7,0.6842,0.3158,0.8214,0.8676,0.8821,True,204,152,4.75,0,1.9688
inst-097,instruction,random_deletion,0.5,0.4803,0.5197,0.693,0.7351,0.7373,False,204,152,4.75,0,1.9688
inst-097,instruction,llmlingua_qwen,0.5,0.5987,0.4013,0.6386,0.5249,0.6325,False,204,152,4.75,0,1.9688
inst-097,instruction,llmlingua2,0.5,0.4671,0.5329,0.723,0.811,0.8333,True,204,152,4.75,0,1.9688
inst-097,instruction,random_deletion,0.3,0.2763,0.7237,0.663,0.5497,0.6404,True,204,152,4.75,0,1.9688
inst-097,instruction,llmlingua_qwen,0.3,0.4671,0.5329,0.657,0.5309,0.6253,False,204,152,4.75,0,1.9688
inst-097,instruction,llmlingua2,0.3,0.2632,0.7368,0.6249,0.4722,0.5872,True,204,152,4.75,0,1.9688
inst-098,instruction,noop,1.0,1.0,0.0,1.0,1.0,1.0,True,212,154,4.4,0,1.8571
inst-098,instruction,random_deletion,0.7,0.6883,0.3117,0.8307,0.7308,0.8012,False,212,154,4.4,0,1.8571
inst-098,instruction,llmlingua_qwen,0.7,0.7468,0.2532,0.7208,0.6573,0.7546,False,212,154,4.4,0,1.8571
inst-098,instruction,llmlingua2,0.7,0.6494,0.3506,0.8295,0.8123,0.8496,True,212,154,4.4,0,1.8571
inst-098,instruction,random_deletion,0.5,0.513,0.487,0.694,0.6103,0.6762,False,212,154,4.4,0,1.8571
inst-098,instruction,llmlingua_qwen,0.5,0.5519,0.4481,0.6372,0.6539,0.7475,False,212,154,4.4,0,1.8571
inst-098,instruction,llmlingua2,0.5,0.461,0.539,0.6803,0.7373,0.7321,True,212,154,4.4,0,1.8571
inst-098,instruction,random_deletion,0.3,0.3182,0.6818,0.6307,0.6153,0.6868,True,212,154,4.4,0,1.8571
inst-098,instruction,llmlingua_qwen,0.3,0.4286,0.5714,0.6253,0.5196,0.6333,False,212,154,4.4,0,1.8571
inst-098,instruction,llmlingua2,0.3,0.2792,0.7208,0.5769,0.615,0.686,True,212,154,4.4,0,1.8571
inst-099,instruction,noop,1.0,1.0,0.0,1.0,1.0,1.0,True,219,165,4.8529,0,2.0
inst-099,instruction,random_deletion,0.7,0.7515,0.2485,0.8365,0.6841,0.7822,True,219,165,4.8529,0,2.0
inst-099,instruction,llmlingua_qwen,0.7,0.6909,0.3091,0.7383,0.6026,0.7183,False,219,165,4.8529,0,2.0
inst-099,instruction,llmlingua2,0.7,0.6727,0.3273,0.7893,0.681,0.7796,True,219,165,4.8529,0,2.0
inst-099,instruction,random_deletion,0.5,0.503,0.497,0.7775,0.5761,0.6756,False,219,165,4.8529,0,2.0
inst-099,instruction,llmlingua_qwen,0.5,0.5152,0.4848,0.6299,0.576,0.6944,False,219,165,4.8529,0,2.0
inst-099,instruction,llmlingua2,0.5,0.4667,0.5333,0.7335,0.6768,0.7661,True,219,165,4.8529,0,2.0
inst-099,instruction,random_deletion,0.3,0.297,0.703,0.5961,0.5582,0.7061,False,219,165,4.8529,0,2.0
inst-099,instruction,llmlingua_qwen,0.3,0.3273,0.6727,0.6133,0.4093,0.6168,False,219,165,4.8529,0,2.0
inst-099,instruction,llmlingua2,0.3,0.2667,0.7333,0.6487,0.5667,0.6984,True,219,165,4.8529,0,2.0
inst-100,instruction,noop,1.0,1.0,0.0,1.0,1.0,1.0,True,197,146,4.2941,0,1.7353
inst-100,instruction,random_deletion,0.7,0.7877,0.2123,0.8453,0.6651,0.7528,False,197,146,4.2941,0,1.7353
inst-100,instruction,llmlingua_qwen,0.7,0.7397,0.2603,0.7824,0.6892,0.7738,False,197,146,4.2941,0,1.7353
inst-100,instruction,llmlingua2,0.7,0.6712,0.3288,0.8187,0.7333,0.7404,False,197,146,4.2941,0,1.7353
inst-100,instruction,random_deletion,0.5,0.5137,0.4863,0.7088,0.6143,0.6883,False,197,146,4.2941,0,1.7353
inst-100,instruction,llmlingua_qwen,0.5,0.6027,0.3973,0.7509,0.6867,0.7683,False,197,146,4.2941,0,1.7353
inst-100,instruction,llmlingua2,0.5,0.4589,0.5411,0.6678,0.6511,0.7199,False,197,146,4.2941,0,1.7353
inst-100,instruction,random_deletion,0.3,0.3151,0.6849,0.6873,0.7408,0.807,True,197,146,4.2941,0,1.7353
inst-100,instruction,llmlingua_qwen,0.3,0.4932,0.5068,0.7105,0.5951,0.6841,False,197,146,4.2941,0,1.7353
inst-100,instruction,llmlingua2,0.3,0.274,0.726,0.6032,0.6266,0.7516,True,197,146,4.2941,0,1.7353
summ-001,summarisation,noop,1.0,1.0,0.0,1.0,1.0,1.0,True,859,614,4.5821,9,2.0149
summ-001,summarisation,random_deletion,0.7,0.6857,0.3143,0.8163,0.7803,0.8008,True,859,614,4.5821,9,2.0149
summ-001,summarisation,llmlingua_qwen,0.7,0.7997,0.2003,0.7832,0.7083,0.7979,False,859,614,4.5821,9,2.0149
summ-001,summarisation,llmlingua2,0.7,0.6873,0.3127,0.7725,0.7342,0.8175,False,859,614,4.5821,9,2.0149
summ-001,summarisation,random_deletion,0.5,0.4886,0.5114,0.6912,0.6261,0.741,False,859,614,4.5821,9,2.0149
summ-001,summarisation,llmlingua_qwen,0.5,0.6938,0.3062,0.7324,0.7173,0.8028,False,859,614,4.5821,9,2.0149
summ-001,summarisation,llmlingua2,0.5,0.4951,0.5049,0.6521,0.745,0.7971,True,859,614,4.5821,9,2.0149
summ-001,summarisation,random_deletion,0.3,0.2964,0.7036,0.5771,0.6066,0.7173,False,859,614,4.5821,9,2.0149
summ-001,summarisation,llmlingua_qwen,0.3,0.5814,0.4186,0.7237,0.7137,0.8001,False,859,614,4.5821,9,2.0149
summ-001,summarisation,llmlingua2,0.3,0.2932,0.7068,0.5885,0.7028,0.7611,True,859,614,4.5821,9,2.0149
summ-002,summarisation,noop,1.0,1.0,0.0,1.0,1.0,1.0,True,823,590,4.5385,9,1.9923
summ-002,summarisation,random_deletion,0.7,0.7085,0.2915,0.8204,0.737,0.7915,False,823,590,4.5385,9,1.9923
summ-002,summarisation,llmlingua_qwen,0.7,0.8,0.2,0.7791,0.7723,0.796,False,823,590,4.5385,9,1.9923
summ-002,summarisation,llmlingua2,0.7,0.6847,0.3153,0.7662,0.7793,0.794,True,823,590,4.5385,9,1.9923
summ-002,summarisation,random_deletion,0.5,0.4898,0.5102,0.6843,0.6338,0.7634,False,823,590,4.5385,9,1.9923
summ-002,summarisation,llmlingua_qwen,0.5,0.6915,0.3085,0.7319,0.6439,0.738,False,823,590,4.5385,9,1.9923
summ-002,summarisation,llmlingua2,0.5,0.4898,0.5102,0.6604,0.6769,0.7595,True,823,590,4.5385,9,1.9923
summ-002,summarisation,random_deletion,0.3,0.2814,0.7186,0.6024,0.6203,0.7168,True,823,590,4.5385,9,1.9923
summ-002,summarisation,llmlingua_qwen,0.3,0.5695,0.4305,0.7129,0.7025,0.7724,True,823,590,4.5385,9,1.9923
summ-002,summarisation,llmlingua2,0.3,0.2898,0.7102,0.5927,0.6719,0.7313,True,823,590,4.5385,9,1.9923
summ-003,summarisation,noop,1.0,1.0,0.0,1.0,1.0,1.0,True,838,604,4.6462,9,2.0077
summ-003,summarisation,random_deletion,0.7,0.6937,0.3063,0.8112,0.8297,0.861,True,838,604,4.6462,9,2.0077
summ-003,summarisation,llmlingua_qwen,0.7,0.7897,0.2103,0.7622,0.8177,0.8591,False,838,604,4.6462,9,2.0077
summ-003,summarisation,llmlingua2,0.7,0.6871,0.3129,0.7504,0.7556,0.8292,True,838,604,4.6462,9,2.0077
summ-003,summarisation,random_deletion,0.5,0.5099,0.4901,0.7044,0.6566,0.7617,False,838,604,4.6462,9,2.0077
summ-003,summarisation,llmlingua_qwen,0.5,0.6788,0.3212,0.7311,0.7524,0.8055,True,838,604,4.6462,9,2.0077
summ-003,summarisation,llmlingua2,0.5,0.4884,0.5116,0.6719,0.6976,0.7781,True,838,604,4.6462,9,2.0077
summ-003,summarisation,random_deletion,0.3,0.3096,0.6904,0.6214,0.6292,0.7408,False,838,604,4.6462,9,2.0077
summ-003,summarisation,llmlingua_qwen,0.3,0.5613,0.4387,0.7175,0.7217,0.794,True,838,604,4.6462,9,2.0077
summ-003,summarisation,llmlingua2,0.3,0.2864,0.7136,0.5911,0.6476,0.7468,True,838,604,4.6462,9,2.0077
summ-004,summarisation,noop,1.0,1.0,0.0,1.0,1.0,1.0,True,852,613,4.6794,9,2.0305
summ-004,summarisation,random_deletion,0.7,0.6852,0.3148,0.8151,0.792,0.8086,False,852,613,4.6794,9,2.0305
summ-004,summarisation,llmlingua_qwen,0.7,0.7977,0.2023,0.7798,0.8377,0.849,True,852,613,4.6794,9,2.0305
summ-004,summarisation,llmlingua2,0.7,0.6819,0.3181,0.7845,0.8299,0.8428,True,852,613,4.6794,9,2.0305
summ-004,summarisation,random_deletion,0.5,0.5041,0.4959,0.7037,0.7129,0.7435,False,852,613,4.6794,9,2.0305
summ-004,summarisation,llmlingua_qwen,0.5,0.6998,0.3002,0.7399,0.7657,0.7726,False,852,613,4.6794,9,2.0305
summ-004,summarisation,llmlingua2,0.5,0.4878,0.5122,0.6756,0.7387,0.7774,True,852,613,4.6794,9,2.0305
summ-004,summarisation,random_deletion,0.3,0.2675,0.7325,0.5831,0.6355,0.731,True,852,613,4.6794,9,2.0305
summ-004,summarisation,llmlingua_qwen,0.3,0.5873,0.4127,0.7054,0.7388,0.7858,True,852,613,4.6794,9,2.0305
summ-004,summarisation,llmlingua2,0.3,0.2838,0.7162,0.5882,0.6792,0.7445,True,852,613,4.6794,9,2.0305
summ-005,summarisation,noop,1.0,1.0,0.0,1.0,1.0,1.0,True,813,585,4.5,9,1.9308
summ-005,summarisation,random_deletion,0.7,0.6906,0.3094,0.7876,0.7062,0.7715,False,813,585,4.5,9,1.9308
summ-005,summarisation,llmlingua_qwen,0.7,0.8,0.2,0.7644,0.6894,0.7919,False,813,585,4.5,9,1.9308
summ-005,summarisation,llmlingua2,0.7,0.6803,0.3197,0.7867,0.8657,0.8797,True,813,585,4.5,9,1.9308
summ-005,summarisation,random_deletion,0.5,0.5128,0.4872,0.6975,0.6697,0.7352,False,813,585,4.5,9,1.9308
summ-005,summarisation,llmlingua_qwen,0.5,0.6906,0.3094,0.7226,0.7549,0.8108,False,813,585,4.5,9,1.9308
summ-005,summarisation,llmlingua2,0.5,0.4889,0.5111,0.6554,0.6735,0.7737,True,813,585,4.5,9,1.9308
summ-005,summarisation,random_deletion,0.3,0.3026,0.6974,0.6101,0.6039,0.7266,False,813,585,4.5,9,1.9308
summ-005,summarisation,llmlingua_qwen,0.3,0.5726,0.4274,0.7204,0.7224,0.7923,True,813,585,4.5,9,1.9308
summ-005,summarisation,llmlingua2,0.3,0.294,0.706,0.596,0.6702,0.7571,True,813,585,4.5,9,1.9308
summ-006,summarisation,noop,1.0,1.0,0.0,1.0,1.0,1.0,True,848,610,4.5865,9,1.9549
summ-006,summarisation,random_deletion,0.7,0.6869,0.3131,0.8016,0.7981,0.8089,False,848,610,4.5865,9,1.9549
summ-006,summarisation,llmlingua_qwen,0.7,0.8066,0.1934,0.7745,0.8098,0.8236,False,848,610,4.5865,9,1.9549
summ-006,summarisation,llmlingua2,0.7,0.682,0.318,0.7726,0.8366,0.8694,True,848,610,4.5865,9,1.9549
summ-006,summarisation,random_deletion,0.5,0.4951,0.5049,0.6995,0.6909,0.7608,False,848,610,4.5865,9,1.9549
summ-006,summarisation,llmlingua_qwen,0.5,0.7,0.3,0.7343,0.7283,0.7843,False,848,610,4.5865,9,1.9549
summ-006,summarisation,llmlingua2,0.5,0.4852,0.5148,0.6555,0.733,0.8175,True,848,610,4.5865,9,1.9549
summ-006,summarisation,random_deletion,0.3,0.2705,0.7295,0.583,0.6361,0.7122,True,848,610,4.5865,9,1.9549
summ-006,summarisation,llmlingua_qwen,0.3,0.5902,0.4098,0.7423,0.7566,0.806,True,848,610,4.5865,9,1.9549
summ-006,summarisation,llmlingua2,0.3,0.2918,0.7082,0.591,0.6665,0.7621,True,848,610,4.5865,9,1.9549
summ-007,summarisation,noop,1.0,1.0,0.0,1.0,1.0,1.0,True,849,611,4.5597,9,1.9776
summ-007,summarisation,random_deletion,0.7,0.689,0.311,0.8203,0.738,0.8106,False,849,611,4.5597,9,1.9776
summ-007,summarisation,llmlingua_qwen,0.7,0.7987,0.2013,0.7729,0.8261,0.8156,True,849,611,4.5597,9,1.9776
summ-007,summarisation,llmlingua2,0.7,0.6809,0.3191,0.7659,0.8094,0.8606,True,849,611,4.5597,9,1.9776
summ-007,summarisation,random_deletion,0.5,0.4992,0.5008,0.6869,0.6873,0.7812,True,849,611,4.5597,9,1.9776
summ-007,summarisation,llmlingua_qwen,0.5,0.7038,0.2962,0.7421,0.7391,0.7933,False,849,611,4.5597,9,1.9776
summ-007,summarisation,llmlingua2,0.5,0.4943,0.5057,0.6662,0.6548,0.7585,False,849,611,4.5597,9,1.9776
summ-007,summarisation,random_deletion,0.3,0.293,0.707,0.638,0.6214,0.7468,False,849,611,4.5597,9,1.9776
summ-007,summarisation,llmlingua_qwen,0.3,0.5908,0.4092,0.7264,0.7155,0.801,True,849,611,4.5597,9,1.9776
summ-007,summarisation,llmlingua2,0.3,0.2848,0.7152,0.6049,0.6624,0.7356,True,849,611,4.5597,9,1.9776
summ-008,summarisation,noop,1.0,1.0,0.0,1.0,1.0,1.0,True,855,610,4.5865,9,2.0075
summ-008,summarisation,random_deletion,0.7,0.6951,0.3049,0.8192,0.7596,0.8294,False,855,610,4.5865,9,2.0075
summ-008,summarisation,llmlingua_qwen,0.7,0.7918,0.2082,0.7635,0.789,0.824,True,855,610,4.5865,9,2.0075
summ-008,summarisation,llmlingua2,0.7,0.682,0.318,0.7688,0.7185,0.8005,False,855,610,4.5865,9,2.0075
summ-008,summarisation,random_deletion,0.5,0.4918,0.5082,0.6592,0.6585,0.7562,False,855,610,4.5865,9,2.0075
summ-008,summarisation,llmlingua_qwen,0.5,0.6852,0.3148,0.7297,0.7726,0.8065,False,855,610,4.5865,9,2.0075
summ-008,summarisation,llmlingua2,0.5,0.4869,0.5131,0.662,0.758,0.8011,True,855,610,4.5865,9,2.0075
summ-008,summarisation,random_deletion,0.3,0.3328,0.6672,0.6007,0.598,0.6986,False,855,610,4.5865,9,2.0075
summ-008,summarisation,llmlingua_qwen,0.3,0.5721,0.4279,0.7113,0.787,0.8216,True,855,610,4.5865,9,2.0075
summ-008,summarisation,llmlingua2,0.3,0.2885,0.7115,0.5809,0.6287,0.7251,True,855,610,4.5865,9,2.0075
summ-009,summarisation,noop,1.0,1.0,0.0,1.0,1.0,1.0,True,850,606,4.5909,10,2.0303
summ-009,summarisation,random_deletion,0.7,0.6964,0.3036,0.8122,0.7777,0.8153,True,850,606,4.5909,10,2.0303
summ-009,summarisation,llmlingua_qwen,0.7,0.802,0.198,0.7684,0.8073,0.8269,True,850,606,4.5909,10,2.0303
summ-009,summarisation,llmlingua2,0.7,0.6865,0.3135,0.7859,0.7731,0.8047,False,850,606,4.5909,10,2.0303
summ-009,summarisation,random_deletion,0.5,0.4917,0.5083,0.7023,0.7004,0.7431,False,850,606,4.5909,10,2.0303
summ-009,summarisation,llmlingua_qwen,0.5,0.6898,0.3102,0.7353,0.7687,0.7997,False,850,606,4.5909,10,2.0303
summ-009,summarisation,llmlingua2,0.5,0.4917,0.5083,0.6816,0.7575,0.813,True,850,606,4.5909,10,2.0303
summ-009,summarisation,random_deletion,0.3,0.3234,0.6766,0.6091,0.6264,0.7042,False,850,606,4.5909,10,2.0303
summ-009,summarisation,llmlingua_qwen,0.3,0.5561,0.4439,0.7318,0.7766,0.8046,True,850,606,4.5909,10,2.0303
summ-009,summarisation,llmlingua2,0.3,0.2904,0.7096,0.5898,0.6558,0.7461,True,850,606,4.5909,10,2.0303
summ-010,summarisation,noop,1.0,1.0,0.0,1.0,1.0,1.0,True,848,614,4.6165,9,1.9549
summ-010,summarisation,random_deletion,0.7,0.702,0.298,0.8138,0.7848,0.801,False,848,614,4.6165,9,1.9549
summ-010,summarisation,llmlingua_qwen,0.7,0.7866,0.2134,0.7637,0.8175,0.8281,False,848,614,4.6165,9,1.9549
summ-010,summarisation,llmlingua2,0.7,0.684,0.316,0.7805,0.8509,0.8535,True,848,614,4.6165,9,1.9549
summ-010,summarisation,random_deletion,0.5,0.4886,0.5114,0.717,0.6805,0.7309,True,848,614,4.6165,9,1.9549
summ-010,summarisation,llmlingua_qwen,0.5,0.6922,0.3078,0.7287,0.754,0.7846,False,848,614,4.6165,9,1.9549
summ-010,summarisation,llmlingua2,0.5,0.4919,0.5081,0.6537,0.7463,0.7933,True,848,614,4.6165,9,1.9549
summ-010,summarisation,random_deletion,0.3,0.3062,0.6938,0.6085,0.6009,0.7576,False,848,614,4.6165,9,1.9549
summ-010,summarisation,llmlingua_qwen,0.3,0.5798,0.4202,0.722,0.7507,0.7825,True,848,614,4.6165,9,1.9549
summ-010,summarisation,llmlingua2,0.3,0.2899,0.7101,0.5864,0.6752,0.7256,True,848,614,4.6165,9,1.9549
summ-011,summarisation,noop,1.0,1.0,0.0,1.0,1.0,1.0,True,810,576,4.5,9,2.0078
summ-011,summarisation,random_deletion,0.7,0.6944,0.3056,0.8289,0.7619,0.8125,False,810,576,4.5,9,2.0078
summ-011,summarisation,llmlingua_qwen,0.7,0.7969,0.2031,0.8139,0.7077,0.7948,False,810,576,4.5,9,2.0078
summ-011,summarisation,llmlingua2,0.7,0.6771,0.3229,0.7661,0.8175,0.892,True,810,576,4.5,9,2.0078
summ-011,summarisation,random_deletion,0.5,0.5139,0.4861,0.6833,0.6034,0.7269,False,810,576,4.5,9,2.0078
summ-011,summarisation,llmlingua_qwen,0.5,0.6545,0.3455,0.7201,0.6722,0.7836,False,810,576,4.5,9,2.0078
summ-011,summarisation,llmlingua2,0.5,0.4844,0.5156,0.6765,0.7,0.7598,True,810,576,4.5,9,2.0078
summ-011,summarisation,random_deletion,0.3,0.3003,0.6997,0.591,0.6021,0.745,False,810,576,4.5,9,2.0078
summ-011,summarisation,llmlingua_qwen,0.3,0.5573,0.4427,0.7154,0.655,0.7615,False,810,576,4.5,9,2.0078
summ-011,summarisation,llmlingua2,0.3,0.2847,0.7153,0.5908,0.6402,0.7355,True,810,576,4.5,9,2.0078
summ-012,summarisation,noop,1.0,1.0,0.0,1.0,1.0,1.0,True,784,560,4.4444,9,1.9206
summ-012,summarisation,random_deletion,0.7,0.6964,0.3036,0.8256,0.6569,0.7513,False,784,560,4.4444,9,1.9206
summ-012,summarisation,llmlingua_qwen,0.7,0.7929,0.2071,0.8094,0.7161,0.7889,False,784,560,4.4444,9,1.9206
summ-012,summarisation,llmlingua2,0.7,0.6893,0.3107,0.7498,0.7162,0.7925,True,784,560,4.4444,9,1.9206
summ-012,summarisation,random_deletion,0.5,0.5196,0.4804,0.6991,0.6571,0.7728,True,784,560,4.4444,9,1.9206
summ-012,summarisation,llmlingua_qwen,0.5,0.6446,0.3554,0.7324,0.6307,0.7552,False,784,560,4.4444,9,1.9206
summ-012,summarisation,llmlingua2,0.5,0.4821,0.5179,0.665,0.6472,0.7799,True,784,560,4.4444,9,1.9206
summ-012,summarisation,random_deletion,0.3,0.2875,0.7125,0.5995,0.6073,0.7188,True,784,560,4.4444,9,1.9206
summ-012,summarisation,llmlingua_qwen,0.3,0.5518,0.4482,0.7295,0.6086,0.749,False,784,560,4.4444,9,1.9206
summ-012,summarisation,llmlingua2,0.3,0.2911,0.7089,0.6072,0.6255,0.7466,True,784,560,4.4444,9,1.9206
summ-013,summarisation,noop,1.0,1.0,0.0,1.0,1.0,1.0,True,773,559,4.5081,9,1.8871
summ-013,summarisation,random_deletion,0.7,0.7066,0.2934,0.7964,0.8142,0.8431,True,773,559,4.5081,9,1.8871
summ-013,summarisation,llmlingua_qwen,0.7,0.7746,0.2254,0.8169,0.9058,0.9106,True,773,559,4.5081,9,1.8871
summ-013,summarisation,llmlingua2,0.7,0.6762,0.3238,0.7606,0.7623,0.8261,True,773,559,4.5081,9,1.8871
summ-013,summarisation,random_deletion,0.5,0.5045,0.4955,0.7033,0.665,0.7506,False,773,559,4.5081,9,1.8871
summ-013,summarisation,llmlingua_qwen,0.5,0.6404,0.3596,0.7221,0.7482,0.8211,True,773,559,4.5081,9,1.8871
summ-013,summarisation,llmlingua2,0.5,0.4723,0.5277,0.6664,0.6985,0.7521,True,773,559,4.5081,9,1.8871
summ-013,summarisation,random_deletion,0.3,0.3005,0.6995,0.6006,0.6077,0.723,False,773,559,4.5081,9,1.8871
summ-013,summarisation,llmlingua_qwen,0.3,0.5349,0.4651,0.7134,0.7077,0.7824,True,773,559,4.5081,9,1.8871
summ-013,summarisation,llmlingua2,0.3,0.2826,0.7174,0.5881,0.6458,0.7367,True,773,559,4.5081,9,1.8871
summ-014,summarisation,noop,1.0,1.0,0.0,1.0,1.0,1.0,True,799,572,4.576,9,1.976
summ-014,summarisation,random_deletion,0.7,0.6923,0.3077,0.822,0.7733,0.7956,False,799,572,4.576,9,1.976
summ-014,summarisation,llmlingua_qwen,0.7,0.7955,0.2045,0.8133,0.8337,0.8136,True,799,572,4.576,9,1.976
summ-014,summarisation,llmlingua2,0.7,0.6871,0.3129,0.7602,0.8127,0.8229,True,799,572,4.576,9,1.976
summ-014,summarisation,random_deletion,0.5,0.4983,0.5017,0.6762,0.7038,0.7734,True,799,572,4.576,9,1.976
summ-014,summarisation,llmlingua_qwen,0.5,0.6521,0.3479,0.7352,0.7383,0.789,True,799,572,4.576,9,1.976
summ-014,summarisation,llmlingua2,0.5,0.4825,0.5175,0.6708,0.6992,0.7677,True,799,572,4.576,9,1.976
summ-014,summarisation,random_deletion,0.3,0.2867,0.7133,0.6015,0.5769,0.7082,False,799,572,4.576,9,1.976
summ-014,summarisation,llmlingua_qwen,0.3,0.5594,0.4406,0.717,0.7213,0.7732,True,799,572,4.576,9,1.976
summ-014,summarisation,llmlingua2,0.3,0.2797,0.7203,0.587,0.6454,0.7398,True,799,572,4.576,9,1.976
summ-015,summarisation,noop,1.0,1.0,0.0,1.0,1.0,1.0,True,777,552,4.4516,9,1.8871
summ-015,summarisation,random_deletion,0.7,0.7011,0.2989,0.8106,0.8129,0.876,True,777,552,4.4516,9,1.8871
summ-015,summarisation,llmlingua_qwen,0.7,0.7917,0.2083,0.8176,0.7431,0.8106,False,777,552,4.4516,9,1.8871
summ-015,summarisation,llmlingua2,0.7,0.683,0.317,0.7633,0.7832,0.8001,True,777,552,4.4516,9,1.8871
summ-015,summarisation,random_deletion,0.5,0.5145,0.4855,0.7082,0.633,0.7479,False,777,552,4.4516,9,1.8871
summ-015,summarisation,llmlingua_qwen,0.5,0.6413,0.3587,0.7196,0.7251,0.8079,True,777,552,4.4516,9,1.8871
summ-015,summarisation,llmlingua2,0.5,0.4855,0.5145,0.6712,0.7041,0.7829,True,777,552,4.4516,9,1.8871
summ-015,summarisation,random_deletion,0.3,0.3424,0.6576,0.5953,0.569,0.7054,False,777,552,4.4516,9,1.8871
summ-015,summarisation,llmlingua_qwen,0.3,0.5344,0.4656,0.708,0.6775,0.8176,False,777,552,4.4516,9,1.8871
summ-015,summarisation,llmlingua2,0.3,0.2862,0.7138,0.6024,0.687,0.7661,True,777,552,4.4516,9,1.8871
summ-016,summarisation,noop,1.0,1.0,0.0,1.0,1.0,1.0,True,786,564,4.512,9,1.912
summ-016,summarisation,random_deletion,0.7,0.6968,0.3032,0.8046,0.7812,0.8301,False,786,564,4.512,9,1.912
summ-016,summarisation,llmlingua_qwen,0.7,0.7819,0.2181,0.8061,0.8053,0.8562,True,786,564,4.512,9,1.912
summ-016,summarisation,llmlingua2,0.7,0.6809,0.3191,0.7526,0.7992,0.8638,True,786,564,4.512,9,1.912
summ-016,summarisation,random_deletion,0.5,0.4947,0.5053,0.7186,0.7234,0.79,False,786,564,4.512,9,1.912
summ-016,summarisation,llmlingua_qwen,0.5,0.6436,0.3564,0.7361,0.7567,0.8013,True,786,564,4.512,9,1.912
summ-016,summarisation,llmlingua2,0.5,0.477,0.523,0.6794,0.7391,0.8269,True,786,564,4.512,9,1.912
summ-016,summarisation,random_deletion,0.3,0.3085,0.6915,0.6181,0.5868,0.6939,False,786,564,4.512,9,1.912
summ-016,summarisation,llmlingua_qwen,0.3,0.5496,0.4504,0.7147,0.6775,0.7651,False,786,564,4.512,9,1.912
summ-016,summarisation,llmlingua2,0.3,0.2819,0.7181,0.6062,0.6988,0.7713,True,786,564,4.512,9,1.912
summ-017,summarisation,noop,1.0,1.0,0.0,1.0,1.0,1.0,True,797,573,4.5476,9,1.9524
summ-017,summarisation,random_deletion,0.7,0.6754,0.3246,0.8076,0.7374,0.8128,False,797,573,4.5476,9,1.9524
summ-017,summarisation,llmlingua_qwen,0.7,0.7958,0.2042,0.8143,0.839,0.8622,True,797,573,4.5476,9,1.9524
summ-017,summarisation,llmlingua2,0.7,0.6859,0.3141,0.7582,0.7879,0.8443,True,797,573,4.5476,9,1.9524
summ-017,summarisation,random_deletion,0.5,0.5079,0.4921,0.6743,0.6907,0.7756,False,797,573,4.5476,9,1.9524
summ-017,summarisation,llmlingua_qwen,0.5,0.6579,0.3421,0.7345,0.7391,0.8097,False,797,573,4.5476,9,1.9524
summ-017,summarisation,llmlingua2,0.5,0.4869,0.5131,0.6835,0.7171,0.7973,True,797,573,4.5476,9,1.9524
summ-017,summarisation,random_deletion,0.3,0.3002,0.6998,0.6145,0.6625,0.7627,True,797,573,4.5476,9,1.9524
summ-017,summarisation,llmlingua_qwen,0.3,0.5567,0.4433,0.7248,0.7584,0.8098,True,797,573,4.5476,9,1.9524
summ-017,summarisation,llmlingua2,0.3,0.2897,0.7103,0.606,0.637,0.7538,True,797,573,4.5476,9,1.9524
summ-018,summarisation,noop,1.0,1.0,0.0,1.0,1.0,1.0,True,787,570,4.4882,9,1.8898
summ-018,summarisation,random_deletion,0.7,0.693,0.307,0.7914,0.7291,0.8054,True,787,570,4.4882,9,1.8898
summ-018,summarisation,llmlingua_qwen,0.7,0.7895,0.2105,0.8022,0.7172,0.7951,False,787,570,4.4882,9,1.8898
summ-018,summarisation,llmlingua2,0.7,0.6807,0.3193,0.7563,0.717,0.8044,False,787,570,4.4882,9,1.8898
summ-018,summarisation,random_deletion,0.5,0.4895,0.5105,0.6737,0.6625,0.7151,False,787,570,4.4882,9,1.8898
summ-018,summarisation,llmlingua_qwen,0.5,0.6474,0.3526,0.7243,0.7208,0.7718,True,787,570,4.4882,9,1.8898
summ-018,summarisation,llmlingua2,0.5,0.4754,0.5246,0.6751,0.7132,0.8037,True,787,570,4.4882,9,1.8898
summ-018,summarisation,random_deletion,0.3,0.2912,0.7088,0.607,0.6885,0.7502,True,787,570,4.4882,9,1.8898
summ-018,summarisation,llmlingua_qwen,0.3,0.5561,0.4439,0.713,0.6704,0.7484,False,787,570,4.4882,9,1.8898
summ-018,summarisation,llmlingua2,0.3,0.286,0.714,0.5892,0.6231,0.7274,True,787,570,4.4882,9,1.8898
summ-019,summarisation,noop,1.0,1.0,0.0,1.0,1.0,1.0,True,788,569,4.5159,10,1.9286
summ-019,summarisation,random_deletion,0.7,0.6731,0.3269,0.8018,0.7195,0.7803,False,788,569,4.5159,10,1.9286
summ-019,summarisation,llmlingua_qwen,0.7,0.8084,0.1916,0.832,0.8391,0.8588,True,788,569,4.5159,10,1.9286
summ-019,summarisation,llmlingua2,0.7,0.6837,0.3163,0.7794,0.7503,0.8024,False,788,569,4.5159,10,1.9286
summ-019,summarisation,random_deletion,0.5,0.4833,0.5167,0.6874,0.6981,0.7435,False,788,569,4.5159,10,1.9286
summ-019,summarisation,llmlingua_qwen,0.5,0.6626,0.3374,0.753,0.7608,0.8208,True,788,569,4.5159,10,1.9286
summ-019,summarisation,llmlingua2,0.5,0.4815,0.5185,0.7095,0.7374,0.7904,True,788,569,4.5159,10,1.9286
summ-019,summarisation,random_deletion,0.3,0.2935,0.7065,0.6149,0.6199,0.7311,False,788,569,4.5159,10,1.9286
summ-019,summarisation,llmlingua_qwen,0.3,0.5589,0.4411,0.7259,0.7524,0.8035,True,788,569,4.5159,10,1.9286
summ-019,summarisation,llmlingua2,0.3,0.283,0.717,0.6074,0.669,0.7662,True,788,569,4.5159,10,1.9286
summ-020,summarisation,noop,1.0,1.0,0.0,1.0,1.0,1.0,True,794,574,4.5197,9,1.9134
summ-020,summarisation,random_deletion,0.7,0.6951,0.3049,0.8163,0.8058,0.8541,False,794,574,4.5197,9,1.9134
summ-020,summarisation,llmlingua_qwen,0.7,0.784,0.216,0.8022,0.8238,0.8564,False,794,574,4.5197,9,1.9134
summ-020,summarisation,llmlingua2,0.7,0.6829,0.3171,0.7625,0.8289,0.8588,True,794,574,4.5197,9,1.9134
summ-020,summarisation,random_deletion,0.5,0.5261,0.4739,0.7234,0.7171,0.8077,False,794,574,4.5197,9,1.9134
summ-020,summarisation,llmlingua_qwen,0.5,0.6341,0.3659,0.7288,0.7019,0.7937,False,794,574,4.5197,9,1.9134
summ-020,summarisation,llmlingua2,0.5,0.4756,0.5244,0.6764,0.7796,0.8257,True,794,574,4.5197,9,1.9134
summ-020,summarisation,random_deletion,0.3,0.3049,0.6951,0.6041,0.5755,0.701,False,794,574,4.5197,9,1.9134
summ-020,summarisation,llmlingua_qwen,0.3,0.5523,0.4477,0.7117,0.6853,0.7794,False,794,574,4.5197,9,1.9134
summ-020,summarisation,llmlingua2,0.3,0.2805,0.7195,0.6123,0.6616,0.7459,True,794,574,4.5197,9,1.9134
summ-021,summarisation,noop,1.0,1.0,0.0,1.0,1.0,1.0,True,792,560,4.4444,9,2.0556
summ-021,summarisation,random_deletion,0.7,0.6946,0.3054,0.7911,0.6091,0.7249,False,792,560,4.4444,9,2.0556
summ-021,summarisation,llmlingua_qwen,0.7,0.7929,0.2071,0.7959,0.6465,0.7453,False,792,560,4.4444,9,2.0556
summ-021,summarisation,llmlingua2,0.7,0.6875,0.3125,0.7772,0.8113,0.8597,True,792,560,4.4444,9,2.0556
summ-021,summarisation,random_deletion,0.5,0.5018,0.4982,0.6854,0.7316,0.8009,False,792,560,4.4444,9,2.0556
summ-021,summarisation,llmlingua_qwen,0.5,0.65,0.35,0.7188,0.7331,0.8201,False,792,560,4.4444,9,2.0556
summ-021,summarisation,llmlingua2,0.5,0.4982,0.5018,0.6466,0.7759,0.8339,True,792,560,4.4444,9,2.0556
summ-021,summarisation,random_deletion,0.3,0.3089,0.6911,0.6135,0.626,0.7308,False,792,560,4.4444,9,2.0556
summ-021,summarisation,llmlingua_qwen,0.3,0.5446,0.4554,0.6983,0.6501,0.7744,False,792,560,4.4444,9,2.0556
summ-021,summarisation,llmlingua2,0.3,0.2875,0.7125,0.5716,0.6455,0.7487,True,792,560,4.4444,9,2.0556
summ-022,summarisation,noop,1.0,1.0,0.0,1.0,1.0,1.0,True,778,545,4.3952,9,2.0323
summ-022,summarisation,random_deletion,0.7,0.6954,0.3046,0.7772,0.797,0.811,False,778,545,4.3952,9,2.0323
summ-022,summarisation,llmlingua_qwen,0.7,0.7853,0.2147,0.7952,0.83,0.8659,True,778,545,4.3952,9,2.0323
summ-022,summarisation,llmlingua2,0.7,0.6862,0.3138,0.7709,0.7289,0.7952,False,778,545,4.3952,9,2.0323
summ-022,summarisation,random_deletion,0.5,0.4752,0.5248,0.6857,0.7036,0.7682,True,778,545,4.3952,9,2.0323
summ-022,summarisation,llmlingua_qwen,0.5,0.6606,0.3394,0.7304,0.8079,0.8361,True,778,545,4.3952,9,2.0323
summ-022,summarisation,llmlingua2,0.5,0.4936,0.5064,0.6426,0.7433,0.8187,True,778,545,4.3952,9,2.0323
summ-022,summarisation,random_deletion,0.3,0.3046,0.6954,0.6291,0.6327,0.7342,False,778,545,4.3952,9,2.0323
summ-022,summarisation,llmlingua_qwen,0.3,0.5339,0.4661,0.695,0.7416,0.7846,False,778,545,4.3952,9,2.0323
summ-022,summarisation,llmlingua2,0.3,0.2936,0.7064,0.5821,0.7009,0.778,True,778,545,4.3952,9,2.0323
summ-023,summarisation,noop,1.0,1.0,0.0,1.0,1.0,1.0,True,747,537,4.475,9,1.9833
summ-023,summarisation,random_deletion,0.7,0.6778,0.3222,0.7878,0.7612,0.7984,False,747,537,4.475,9,1.9833
summ-023,summarisation,llmlingua_qwen,0.7,0.7728,0.2272,0.7833,0.7871,0.8253,False,747,537,4.475,9,1.9833
summ-023,summarisation,llmlingua2,0.7,0.6872,0.3128,0.7803,0.8158,0.8588,True,747,537,4.475,9,1.9833
summ-023,summarisation,random_deletion,0.5,0.514,0.486,0.7108,0.741,0.8045,True,747,537,4.475,9,1.9833
summ-023,summarisation,llmlingua_qwen,0.5,0.6387,0.3613,0.7124,0.7672,0.8101,True,747,537,4.475,9,1.9833
summ-023,summarisation,llmlingua2,0.5,0.4935,0.5065,0.6403,0.6987,0.7863,True,747,537,4.475,9,1.9833
summ-023,summarisation,random_deletion,0.3,0.3296,0.6704,0.6156,0.6556,0.7551,False,747,537,4.475,9,1.9833
summ-023,summarisation,llmlingua_qwen,0.3,0.5102,0.4898,0.6816,0.7315,0.7749,True,747,537,4.475,9,1.9833
summ-023,summarisation,llmlingua2,0.3,0.2831,0.7169,0.5919,0.6625,0.755,True,747,537,4.475,9,1.9833
summ-024,summarisation,noop,1.0,1.0,0.0,1.0,1.0,1.0,True,788,560,4.5528,9,2.1057
summ-024,summarisation,random_deletion,0.7,0.7054,0.2946,0.7958,0.7474,0.8027,False,788,560,4.5528,9,2.1057
summ-024,summarisation,llmlingua_qwen,0.7,0.7893,0.2107,0.7959,0.7912,0.8136,True,788,560,4.5528,9,2.1057
summ-024,summarisation,llmlingua2,0.7,0.6839,0.3161,0.7822,0.7849,0.8246,True,788,560,4.5528,9,2.1057
summ-024,summarisation,random_deletion,0.5,0.5018,0.4982,0.692,0.7402,0.7768,True,788,560,4.5528,9,2.1057
summ-024,summarisation,llmlingua_qwen,0.5,0.6625,0.3375,0.7262,0.7374,0.7531,False,788,560,4.5528,9,2.1057
summ-024,summarisation,llmlingua2,0.5,0.4911,0.5089,0.6434,0.723,0.7854,True,788,560,4.5528,9,2.1057
summ-024,summarisation,random_deletion,0.3,0.3268,0.6732,0.6218,0.678,0.7489,False,788,560,4.5528,9,2.1057
summ-024,summarisation,llmlingua_qwen,0.3,0.55,0.45,0.6941,0.7303,0.745,False,788,560,4.5528,9,2.1057
summ-024,summarisation,llmlingua2,0.3,0.2911,0.7089,0.5892,0.7038,0.7566,True,788,560,4.5528,9,2.1057
summ-025,summarisation,noop,1.0,1.0,0.0,1.0,1.0,1.0,True,745,533,4.4417,9,1.9667
summ-025,summarisation,random_deletion,0.7,0.7092,0.2908,0.7961,0.746,0.8233,False,745,533,4.4417,9,1.9667
summ-025,summarisation,llmlingua_qwen,0.7,0.7899,0.2101,0.7968,0.8061,0.8359,False,745,533,4.4417,9,1.9667
summ-025,summarisation,llmlingua2,0.7,0.6792,0.3208,0.7754,0.8137,0.8172,True,745,533,4.4417,9,1.9667
summ-025,summarisation,random_deletion,0.5,0.5103,0.4897,0.671,0.6876,0.7753,False,745,533,4.4417,9,1.9667
summ-025,summarisation,llmlingua_qwen,0.5,0.6492,0.3508,0.7259,0.7085,0.7721,False,745,533,4.4417,9,1.9667
summ-025,summarisation,llmlingua2,0.5,0.4916,0.5084,0.636,0.6991,0.7936,False,745,533,4.4417,9,1.9667
summ-025,summarisation,random_deletion,0.3,0.257,0.743,0.5928,0.5906,0.7096,True,745,533,4.4417,9,1.9667
summ-025,summarisation,llmlingua_qwen,0.3,0.5253,0.4747,0.6902,0.716,0.7704,True,745,533,4.4417,9,1.9667
summ-025,summarisation,llmlingua2,0.3,0.2852,0.7148,0.5806,0.7042,0.7868,True,745,533,4.4417,9,1.9667
summ-026,summarisation,noop,1.0,1.0,0.0,1.0,1.0,1.0,True,762,546,4.439,9,2.0081
summ-026,summarisation,random_deletion,0.7,0.7271,0.2729,0.8129,0.7969,0.8471,True,762,546,4.439,9,2.0081
summ-026,summarisation,llmlingua_qwen,0.7,0.7821,0.2179,0.7786,0.8015,0.8303,True,762,546,4.439,9,2.0081
summ-026,summarisation,llmlingua2,0.7,0.6941,0.3059,0.7718,0.7938,0.8122,True,762,546,4.439,9,2.0081
summ-026,summarisation,random_deletion,0.5,0.5238,0.4762,0.7126,0.6642,0.7258,False,762,546,4.439,9,2.0081
summ-026,summarisation,llmlingua_qwen,0.5,0.6538,0.3462,0.7226,0.746,0.791,False,762,546,4.439,9,2.0081
summ-026,summarisation,llmlingua2,0.5,0.4963,0.5037,0.6412,0.7565,0.7973,True,762,546,4.439,9,2.0081
summ-026,summarisation,random_deletion,0.3,0.3022,0.6978,0.5985,0.4847,0.6491,False,762,546,4.439,9,2.0081
summ-026,summarisation,llmlingua_qwen,0.3,0.5275,0.4725,0.6964,0.6854,0.7371,False,762,546,4.439,9,2.0081
summ-026,summarisation,llmlingua2,0.3,0.2949,0.7051,0.5792,0.7365,0.7849,True,762,546,4.439,9,2.0081
summ-027,summarisation,noop,1.0,1.0,0.0,1.0,1.0,1.0,True,787,558,4.5,9,2.0323
summ-027,summarisation,random_deletion,0.7,0.6631,0.3369,0.8091,0.7918,0.8323,True,787,558,4.5,9,2.0323
summ-027,summarisation,llmlingua_qwen,0.7,0.7832,0.2168,0.7877,0.7682,0.8081,False,787,558,4.5,9,2.0323
summ-027,summarisation,llmlingua2,0.7,0.6828,0.3172,0.7763,0.7988,0.8277,True,787,558,4.5,9,2.0323
summ-027,summarisation,random_deletion,0.5,0.5125,0.4875,0.6867,0.7251,0.7913,True,787,558,4.5,9,2.0323
summ-027,summarisation,llmlingua_qwen,0.5,0.6559,0.3441,0.7277,0.7297,0.7765,True,787,558,4.5,9,2.0323
summ-027,summarisation,llmlingua2,0.5,0.4928,0.5072,0.6534,0.715,0.7789,True,787,558,4.5,9,2.0323
summ-027,summarisation,random_deletion,0.3,0.2939,0.7061,0.6089,0.6371,0.7393,False,787,558,4.5,9,2.0323
summ-027,summarisation,llmlingua_qwen,0.3,0.5358,0.4642,0.7059,0.7089,0.7792,False,787,558,4.5,9,2.0323
summ-027,summarisation,llmlingua2,0.3,0.2885,0.7115,0.5813,0.6443,0.7361,True,787,558,4.5,9,2.0323
summ-028,summarisation,noop,1.0,1.0,0.0,1.0,1.0,1.0,True,759,542,4.4793,9,2.0
summ-028,summarisation,random_deletion,0.7,0.7085,0.2915,0.8097,0.7438,0.8349,False,759,542,4.4793,9,2.0
summ-028,summarisation,llmlingua_qwen,0.7,0.7897,0.2103,0.784,0.8268,0.8757,True,759,542,4.4793,9,2.0
summ-028,summarisation,llmlingua2,0.7,0.679,0.321,0.7786,0.7584,0.8203,False,759,542,4.4793,9,2.0
summ-028,summarisation,random_deletion,0.5,0.4797,0.5203,0.6973,0.6762,0.7728,True,759,542,4.4793,9,2.0
summ-028,summarisation,llmlingua_qwen,0.5,0.6587,0.3413,0.7183,0.7369,0.8218,False,759,542,4.4793,9,2.0
summ-028,summarisation,llmlingua2,0.5,0.4852,0.5148,0.6385,0.8066,0.8162,True,759,542,4.4793,9,2.0
summ-028,summarisation,random_deletion,0.3,0.297,0.703,0.602,0.6278,0.7288,True,759,542,4.4793,9,2.0
summ-028,summarisation,llmlingua_qwen,0.3,0.524,0.476,0.6945,0.7213,0.7816,False,759,542,4.4793,9,2.0
summ-028,summarisation,llmlingua2,0.3,0.2841,0.7159,0.5683,0.6083,0.7159,True,759,542,4.4793,9,2.0
summ-029,summarisation,noop,1.0,1.0,0.0,1.0,1.0,1.0,True,788,558,4.5,10,2.0242
summ-029,summarisation,random_deletion,0.7,0.6989,0.3011,0.7841,0.7541,0.8006,False,788,558,4.5,10,2.0242
summ-029,summarisation,llmlingua_qwen,0.7,0.7975,0.2025,0.7983,0.8074,0.8153,True,788,558,4.5,10,2.0242
summ-029,summarisation,llmlingua2,0.7,0.6882,0.3118,0.7857,0.7487,0.7875,False,788,558,4.5,10,2.0242
summ-029,summarisation,random_deletion,0.5,0.5197,0.4803,0.7009,0.737,0.7857,True,788,558,4.5,10,2.0242
summ-029,summarisation,llmlingua_qwen,0.5,0.6613,0.3387,0.7393,0.7678,0.803,True,788,558,4.5,10,2.0242
summ-029,summarisation,llmlingua2,0.5,0.4946,0.5054,0.6606,0.7061,0.7594,True,788,558,4.5,10,2.0242
summ-029,summarisation,random_deletion,0.3,0.2832,0.7168,0.5869,0.5879,0.6955,False,788,558,4.5,10,2.0242
summ-029,summarisation,llmlingua_qwen,0.3,0.5448,0.4552,0.7087,0.7451,0.7855,True,788,558,4.5,10,2.0242
summ-029,summarisation,llmlingua2,0.3,0.2832,0.7168,0.581,0.6907,0.7647,True,788,558,4.5,10,2.0242
summ-030,summarisation,noop,1.0,1.0,0.0,1.0,1.0,1.0,True,766,543,4.4146,9,1.9756
summ-030,summarisation,random_deletion,0.7,0.6943,0.3057,0.8145,0.8251,0.8613,False,766,543,4.4146,9,1.9756
summ-030,summarisation,llmlingua_qwen,0.7,0.7716,0.2284,0.7711,0.8318,0.8505,False,766,543,4.4146,9,1.9756
summ-030,summarisation,llmlingua2,0.7,0.6796,0.3204,0.769,0.8469,0.848,True,766,543,4.4146,9,1.9756
summ-030,summarisation,random_deletion,0.5,0.5157,0.4843,0.7055,0.7297,0.779,False,766,543,4.4146,9,1.9756
summ-030,summarisation,llmlingua_qwen,0.5,0.6519,0.3481,0.7228,0.7107,0.7895,False,766,543,4.4146,9,1.9756
summ-030,summarisation,llmlingua2,0.5,0.4899,0.5101,0.642,0.7905,0.8307,True,766,543,4.4146,9,1.9756
summ-030,summarisation,random_deletion,0.3,0.2744,0.7256,0.5938,0.5595,0.6846,True,766,543,4.4146,9,1.9756
summ-030,summarisation,llmlingua_qwen,0.3,0.5249,0.4751,0.691,0.6974,0.7719,False,766,543,4.4146,9,1.9756
summ-030,summarisation,llmlingua2,0.3,0.2818,0.7182,0.5645,0.6582,0.761,True,766,543,4.4146,9,1.9756
summ-031,summarisation,noop,1.0,1.0,0.0,1.0,1.0,1.0,True,749,548,4.0593,10,1.7333
summ-031,summarisation,random_deletion,0.7,0.688,0.312,0.7863,0.6576,0.743,False,749,548,4.0593,10,1.7333
summ-031,summarisation,llmlingua_qwen,0.7,0.7865,0.2135,0.809,0.6485,0.7415,False,749,548,4.0593,10,1.7333
summ-031,summarisation,llmlingua2,0.7,0.6898,0.3102,0.7366,0.7382,0.8048,True,749,548,4.0593,10,1.7333
summ-031,summarisation,random_deletion,0.5,0.5438,0.4562,0.701,0.5853,0.697,False,749,548,4.0593,10,1.7333
summ-031,summarisation,llmlingua_qwen,0.5,0.6588,0.3412,0.7201,0.6779,0.745,True,749,548,4.0593,10,1.7333
summ-031,summarisation,llmlingua2,0.5,0.4909,0.5091,0.6554,0.6695,0.752,True,749,548,4.0593,10,1.7333
summ-031,summarisation,random_deletion,0.3,0.3047,0.6953,0.5892,0.5147,0.6709,False,749,548,4.0593,10,1.7333
summ-031,summarisation,llmlingua_qwen,0.3,0.5018,0.4982,0.6664,0.6297,0.738,False,749,548,4.0593,10,1.7333
summ-031,summarisation,llmlingua2,0.3,0.2938,0.7062,0.5894,0.6362,0.7352,True,749,548,4.0593,10,1.7333
summ-032,summarisation,noop,1.0,1.0,0.0,1.0,1.0,1.0,True,747,540,4.0602,10,1.7519
summ-032,summarisation,random_deletion,0.7,0.6926,0.3074,0.7863,0.6735,0.7649,False,747,540,4.0602,10,1.7519
summ-032,summarisation,llmlingua_qwen,0.7,0.787,0.213,0.805,0.7126,0.7833,False,747,540,4.0602,10,1.7519
summ-032,summarisation,llmlingua2,0.7,0.687,0.313,0.7272,0.7781,0.783,True,747,540,4.0602,10,1.7519
summ-032,summarisation,random_deletion,0.5,0.5037,0.4963,0.7085,0.6424,0.7228,False,747,540,4.0602,10,1.7519
summ-032,summarisation,llmlingua_qwen,0.5,0.6611,0.3389,0.7187,0.7012,0.7708,False,747,540,4.0602,10,1.7519
summ-032,summarisation,llmlingua2,0.5,0.4852,0.5148,0.6688,0.6852,0.7635,False,747,540,4.0602,10,1.7519
summ-032,summarisation,random_deletion,0.3,0.2944,0.7056,0.6065,0.6197,0.7239,False,747,540,4.0602,10,1.7519
summ-032,summarisation,llmlingua_qwen,0.3,0.5204,0.4796,0.672,0.7033,0.7536,True,747,540,4.0602,10,1.7519
summ-032,summarisation,llmlingua2,0.3,0.2944,0.7056,0.5904,0.6936,0.7513,True,747,540,4.0602,10,1.7519
summ-033,summarisation,noop,1.0,1.0,0.0,1.0,1.0,1.0,True,720,528,4.093,10,1.7287
summ-033,summarisation,random_deletion,0.7,0.6818,0.3182,0.7777,0.646,0.7506,False,720,528,4.093,10,1.7287
summ-033,summarisation,llmlingua_qwen,0.7,0.7689,0.2311,0.7875,0.7883,0.8369,True,720,528,4.093,10,1.7287
summ-033,summarisation,llmlingua2,0.7,0.6913,0.3087,0.7446,0.6692,0.7548,False,720,528,4.093,10,1.7287
summ-033,summarisation,random_deletion,0.5,0.5019,0.4981,0.695,0.6553,0.7665,False,720,528,4.093,10,1.7287
summ-033,summarisation,llmlingua_qwen,0.5,0.6326,0.3674,0.706,0.7758,0.8127,True,720,528,4.093,10,1.7287
summ-033,summarisation,llmlingua2,0.5,0.483,0.517,0.6494,0.7201,0.7444,True,720,528,4.093,10,1.7287
summ-033,summarisation,random_deletion,0.3,0.2727,0.7273,0.5508,0.5829,0.7022,True,720,528,4.093,10,1.7287
summ-033,summarisation,llmlingua_qwen,0.3,0.4811,0.5189,0.6612,0.6843,0.7512,True,720,528,4.093,10,1.7287
summ-033,summarisation,llmlingua2,0.3,0.2879,0.7121,0.5748,0.6298,0.7293,True,720,528,4.093,10,1.7287
summ-034,summarisation,noop,1.0,1.0,0.0,1.0,1.0,1.0,True,763,558,4.2273,10,1.7727
summ-034,summarisation,random_deletion,0.7,0.6846,0.3154,0.7684,0.7282,0.7474,False,763,558,4.2273,10,1.7727
summ-034,summarisation,llmlingua_qwen,0.7,0.7724,0.2276,0.7799,0.7924,0.8045,True,763,558,4.2273,10,1.7727
summ-034,summarisation,llmlingua2,0.7,0.6935,0.3065,0.7395,0.7764,0.7642,True,763,558,4.2273,10,1.7727
summ-034,summarisation,random_deletion,0.5,0.4803,0.5197,0.6799,0.6785,0.7481,True,763,558,4.2273,10,1.7727
summ-034,summarisation,llmlingua_qwen,0.5,0.6398,0.3602,0.7004,0.7733,0.7709,True,763,558,4.2273,10,1.7727
summ-034,summarisation,llmlingua2,0.5,0.4928,0.5072,0.6772,0.7162,0.7706,True,763,558,4.2273,10,1.7727
summ-034,summarisation,random_deletion,0.3,0.2849,0.7151,0.6119,0.5871,0.6962,False,763,558,4.2273,10,1.7727
summ-034,summarisation,llmlingua_qwen,0.3,0.509,0.491,0.6586,0.6892,0.727,False,763,558,4.2273,10,1.7727
summ-034,summarisation,llmlingua2,0.3,0.2814,0.7186,0.5861,0.6739,0.7259,True,763,558,4.2273,10,1.7727
summ-035,summarisation,noop,1.0,1.0,0.0,1.0,1.0,1.0,True,735,531,4.0534,10,1.7481
summ-035,summarisation,random_deletion,0.7,0.693,0.307,0.7926,0.7738,0.8062,False,735,531,4.0534,10,1.7481
summ-035,summarisation,llmlingua_qwen,0.7,0.7872,0.2128,0.8056,0.7277,0.7866,False,735,531,4.0534,10,1.7481
summ-035,summarisation,llmlingua2,0.7,0.6893,0.3107,0.7537,0.8108,0.8543,True,735,531,4.0534,10,1.7481
summ-035,summarisation,random_deletion,0.5,0.484,0.516,0.6587,0.7441,0.7912,True,735,531,4.0534,10,1.7481
summ-035,summarisation,llmlingua_qwen,0.5,0.6535,0.3465,0.7138,0.6945,0.7829,False,735,531,4.0534,10,1.7481
summ-035,summarisation,llmlingua2,0.5,0.4896,0.5104,0.6377,0.6704,0.7477,False,735,531,4.0534,10,1.7481
summ-035,summarisation,random_deletion,0.3,0.2994,0.7006,0.5558,0.482,0.6664,False,735,531,4.0534,10,1.7481
summ-035,summarisation,llmlingua_qwen,0.3,0.5066,0.4934,0.6698,0.7282,0.7832,False,735,531,4.0534,10,1.7481
summ-035,summarisation,llmlingua2,0.3,0.2863,0.7137,0.5798,0.626,0.7264,True,735,531,4.0534,10,1.7481
summ-036,summarisation,noop,1.0,1.0,0.0,1.0,1.0,1.0,True,752,547,4.0821,10,1.7164
summ-036,summarisation,random_deletion,0.7,0.7221,0.2779,0.7934,0.7083,0.7788,False,752,547,4.0821,10,1.7164
summ-036,summarisation,llmlingua_qwen,0.7,0.7879,0.2121,0.8028,0.6909,0.7515,False,752,547,4.0821,10,1.7164
summ-036,summarisation,llmlingua2,0.7,0.6892,0.3108,0.7294,0.808,0.8105,True,752,547,4.0821,10,1.7164
summ-036,summarisation,random_deletion,0.5,0.4899,0.5101,0.6852,0.4563,0.6255,False,752,547,4.0821,10,1.7164
summ-036,summarisation,llmlingua_qwen,0.5,0.6435,0.3565,0.7075,0.68,0.7546,False,752,547,4.0821,10,1.7164
summ-036,summarisation,llmlingua2,0.5,0.4973,0.5027,0.6525,0.7388,0.7884,True,752,547,4.0821,10,1.7164
summ-036,summarisation,random_deletion,0.3,0.2852,0.7148,0.5666,0.5449,0.6718,True,752,547,4.0821,10,1.7164
summ-036,summarisation,llmlingua_qwen,0.3,0.5155,0.4845,0.6625,0.6554,0.7361,False,752,547,4.0821,10,1.7164
summ-036,summarisation,llmlingua2,0.3,0.2925,0.7075,0.5756,0.7033,0.7559,True,752,547,4.0821,10,1.7164
summ-037,summarisation,noop,1.0,1.0,0.0,1.0,1.0,1.0,True,754,556,4.1805,10,1.7669
summ-037,summarisation,random_deletion,0.7,0.6871,0.3129,0.792,0.5919,0.7224,False,754,556,4.1805,10,1.7669
summ-037,summarisation,llmlingua_qwen,0.7,0.777,0.223,0.8005,0.7083,0.7585,False,754,556,4.1805,10,1.7669
summ-037,summarisation,llmlingua2,0.7,0.6853,0.3147,0.7357,0.7337,0.7746,True,754,556,4.1805,10,1.7669
summ-037,summarisation,random_deletion,0.5,0.5126,0.4874,0.695,0.6769,0.7436,False,754,556,4.1805,10,1.7669
summ-037,summarisation,llmlingua_qwen,0.5,0.6601,0.3399,0.7108,0.7115,0.7683,True,754,556,4.1805,10,1.7669
summ-037,summarisation,llmlingua2,0.5,0.4892,0.5108,0.6804,0.6969,0.7603,True,754,556,4.1805,10,1.7669
summ-037,summarisation,random_deletion,0.3,0.286,0.714,0.5943,0.6596,0.7552,True,754,556,4.1805,10,1.7669
summ-037,summarisation,llmlingua_qwen,0.3,0.5288,0.4712,0.6759,0.6718,0.7437,False,754,556,4.1805,10,1.7669
summ-037,summarisation,llmlingua2,0.3,0.2932,0.7068,0.5912,0.5924,0.711,False,754,556,4.1805,10,1.7669
summ-038,summarisation,noop,1.0,1.0,0.0,1.0,1.0,1.0,True,755,560,4.1176,10,1.7426
summ-038,summarisation,random_deletion,0.7,0.7161,0.2839,0.8027,0.5738,0.6937,False,755,560,4.1176,10,1.7426
summ-038,summarisation,llmlingua_qwen,0.7,0.7768,0.2232,0.8046,0.7185,0.7516,True,755,560,4.1176,10,1.7426
summ-038,summarisation,llmlingua2,0.7,0.6839,0.3161,0.7266,0.7123,0.8213,True,755,560,4.1176,10,1.7426
summ-038,summarisation,random_deletion,0.5,0.5107,0.4893,0.6795,0.5819,0.6951,False,755,560,4.1176,10,1.7426
summ-038,summarisation,llmlingua_qwen,0.5,0.6464,0.3536,0.7148,0.7078,0.7336,True,755,560,4.1176,10,1.7426
summ-038,summarisation,llmlingua2,0.5,0.4875,0.5125,0.6493,0.683,0.7487,True,755,560,4.1176,10,1.7426
summ-038,summarisation,random_deletion,0.3,0.3,0.7,0.5921,0.6056,0.6943,False,755,560,4.1176,10,1.7426
summ-038,summarisation,llmlingua_qwen,0.3,0.5107,0.4893,0.6768,0.6696,0.7222,False,755,560,4.1176,10,1.7426
summ-038,summarisation,llmlingua2,0.3,0.2911,0.7089,0.5726,0.6092,0.6756,True,755,560,4.1176,10,1.7426
summ-039,summarisation,noop,1.0,1.0,0.0,1.0,1.0,1.0,True,753,555,4.1729,11,1.7669
summ-039,summarisation,random_deletion,0.7,0.6703,0.3297,0.7911,0.7001,0.7608,False,753,555,4.1729,11,1.7669
summ-039,summarisation,llmlingua_qwen,0.7,0.7874,0.2126,0.818,0.7678,0.8003,True,753,555,4.1729,11,1.7669
summ-039,summarisation,llmlingua2,0.7,0.6811,0.3189,0.7385,0.7449,0.7917,True,753,555,4.1729,11,1.7669
summ-039,summarisation,random_deletion,0.5,0.5243,0.4757,0.7003,0.6754,0.751,False,753,555,4.1729,11,1.7669
summ-039,summarisation,llmlingua_qwen,0.5,0.6505,0.3495,0.7201,0.7334,0.7413,True,753,555,4.1729,11,1.7669
summ-039,summarisation,llmlingua2,0.5,0.4919,0.5081,0.6516,0.6291,0.7172,True,753,555,4.1729,11,1.7669
summ-039,summarisation,random_deletion,0.3,0.3045,0.6955,0.6061,0.5509,0.6577,False,753,555,4.1729,11,1.7669
summ-039,summarisation,llmlingua_qwen,0.3,0.5225,0.4775,0.6883,0.7086,0.7647,True,753,555,4.1729,11,1.7669
summ-039,summarisation,llmlingua2,0.3,0.2937,0.7063,0.5844,0.6007,0.6794,True,753,555,4.1729,11,1.7669
summ-040,summarisation,noop,1.0,1.0,0.0,1.0,1.0,1.0,True,763,557,4.0956,10,1.7353
summ-040,summarisation,random_deletion,0.7,0.7056,0.2944,0.8147,0.772,0.8269,True,763,557,4.0956,10,1.7353
summ-040,summarisation,llmlingua_qwen,0.7,0.7774,0.2226,0.806,0.7141,0.744,False,763,557,4.0956,10,1.7353
summ-040,summarisation,llmlingua2,0.7,0.684,0.316,0.7365,0.7393,0.7926,False,763,557,4.0956,10,1.7353
summ-040,summarisation,random_deletion,0.5,0.4991,0.5009,0.6863,0.751,0.7993,True,763,557,4.0956,10,1.7353
summ-040,summarisation,llmlingua_qwen,0.5,0.6391,0.3609,0.6998,0.6894,0.7255,False,763,557,4.0956,10,1.7353
summ-040,summarisation,llmlingua2,0.5,0.4937,0.5063,0.6602,0.7336,0.7961,True,763,557,4.0956,10,1.7353
summ-040,summarisation,random_deletion,0.3,0.2944,0.7056,0.5831,0.4894,0.6563,False,763,557,4.0956,10,1.7353
summ-040,summarisation,llmlingua_qwen,0.3,0.5189,0.4811,0.6662,0.6674,0.7425,False,763,557,4.0956,10,1.7353
summ-040,summarisation,llmlingua2,0.3,0.2855,0.7145,0.5638,0.6311,0.7368,True,763,557,4.0956,10,1.7353
summ-041,summarisation,noop,1.0,1.0,0.0,1.0,1.0,1.0,True,789,559,4.3,9,1.9154
summ-041,summarisation,random_deletion,0.7,0.703,0.297,0.8026,0.7276,0.7896,False,789,559,4.3,9,1.9154
summ-041,summarisation,llmlingua_qwen,0.7,0.7979,0.2021,0.7729,0.7696,0.8229,True,789,559,4.3,9,1.9154
summ-041,summarisation,llmlingua2,0.7,0.6941,0.3059,0.7836,0.7686,0.8187,True,789,559,4.3,9,1.9154
summ-041,summarisation,random_deletion,0.5,0.5152,0.4848,0.6904,0.698,0.7748,False,789,559,4.3,9,1.9154
summ-041,summarisation,llmlingua_qwen,0.5,0.6512,0.3488,0.6949,0.7103,0.8025,False,789,559,4.3,9,1.9154
summ-041,summarisation,llmlingua2,0.5,0.483,0.517,0.7006,0.765,0.8102,True,789,559,4.3,9,1.9154
summ-041,summarisation,random_deletion,0.3,0.3095,0.6905,0.6123,0.6847,0.7635,False,789,559,4.3,9,1.9154
summ-041,summarisation,llmlingua_qwen,0.3,0.5206,0.4794,0.6731,0.6941,0.7865,False,789,559,4.3,9,1.9154
summ-041,summarisation,llmlingua2,0.3,0.2862,0.7138,0.6239,0.688,0.7479,True,789,559,4.3,9,1.9154
summ-042,summarisation,noop,1.0,1.0,0.0,1.0,1.0,1.0,True,767,551,4.373,9,1.8413
summ-042,summarisation,random_deletion,0.7,0.7151,0.2849,0.8121,0.8466,0.8339,False,767,551,4.373,9,1.8413
summ-042,summarisation,llmlingua_qwen,0.7,0.7895,0.2105,0.7741,0.7668,0.8295,False,767,551,4.373,9,1.8413
summ-042,summarisation,llmlingua2,0.7,0.6897,0.3103,0.7693,0.8675,0.8866,True,767,551,4.373,9,1.8413
summ-042,summarisation,random_deletion,0.5,0.4991,0.5009,0.6815,0.5997,0.7183,False,767,551,4.373,9,1.8413
summ-042,summarisation,llmlingua_qwen,0.5,0.6461,0.3539,0.7068,0.7588,0.8334,False,767,551,4.373,9,1.8413
summ-042,summarisation,llmlingua2,0.5,0.4791,0.5209,0.686,0.7821,0.839,True,767,551,4.373,9,1.8413
summ-042,summarisation,random_deletion,0.3,0.2704,0.7296,0.5823,0.4831,0.6644,True,767,551,4.373,9,1.8413
summ-042,summarisation,llmlingua_qwen,0.3,0.5045,0.4955,0.6747,0.6808,0.7396,False,767,551,4.373,9,1.8413
summ-042,summarisation,llmlingua2,0.3,0.2886,0.7114,0.6041,0.644,0.7645,True,767,551,4.373,9,1.8413
summ-043,summarisation,noop,1.0,1.0,0.0,1.0,1.0,1.0,True,754,541,4.3629,9,1.8548
summ-043,summarisation,random_deletion,0.7,0.7024,0.2976,0.8255,0.723,0.8052,False,754,541,4.3629,9,1.8548
summ-043,summarisation,llmlingua_qwen,0.7,0.7856,0.2144,0.7608,0.8137,0.8446,True,754,541,4.3629,9,1.8548
summ-043,summarisation,llmlingua2,0.7,0.6858,0.3142,0.779,0.7817,0.8487,True,754,541,4.3629,9,1.8548
summ-043,summarisation,random_deletion,0.5,0.4972,0.5028,0.6892,0.6392,0.7347,False,754,541,4.3629,9,1.8548
summ-043,summarisation,llmlingua_qwen,0.5,0.6063,0.3937,0.6788,0.6925,0.7848,False,754,541,4.3629,9,1.8548
summ-043,summarisation,llmlingua2,0.5,0.4861,0.5139,0.6833,0.7273,0.8162,True,754,541,4.3629,9,1.8548
summ-043,summarisation,random_deletion,0.3,0.3031,0.6969,0.6013,0.5908,0.706,False,754,541,4.3629,9,1.8548
summ-043,summarisation,llmlingua_qwen,0.3,0.4843,0.5157,0.6589,0.6864,0.7792,True,754,541,4.3629,9,1.8548
summ-043,summarisation,llmlingua2,0.3,0.2847,0.7153,0.6167,0.6517,0.7457,True,754,541,4.3629,9,1.8548
summ-044,summarisation,noop,1.0,1.0,0.0,1.0,1.0,1.0,True,792,567,4.4646,9,1.9134
summ-044,summarisation,random_deletion,0.7,0.6808,0.3192,0.811,0.7487,0.7902,True,792,567,4.4646,9,1.9134
summ-044,summarisation,llmlingua_qwen,0.7,0.7884,0.2116,0.7524,0.7393,0.7931,False,792,567,4.4646,9,1.9134
summ-044,summarisation,llmlingua2,0.7,0.6825,0.3175,0.7696,0.7606,0.8133,True,792,567,4.4646,9,1.9134
summ-044,summarisation,random_deletion,0.5,0.5168,0.4832,0.7191,0.7018,0.7556,False,792,567,4.4646,9,1.9134
summ-044,summarisation,llmlingua_qwen,0.5,0.6402,0.3598,0.69,0.7244,0.7932,False,792,567,4.4646,9,1.9134
summ-044,summarisation,llmlingua2,0.5,0.4868,0.5132,0.6976,0.7386,0.7962,True,792,567,4.4646,9,1.9134
summ-044,summarisation,random_deletion,0.3,0.2804,0.7196,0.5831,0.649,0.7378,True,792,567,4.4646,9,1.9134
summ-044,summarisation,llmlingua_qwen,0.3,0.5062,0.4938,0.6572,0.689,0.767,False,792,567,4.4646,9,1.9134
summ-044,summarisation,llmlingua2,0.3,0.284,0.716,0.6307,0.7304,0.7841,True,792,567,4.4646,9,1.9134
summ-045,summarisation,noop,1.0,1.0,0.0,1.0,1.0,1.0,True,739,527,4.3197,9,1.8689
summ-045,summarisation,random_deletion,0.7,0.7002,0.2998,0.8034,0.7495,0.7925,False,739,527,4.3197,9,1.8689
summ-045,summarisation,llmlingua_qwen,0.7,0.7932,0.2068,0.7712,0.7161,0.7789,False,739,527,4.3197,9,1.8689
summ-045,summarisation,llmlingua2,0.7,0.6831,0.3169,0.7653,0.9158,0.8797,True,739,527,4.3197,9,1.8689
summ-045,summarisation,random_deletion,0.5,0.4649,0.5351,0.6924,0.6785,0.7729,False,739,527,4.3197,9,1.8689
summ-045,summarisation,llmlingua_qwen,0.5,0.6243,0.3757,0.6827,0.6387,0.7476,False,739,527,4.3197,9,1.8689
summ-045,summarisation,llmlingua2,0.5,0.4839,0.5161,0.6814,0.8689,0.9051,True,739,527,4.3197,9,1.8689
summ-045,summarisation,random_deletion,0.3,0.315,0.685,0.615,0.6021,0.7368,False,739,527,4.3197,9,1.8689
summ-045,summarisation,llmlingua_qwen,0.3,0.4763,0.5237,0.6536,0.6319,0.7246,False,739,527,4.3197,9,1.8689
summ-045,summarisation,llmlingua2,0.3,0.2903,0.7097,0.6115,0.7264,0.7937,True,739,527,4.3197,9,1.8689
summ-046,summarisation,noop,1.0,1.0,0.0,1.0,1.0,1.0,True,760,549,4.392,9,1.832
summ-046,summarisation,random_deletion,0.7,0.6885,0.3115,0.7601,0.7162,0.7776,False,760,549,4.392,9,1.832
summ-046,summarisation,llmlingua_qwen,0.7,0.7942,0.2058,0.7738,0.7519,0.8027,False,760,549,4.392,9,1.832
summ-046,summarisation,llmlingua2,0.7,0.6885,0.3115,0.758,0.8218,0.8782,True,760,549,4.392,9,1.832
summ-046,summarisation,random_deletion,0.5,0.4809,0.5191,0.6652,0.6892,0.7911,False,760,549,4.392,9,1.832
summ-046,summarisation,llmlingua_qwen,0.5,0.6138,0.3862,0.6655,0.697,0.7826,False,760,549,4.392,9,1.832
summ-046,summarisation,llmlingua2,0.5,0.4918,0.5082,0.6687,0.8061,0.8446,True,760,549,4.392,9,1.832
summ-046,summarisation,random_deletion,0.3,0.3333,0.6667,0.6059,0.6621,0.7582,False,760,549,4.392,9,1.832
summ-046,summarisation,llmlingua_qwen,0.3,0.4718,0.5282,0.6505,0.6754,0.7747,False,760,549,4.392,9,1.832
summ-046,summarisation,llmlingua2,0.3,0.2823,0.7177,0.6052,0.7078,0.7821,True,760,549,4.392,9,1.832
summ-047,summarisation,noop,1.0,1.0,0.0,1.0,1.0,1.0,True,771,554,4.3968,9,1.873
summ-047,summarisation,random_deletion,0.7,0.6986,0.3014,0.7846,0.7771,0.8389,False,771,554,4.3968,9,1.873
summ-047,summarisation,llmlingua_qwen,0.7,0.796,0.204,0.7719,0.7546,0.7992,False,771,554,4.3968,9,1.873
summ-047,summarisation,llmlingua2,0.7,0.6877,0.3123,0.7847,0.8281,0.8786,True,771,554,4.3968,9,1.873
summ-047,summarisation,random_deletion,0.5,0.4928,0.5072,0.7136,0.6877,0.7735,True,771,554,4.3968,9,1.873
summ-047,summarisation,llmlingua_qwen,0.5,0.6354,0.3646,0.6873,0.6982,0.7679,True,771,554,4.3968,9,1.873
summ-047,summarisation,llmlingua2,0.5,0.4838,0.5162,0.6865,0.6613,0.7393,False,771,554,4.3968,9,1.873
summ-047,summarisation,random_deletion,0.3,0.3123,0.6877,0.5985,0.6669,0.7468,True,771,554,4.3968,9,1.873
summ-047,summarisation,llmlingua_qwen,0.3,0.5144,0.4856,0.671,0.6841,0.7643,False,771,554,4.3968,9,1.873
summ-047,summarisation,llmlingua2,0.3,0.287,0.713,0.6216,0.638,0.7229,True,771,554,4.3968,9,1.873
summ-048,summarisation,noop,1.0,1.0,0.0,1.0,1.0,1.0,True,773,559,4.4016,9,1.8425
summ-048,summarisation,random_deletion,0.7,0.7084,0.2916,0.8121,0.7405,0.7942,False,773,559,4.4016,9,1.8425
summ-048,summarisation,llmlingua_qwen,0.7,0.7943,0.2057,0.7689,0.7377,0.7923,False,773,559,4.4016,9,1.8425
summ-048,summarisation,llmlingua2,0.7,0.6852,0.3148,0.7656,0.8737,0.8928,True,773,559,4.4016,9,1.8425
summ-048,summarisation,random_deletion,0.5,0.5206,0.4794,0.6833,0.7152,0.7845,False,773,559,4.4016,9,1.8425
summ-048,summarisation,llmlingua_qwen,0.5,0.6386,0.3614,0.6952,0.7238,0.7808,False,773,559,4.4016,9,1.8425
summ-048,summarisation,llmlingua2,0.5,0.4866,0.5134,0.6845,0.8067,0.8491,True,773,559,4.4016,9,1.8425
summ-048,summarisation,random_deletion,0.3,0.3023,0.6977,0.5967,0.4674,0.6509,False,773,559,4.4016,9,1.8425
summ-048,summarisation,llmlingua_qwen,0.3,0.5098,0.4902,0.6717,0.704,0.7706,False,773,559,4.4016,9,1.8425
summ-048,summarisation,llmlingua2,0.3,0.2862,0.7138,0.5964,0.6554,0.738,True,773,559,4.4016,9,1.8425
summ-049,summarisation,noop,1.0,1.0,0.0,1.0,1.0,1.0,True,766,550,4.3651,10,1.881
summ-049,summarisation,random_deletion,0.7,0.7036,0.2964,0.8024,0.7337,0.7639,False,766,550,4.3651,10,1.881
summ-049,summarisation,llmlingua_qwen,0.7,0.7982,0.2018,0.773,0.7532,0.7956,False,766,550,4.3651,10,1.881
summ-049,summarisation,llmlingua2,0.7,0.6873,0.3127,0.7701,0.7641,0.8072,True,766,550,4.3651,10,1.881
summ-049,summarisation,random_deletion,0.5,0.5164,0.4836,0.6772,0.6723,0.7285,False,766,550,4.3651,10,1.881
summ-049,summarisation,llmlingua_qwen,0.5,0.62,0.38,0.6932,0.7165,0.7723,False,766,550,4.3651,10,1.881
summ-049,summarisation,llmlingua2,0.5,0.4836,0.5164,0.688,0.7541,0.8109,True,766,550,4.3651,10,1.881
summ-049,summarisation,random_deletion,0.3,0.3145,0.6855,0.5857,0.5996,0.6957,False,766,550,4.3651,10,1.881
summ-049,summarisation,llmlingua_qwen,0.3,0.4964,0.5036,0.6738,0.7215,0.784,False,766,550,4.3651,10,1.881
summ-049,summarisation,llmlingua2,0.3,0.2818,0.7182,0.6106,0.6588,0.7428,True,766,550,4.3651,10,1.881
summ-050,summarisation,noop,1.0,1.0,0.0,1.0,1.0,1.0,True,784,559,4.3333,9,1.8217
summ-050,summarisation,random_deletion,0.7,0.6869,0.3131,0.7815,0.8298,0.8628,True,784,559,4.3333,9,1.8217
summ-050,summarisation,llmlingua_qwen,0.7,0.78,0.22,0.7479,0.7734,0.8217,False,784,559,4.3333,9,1.8217
summ-050,summarisation,llmlingua2,0.7,0.6887,0.3113,0.7677,0.8159,0.8768,False,784,559,4.3333,9,1.8217
summ-050,summarisation,random_deletion,0.5,0.4687,0.5313,0.6531,0.6917,0.7746,True,784,559,4.3333,9,1.8217
summ-050,summarisation,llmlingua_qwen,0.5,0.619,0.381,0.6792,0.6829,0.7487,False,784,559,4.3333,9,1.8217
summ-050,summarisation,llmlingua2,0.5,0.4866,0.5134,0.6637,0.7721,0.8201,True,784,559,4.3333,9,1.8217
summ-050,summarisation,random_deletion,0.3,0.3005,0.6995,0.6128,0.596,0.7126,False,784,559,4.3333,9,1.8217
summ-050,summarisation,llmlingua_qwen,0.3,0.4758,0.5242,0.6473,0.6794,0.7419,False,784,559,4.3333,9,1.8217
summ-050,summarisation,llmlingua2,0.3,0.2826,0.7174,0.6109,0.6787,0.7532,True,784,559,4.3333,9,1.8217
summ-051,summarisation,noop,1.0,1.0,0.0,1.0,1.0,1.0,True,757,545,4.2913,9,1.9055
summ-051,summarisation,random_deletion,0.7,0.7266,0.2734,0.8105,0.6415,0.7358,False,757,545,4.2913,9,1.9055
summ-051,summarisation,llmlingua_qwen,0.7,0.7817,0.2183,0.7686,0.7325,0.8112,False,757,545,4.2913,9,1.9055
summ-051,summarisation,llmlingua2,0.7,0.6954,0.3046,0.7647,0.6911,0.8121,False,757,545,4.2913,9,1.9055
summ-051,summarisation,random_deletion,0.5,0.4716,0.5284,0.7143,0.6535,0.7541,False,757,545,4.2913,9,1.9055
summ-051,summarisation,llmlingua_qwen,0.5,0.6349,0.3651,0.6957,0.7385,0.774,True,757,545,4.2913,9,1.9055
summ-051,summarisation,llmlingua2,0.5,0.4991,0.5009,0.6691,0.705,0.7695,True,757,545,4.2913,9,1.9055
summ-051,summarisation,random_deletion,0.3,0.2917,0.7083,0.6205,0.5926,0.7286,True,757,545,4.2913,9,1.9055
summ-051,summarisation,llmlingua_qwen,0.3,0.4881,0.5119,0.6617,0.6362,0.7471,False,757,545,4.2913,9,1.9055
summ-051,summarisation,llmlingua2,0.3,0.2954,0.7046,0.5876,0.7002,0.755,True,757,545,4.2913,9,1.9055
summ-052,summarisation,noop,1.0,1.0,0.0,1.0,1.0,1.0,True,743,537,4.296,9,1.896
summ-052,summarisation,random_deletion,0.7,0.702,0.298,0.8072,0.7616,0.8195,False,743,537,4.296,9,1.896
summ-052,summarisation,llmlingua_qwen,0.7,0.7896,0.2104,0.7773,0.6789,0.7646,False,743,537,4.296,9,1.896
summ-052,summarisation,llmlingua2,0.7,0.702,0.298,0.7649,0.8161,0.8903,True,743,537,4.296,9,1.896
summ-052,summarisation,random_deletion,0.5,0.5307,0.4693,0.7038,0.6831,0.7696,True,743,537,4.296,9,1.896
summ-052,summarisation,llmlingua_qwen,0.5,0.6443,0.3557,0.715,0.6133,0.7263,False,743,537,4.296,9,1.896
summ-052,summarisation,llmlingua2,0.5,0.5009,0.4991,0.6573,0.6539,0.7559,False,743,537,4.296,9,1.896
summ-052,summarisation,random_deletion,0.3,0.3222,0.6778,0.602,0.619,0.7367,False,743,537,4.296,9,1.896
summ-052,summarisation,llmlingua_qwen,0.3,0.4991,0.5009,0.6753,0.6196,0.716,False,743,537,4.296,9,1.896
summ-052,summarisation,llmlingua2,0.3,0.2961,0.7039,0.5695,0.6618,0.7484,True,743,537,4.296,9,1.896
summ-053,summarisation,noop,1.0,1.0,0.0,1.0,1.0,1.0,True,738,528,4.224,9,1.848
summ-053,summarisation,random_deletion,0.7,0.7045,0.2955,0.8032,0.7582,0.8154,False,738,528,4.224,9,1.848
summ-053,summarisation,llmlingua_qwen,0.7,0.7784,0.2216,0.7607,0.7754,0.8174,True,738,528,4.224,9,1.848
summ-053,summarisation,llmlingua2,0.7,0.697,0.303,0.7575,0.7692,0.8533,True,738,528,4.224,9,1.848
summ-053,summarisation,random_deletion,0.5,0.4886,0.5114,0.7267,0.6632,0.7532,True,738,528,4.224,9,1.848
summ-053,summarisation,llmlingua_qwen,0.5,0.6345,0.3655,0.6913,0.7562,0.7838,True,738,528,4.224,9,1.848
summ-053,summarisation,llmlingua2,0.5,0.4981,0.5019,0.6569,0.6948,0.7929,False,738,528,4.224,9,1.848
summ-053,summarisation,random_deletion,0.3,0.2879,0.7121,0.597,0.5848,0.687,True,738,528,4.224,9,1.848
summ-053,summarisation,llmlingua_qwen,0.3,0.4905,0.5095,0.6547,0.7237,0.765,True,738,528,4.224,9,1.848
summ-053,summarisation,llmlingua2,0.3,0.2917,0.7083,0.585,0.639,0.7415,True,738,528,4.224,9,1.848
summ-054,summarisation,noop,1.0,1.0,0.0,1.0,1.0,1.0,True,786,565,4.4841,9,1.9841
summ-054,summarisation,random_deletion,0.7,0.669,0.331,0.7918,0.7861,0.8025,True,786,565,4.4841,9,1.9841
summ-054,summarisation,llmlingua_qwen,0.7,0.7858,0.2142,0.7643,0.754,0.822,False,786,565,4.4841,9,1.9841
summ-054,summarisation,llmlingua2,0.7,0.692,0.308,0.755,0.7387,0.7691,False,786,565,4.4841,9,1.9841
summ-054,summarisation,random_deletion,0.5,0.4743,0.5257,0.6889,0.6702,0.768,False,786,565,4.4841,9,1.9841
summ-054,summarisation,llmlingua_qwen,0.5,0.6602,0.3398,0.7103,0.7045,0.7883,False,786,565,4.4841,9,1.9841
summ-054,summarisation,llmlingua2,0.5,0.4938,0.5062,0.6645,0.73,0.7624,True,786,565,4.4841,9,1.9841
summ-054,summarisation,random_deletion,0.3,0.2832,0.7168,0.6128,0.6517,0.7584,True,786,565,4.4841,9,1.9841
summ-054,summarisation,llmlingua_qwen,0.3,0.5292,0.4708,0.6748,0.7137,0.8005,False,786,565,4.4841,9,1.9841
summ-054,summarisation,llmlingua2,0.3,0.292,0.708,0.6006,0.727,0.7553,True,786,565,4.4841,9,1.9841
summ-055,summarisation,noop,1.0,1.0,0.0,1.0,1.0,1.0,True,721,522,4.2439,9,1.8455
summ-055,summarisation,random_deletion,0.7,0.7011,0.2989,0.8041,0.7505,0.8179,False,721,522,4.2439,9,1.8455
summ-055,summarisation,llmlingua_qwen,0.7,0.7759,0.2241,0.7687,0.741,0.8072,False,721,522,4.2439,9,1.8455
summ-055,summarisation,llmlingua2,0.7,0.6954,0.3046,0.7582,0.7519,0.8378,True,721,522,4.2439,9,1.8455
summ-055,summarisation,random_deletion,0.5,0.4885,0.5115,0.695,0.7213,0.7817,True,721,522,4.2439,9,1.8455
summ-055,summarisation,llmlingua_qwen,0.5,0.636,0.364,0.7073,0.7062,0.7835,False,721,522,4.2439,9,1.8455
summ-055,summarisation,llmlingua2,0.5,0.4943,0.5057,0.6614,0.7006,0.793,False,721,522,4.2439,9,1.8455
summ-055,summarisation,random_deletion,0.3,0.3065,0.6935,0.6041,0.7101,0.7874,True,721,522,4.2439,9,1.8455
summ-055,summarisation,llmlingua_qwen,0.3,0.4751,0.5249,0.6598,0.6735,0.7704,False,721,522,4.2439,9,1.8455
summ-055,summarisation,llmlingua2,0.3,0.2912,0.7088,0.5914,0.6653,0.7656,True,721,522,4.2439,9,1.8455
summ-056,summarisation,noop,1.0,1.0,0.0,1.0,1.0,1.0,True,758,547,4.2734,9,1.8594
summ-056,summarisation,random_deletion,0.7,0.7093,0.2907,0.796,0.6841,0.7488,False,758,547,4.2734,9,1.8594
summ-056,summarisation,llmlingua_qwen,0.7,0.7971,0.2029,0.7807,0.7572,0.8345,True,758,547,4.2734,9,1.8594
summ-056,summarisation,llmlingua2,0.7,0.691,0.309,0.7305,0.7172,0.7818,True,758,547,4.2734,9,1.8594
summ-056,summarisation,random_deletion,0.5,0.4954,0.5046,0.6926,0.6599,0.7353,True,758,547,4.2734,9,1.8594
summ-056,summarisation,llmlingua_qwen,0.5,0.6399,0.3601,0.7137,0.6973,0.8008,False,758,547,4.2734,9,1.8594
summ-056,summarisation,llmlingua2,0.5,0.4991,0.5009,0.6369,0.7058,0.7691,True,758,547,4.2734,9,1.8594
summ-056,summarisation,random_deletion,0.3,0.309,0.691,0.6354,0.6589,0.7419,True,758,547,4.2734,9,1.8594
summ-056,summarisation,llmlingua_qwen,0.3,0.5064,0.4936,0.669,0.6871,0.7617,False,758,547,4.2734,9,1.8594
summ-056,summarisation,llmlingua2,0.3,0.2888,0.7112,0.592,0.648,0.7575,True,758,547,4.2734,9,1.8594
summ-057,summarisation,noop,1.0,1.0,0.0,1.0,1.0,1.0,True,781,556,4.2443,9,1.8855
summ-057,summarisation,random_deletion,0.7,0.705,0.295,0.8333,0.6822,0.7586,False,781,556,4.2443,9,1.8855
summ-057,summarisation,llmlingua_qwen,0.7,0.8004,0.1996,0.771,0.7114,0.7556,False,781,556,4.2443,9,1.8855
summ-057,summarisation,llmlingua2,0.7,0.6978,0.3022,0.7748,0.7434,0.8045,True,781,556,4.2443,9,1.8855
summ-057,summarisation,random_deletion,0.5,0.5054,0.4946,0.7263,0.7101,0.7823,False,781,556,4.2443,9,1.8855
summ-057,summarisation,llmlingua_qwen,0.5,0.6709,0.3291,0.7103,0.7157,0.7973,False,781,556,4.2443,9,1.8855
summ-057,summarisation,llmlingua2,0.5,0.5,0.5,0.666,0.7225,0.787,True,781,556,4.2443,9,1.8855
summ-057,summarisation,random_deletion,0.3,0.2752,0.7248,0.5914,0.5754,0.6869,True,781,556,4.2443,9,1.8855
summ-057,summarisation,llmlingua_qwen,0.3,0.5234,0.4766,0.6788,0.6777,0.7681,False,781,556,4.2443,9,1.8855
summ-057,summarisation,llmlingua2,0.3,0.295,0.705,0.5758,0.6524,0.7355,True,781,556,4.2443,9,1.8855
summ-058,summarisation,noop,1.0,1.0,0.0,1.0,1.0,1.0,True,763,553,4.3203,9,1.8672
summ-058,summarisation,random_deletion,0.7,0.6962,0.3038,0.812,0.6853,0.7826,False,763,553,4.3203,9,1.8672
summ-058,summarisation,llmlingua_qwen,0.7,0.7866,0.2134,0.769,0.7219,0.7813,False,763,553,4.3203,9,1.8672
summ-058,summarisation,llmlingua2,0.7,0.6962,0.3038,0.7628,0.7352,0.809,False,763,553,4.3203,9,1.8672
summ-058,summarisation,random_deletion,0.5,0.4702,0.5298,0.689,0.6084,0.7151,False,763,553,4.3203,9,1.8672
summ-058,summarisation,llmlingua_qwen,0.5,0.6438,0.3562,0.7105,0.7718,0.8119,True,763,553,4.3203,9,1.8672
summ-058,summarisation,llmlingua2,0.5,0.4973,0.5027,0.6669,0.7159,0.7787,False,763,553,4.3203,9,1.8672
summ-058,summarisation,random_deletion,0.3,0.2749,0.7251,0.6008,0.6223,0.7064,True,763,553,4.3203,9,1.8672
summ-058,summarisation,llmlingua_qwen,0.3,0.4973,0.5027,0.6807,0.7172,0.7794,True,763,553,4.3203,9,1.8672
summ-058,summarisation,llmlingua2,0.3,0.2948,0.7052,0.5958,0.6684,0.7716,True,763,553,4.3203,9,1.8672
summ-059,summarisation,noop,1.0,1.0,0.0,1.0,1.0,1.0,True,754,541,4.328,10,1.904
summ-059,summarisation,random_deletion,0.7,0.6987,0.3013,0.8056,0.677,0.7702,False,754,541,4.328,10,1.904
summ-059,summarisation,llmlingua_qwen,0.7,0.7874,0.2126,0.7776,0.7739,0.8154,True,754,541,4.328,10,1.904
summ-059,summarisation,llmlingua2,0.7,0.6969,0.3031,0.7746,0.7358,0.7932,False,754,541,4.328,10,1.904
summ-059,summarisation,random_deletion,0.5,0.4954,0.5046,0.6936,0.619,0.7118,False,754,541,4.328,10,1.904
summ-059,summarisation,llmlingua_qwen,0.5,0.6266,0.3734,0.7094,0.7371,0.7843,True,754,541,4.328,10,1.904
summ-059,summarisation,llmlingua2,0.5,0.4917,0.5083,0.658,0.6635,0.7621,False,754,541,4.328,10,1.904
summ-059,summarisation,random_deletion,0.3,0.3013,0.6987,0.6151,0.6576,0.7414,True,754,541,4.328,10,1.904
summ-059,summarisation,llmlingua_qwen,0.3,0.4861,0.5139,0.6707,0.7274,0.7806,True,754,541,4.328,10,1.904
summ-059,summarisation,llmlingua2,0.3,0.2939,0.7061,0.5816,0.6473,0.7515,True,754,541,4.328,10,1.904
summ-060,summarisation,noop,1.0,1.0,0.0,1.0,1.0,1.0,True,776,556,4.2769,9,1.8154
summ-060,summarisation,random_deletion,0.7,0.7104,0.2896,0.8171,0.7629,0.8341,False,776,556,4.2769,9,1.8154
summ-060,summarisation,llmlingua_qwen,0.7,0.7968,0.2032,0.7817,0.747,0.8162,False,776,556,4.2769,9,1.8154
summ-060,summarisation,llmlingua2,0.7,0.696,0.304,0.7711,0.7642,0.8278,True,776,556,4.2769,9,1.8154
summ-060,summarisation,random_deletion,0.5,0.5054,0.4946,0.6901,0.6995,0.7722,False,776,556,4.2769,9,1.8154
summ-060,summarisation,llmlingua_qwen,0.5,0.6493,0.3507,0.7143,0.7335,0.7904,False,776,556,4.2769,9,1.8154
summ-060,summarisation,llmlingua2,0.5,0.4982,0.5018,0.6714,0.7511,0.8061,True,776,556,4.2769,9,1.8154
summ-060,summarisation,random_deletion,0.3,0.2914,0.7086,0.6135,0.5626,0.689,False,776,556,4.2769,9,1.8154
summ-060,summarisation,llmlingua_qwen,0.3,0.5306,0.4694,0.695,0.6479,0.7402,False,776,556,4.2769,9,1.8154
summ-060,summarisation,llmlingua2,0.3,0.2896,0.7104,0.5838,0.6732,0.7684,True,776,556,4.2769,9,1.8154
summ-061,summarisation,noop,1.0,1.0,0.0,1.0,1.0,1.0,True,752,535,4.6522,9,2.0609
summ-061,summarisation,random_deletion,0.7,0.6935,0.3065,0.819,0.6973,0.7934,False,752,535,4.6522,9,2.0609
summ-061,summarisation,llmlingua_qwen,0.7,0.7626,0.2374,0.7772,0.6857,0.7863,False,752,535,4.6522,9,2.0609
summ-061,summarisation,llmlingua2,0.7,0.6916,0.3084,0.7676,0.7549,0.8403,False,752,535,4.6522,9,2.0609
summ-061,summarisation,random_deletion,0.5,0.4953,0.5047,0.7012,0.5873,0.7312,False,752,535,4.6522,9,2.0609
summ-061,summarisation,llmlingua_qwen,0.5,0.6467,0.3533,0.6912,0.7395,0.828,False,752,535,4.6522,9,2.0609
summ-061,summarisation,llmlingua2,0.5,0.4879,0.5121,0.6812,0.7065,0.8192,True,752,535,4.6522,9,2.0609
summ-061,summarisation,random_deletion,0.3,0.2766,0.7234,0.6112,0.6544,0.7671,True,752,535,4.6522,9,2.0609
summ-061,summarisation,llmlingua_qwen,0.3,0.5383,0.4617,0.6954,0.774,0.8425,True,752,535,4.6522,9,2.0609
summ-061,summarisation,llmlingua2,0.3,0.2822,0.7178,0.5892,0.5322,0.6869,False,752,535,4.6522,9,2.0609
summ-062,summarisation,noop,1.0,1.0,0.0,1.0,1.0,1.0,True,742,529,4.6814,9,2.0531
summ-062,summarisation,random_deletion,0.7,0.6673,0.3327,0.8204,0.7694,0.8453,True,742,529,4.6814,9,2.0531
summ-062,summarisation,llmlingua_qwen,0.7,0.7694,0.2306,0.7823,0.7351,0.8222,False,742,529,4.6814,9,2.0531
summ-062,summarisation,llmlingua2,0.7,0.6919,0.3081,0.7585,0.7645,0.8185,False,742,529,4.6814,9,2.0531
summ-062,summarisation,random_deletion,0.5,0.4877,0.5123,0.6967,0.711,0.8003,True,742,529,4.6814,9,2.0531
summ-062,summarisation,llmlingua_qwen,0.5,0.6635,0.3365,0.7175,0.7429,0.8145,True,742,529,4.6814,9,2.0531
summ-062,summarisation,llmlingua2,0.5,0.4934,0.5066,0.6694,0.7041,0.7861,False,742,529,4.6814,9,2.0531
summ-062,summarisation,random_deletion,0.3,0.293,0.707,0.6096,0.542,0.6801,False,742,529,4.6814,9,2.0531
summ-062,summarisation,llmlingua_qwen,0.3,0.5482,0.4518,0.7093,0.7254,0.816,True,742,529,4.6814,9,2.0531
summ-062,summarisation,llmlingua2,0.3,0.2911,0.7089,0.6091,0.6884,0.7941,True,742,529,4.6814,9,2.0531
summ-063,summarisation,noop,1.0,1.0,0.0,1.0,1.0,1.0,True,729,516,4.6486,9,2.036
summ-063,summarisation,random_deletion,0.7,0.6996,0.3004,0.8385,0.758,0.8263,True,729,516,4.6486,9,2.036
summ-063,summarisation,llmlingua_qwen,0.7,0.7364,0.2636,0.7655,0.7373,0.7994,False,729,516,4.6486,9,2.036
summ-063,summarisation,llmlingua2,0.7,0.688,0.312,0.7567,0.7328,0.7976,True,729,516,4.6486,9,2.036
summ-063,summarisation,random_deletion,0.5,0.4845,0.5155,0.6988,0.6661,0.7495,True,729,516,4.6486,9,2.036
summ-063,summarisation,llmlingua_qwen,0.5,0.6279,0.3721,0.6878,0.7082,0.7594,False,729,516,4.6486,9,2.036
summ-063,summarisation,llmlingua2,0.5,0.4845,0.5155,0.6758,0.6453,0.7345,False,729,516,4.6486,9,2.036
summ-063,summarisation,random_deletion,0.3,0.3081,0.6919,0.6506,0.6109,0.7217,False,729,516,4.6486,9,2.036
summ-063,summarisation,llmlingua_qwen,0.3,0.4942,0.5058,0.6849,0.7109,0.7998,True,729,516,4.6486,9,2.036
summ-063,summarisation,llmlingua2,0.3,0.2888,0.7112,0.6096,0.6218,0.7222,True,729,516,4.6486,9,2.036
summ-064,summarisation,noop,1.0,1.0,0.0,1.0,1.0,1.0,True,765,535,4.693,9,2.0965
summ-064,summarisation,random_deletion,0.7,0.6729,0.3271,0.8248,0.7619,0.7762,True,765,535,4.693,9,2.0965
summ-064,summarisation,llmlingua_qwen,0.7,0.7551,0.2449,0.7761,0.738,0.8229,False,765,535,4.693,9,2.0965
summ-064,summarisation,llmlingua2,0.7,0.6822,0.3178,0.7588,0.7382,0.8211,False,765,535,4.693,9,2.0965
summ-064,summarisation,random_deletion,0.5,0.4804,0.5196,0.7221,0.7286,0.759,True,765,535,4.693,9,2.0965
summ-064,summarisation,llmlingua_qwen,0.5,0.6486,0.3514,0.7097,0.6912,0.7928,False,765,535,4.693,9,2.0965
summ-064,summarisation,llmlingua2,0.5,0.4879,0.5121,0.6786,0.7092,0.7628,False,765,535,4.693,9,2.0965
summ-064,summarisation,random_deletion,0.3,0.2953,0.7047,0.6327,0.5914,0.7077,False,765,535,4.693,9,2.0965
summ-064,summarisation,llmlingua_qwen,0.3,0.5308,0.4692,0.6852,0.6625,0.7657,False,765,535,4.693,9,2.0965
summ-064,summarisation,llmlingua2,0.3,0.286,0.714,0.6092,0.6756,0.7225,True,765,535,4.693,9,2.0965
summ-065,summarisation,noop,1.0,1.0,0.0,1.0,1.0,1.0,True,720,514,4.6306,9,1.982
summ-065,summarisation,random_deletion,0.7,0.7043,0.2957,0.8285,0.7158,0.8078,False,720,514,4.6306,9,1.982
summ-065,summarisation,llmlingua_qwen,0.7,0.7549,0.2451,0.7794,0.7435,0.7966,False,720,514,4.6306,9,1.982
summ-065,summarisation,llmlingua2,0.7,0.6907,0.3093,0.7692,0.7716,0.8722,True,720,514,4.6306,9,1.982
summ-065,summarisation,random_deletion,0.5,0.4922,0.5078,0.7061,0.6776,0.828,False,720,514,4.6306,9,1.982
summ-065,summarisation,llmlingua_qwen,0.5,0.6459,0.3541,0.701,0.7199,0.7714,False,720,514,4.6306,9,1.982
summ-065,summarisation,llmlingua2,0.5,0.4903,0.5097,0.6771,0.7314,0.8055,True,720,514,4.6306,9,1.982
summ-065,summarisation,random_deletion,0.3,0.3016,0.6984,0.646,0.4998,0.6906,False,720,514,4.6306,9,1.982
summ-065,summarisation,llmlingua_qwen,0.3,0.5175,0.4825,0.6853,0.6851,0.7664,False,720,514,4.6306,9,1.982
summ-065,summarisation,llmlingua2,0.3,0.2899,0.7101,0.5997,0.7092,0.7662,True,720,514,4.6306,9,1.982
summ-066,summarisation,noop,1.0,1.0,0.0,1.0,1.0,1.0,True,759,539,4.6466,9,1.9914
summ-066,summarisation,random_deletion,0.7,0.692,0.308,0.8241,0.7808,0.8325,True,759,539,4.6466,9,1.9914
summ-066,summarisation,llmlingua_qwen,0.7,0.7662,0.2338,0.7993,0.8034,0.8248,True,759,539,4.6466,9,1.9914
summ-066,summarisation,llmlingua2,0.7,0.6976,0.3024,0.7528,0.7892,0.8516,True,759,539,4.6466,9,1.9914
summ-066,summarisation,random_deletion,0.5,0.4861,0.5139,0.7024,0.736,0.7966,False,759,539,4.6466,9,1.9914
summ-066,summarisation,llmlingua_qwen,0.5,0.6679,0.3321,0.733,0.7217,0.804,False,759,539,4.6466,9,1.9914
summ-066,summarisation,llmlingua2,0.5,0.4842,0.5158,0.6772,0.7382,0.8157,True,759,539,4.6466,9,1.9914
summ-066,summarisation,random_deletion,0.3,0.3265,0.6735,0.6304,0.6867,0.7791,True,759,539,4.6466,9,1.9914
summ-066,summarisation,llmlingua_qwen,0.3,0.5566,0.4434,0.7302,0.7357,0.7994,False,759,539,4.6466,9,1.9914
summ-066,summarisation,llmlingua2,0.3,0.2839,0.7161,0.6009,0.6762,0.7749,True,759,539,4.6466,9,1.9914
summ-067,summarisation,noop,1.0,1.0,0.0,1.0,1.0,1.0,True,746,528,4.7568,9,2.0721
summ-067,summarisation,random_deletion,0.7,0.7121,0.2879,0.8152,0.7641,0.8337,False,746,528,4.7568,9,2.0721
summ-067,summarisation,llmlingua_qwen,0.7,0.7481,0.2519,0.7659,0.7263,0.7899,False,746,528,4.7568,9,2.0721
summ-067,summarisation,llmlingua2,0.7,0.697,0.303,0.7664,0.7858,0.8407,True,746,528,4.7568,9,2.0721
summ-067,summarisation,random_deletion,0.5,0.5208,0.4792,0.7457,0.6975,0.7564,False,746,528,4.7568,9,2.0721
summ-067,summarisation,llmlingua_qwen,0.5,0.6458,0.3542,0.7143,0.714,0.7771,True,746,528,4.7568,9,2.0721
summ-067,summarisation,llmlingua2,0.5,0.4905,0.5095,0.68,0.6986,0.7885,True,746,528,4.7568,9,2.0721
summ-067,summarisation,random_deletion,0.3,0.2708,0.7292,0.6202,0.6278,0.735,True,746,528,4.7568,9,2.0721
summ-067,summarisation,llmlingua_qwen,0.3,0.5114,0.4886,0.6899,0.671,0.7321,False,746,528,4.7568,9,2.0721
summ-067,summarisation,llmlingua2,0.3,0.2879,0.7121,0.6142,0.6357,0.7289,True,746,528,4.7568,9,2.0721
summ-068,summarisation,noop,1.0,1.0,0.0,1.0,1.0,1.0,True,746,531,4.6579,9,2.0175
summ-068,summarisation,random_deletion,0.7,0.6911,0.3089,0.7961,0.7134,0.7914,False,746,531,4.6579,9,2.0175
summ-068,summarisation,llmlingua_qwen,0.7,0.7401,0.2599,0.7664,0.7428,0.83,True,746,531,4.6579,9,2.0175
summ-068,summarisation,llmlingua2,0.7,0.6911,0.3089,0.7662,0.7364,0.812,False,746,531,4.6579,9,2.0175
summ-068,summarisation,random_deletion,0.5,0.5179,0.4821,0.7269,0.6103,0.7188,False,746,531,4.6579,9,2.0175
summ-068,summarisation,llmlingua_qwen,0.5,0.6516,0.3484,0.7093,0.7208,0.8036,False,746,531,4.6579,9,2.0175
summ-068,summarisation,llmlingua2,0.5,0.4915,0.5085,0.6742,0.7213,0.7943,True,746,531,4.6579,9,2.0175
summ-068,summarisation,random_deletion,0.3,0.2994,0.7006,0.6182,0.6009,0.7168,True,746,531,4.6579,9,2.0175
summ-068,summarisation,llmlingua_qwen,0.3,0.5122,0.4878,0.6893,0.7379,0.7773,True,746,531,4.6579,9,2.0175
summ-068,summarisation,llmlingua2,0.3,0.2881,0.7119,0.5978,0.6005,0.7111,True,746,531,4.6579,9,2.0175
summ-069,summarisation,noop,1.0,1.0,0.0,1.0,1.0,1.0,True,759,540,4.6957,10,2.0261
summ-069,summarisation,random_deletion,0.7,0.687,0.313,0.8185,0.7757,0.8018,True,759,540,4.6957,10,2.0261
summ-069,summarisation,llmlingua_qwen,0.7,0.7463,0.2537,0.7817,0.7652,0.805,False,759,540,4.6957,10,2.0261
summ-069,summarisation,llmlingua2,0.7,0.6981,0.3019,0.7794,0.7677,0.8102,False,759,540,4.6957,10,2.0261
summ-069,summarisation,random_deletion,0.5,0.5019,0.4981,0.7261,0.695,0.7363,True,759,540,4.6957,10,2.0261
summ-069,summarisation,llmlingua_qwen,0.5,0.6315,0.3685,0.7191,0.714,0.7549,False,759,540,4.6957,10,2.0261
summ-069,summarisation,llmlingua2,0.5,0.487,0.513,0.6963,0.6696,0.7525,True,759,540,4.6957,10,2.0261
summ-069,summarisation,random_deletion,0.3,0.3074,0.6926,0.6412,0.6213,0.725,False,759,540,4.6957,10,2.0261
summ-069,summarisation,llmlingua_qwen,0.3,0.5278,0.4722,0.7087,0.7144,0.7539,True,759,540,4.6957,10,2.0261
summ-069,summarisation,llmlingua2,0.3,0.2907,0.7093,0.6125,0.665,0.7416,True,759,540,4.6957,10,2.0261
summ-070,summarisation,noop,1.0,1.0,0.0,1.0,1.0,1.0,True,763,537,4.7105,9,2.0439
summ-070,summarisation,random_deletion,0.7,0.7207,0.2793,0.8123,0.8175,0.8706,False,763,537,4.7105,9,2.0439
summ-070,summarisation,llmlingua_qwen,0.7,0.7356,0.2644,0.7615,0.749,0.8043,False,763,537,4.7105,9,2.0439
summ-070,summarisation,llmlingua2,0.7,0.6983,0.3017,0.7722,0.8216,0.8781,True,763,537,4.7105,9,2.0439
summ-070,summarisation,random_deletion,0.5,0.4991,0.5009,0.7239,0.7071,0.7894,False,763,537,4.7105,9,2.0439
summ-070,summarisation,llmlingua_qwen,0.5,0.6387,0.3613,0.706,0.7136,0.7683,False,763,537,4.7105,9,2.0439
summ-070,summarisation,llmlingua2,0.5,0.4953,0.5047,0.6768,0.738,0.7996,True,763,537,4.7105,9,2.0439
summ-070,summarisation,random_deletion,0.3,0.3091,0.6909,0.6431,0.6095,0.725,True,763,537,4.7105,9,2.0439
summ-070,summarisation,llmlingua_qwen,0.3,0.5214,0.4786,0.686,0.6884,0.7623,False,763,537,4.7105,9,2.0439
summ-070,summarisation,llmlingua2,0.3,0.2905,0.7095,0.6042,0.5594,0.7076,True,763,537,4.7105,9,2.0439
summ-071,summarisation,noop,1.0,1.0,0.0,1.0,1.0,1.0,True,761,548,4.4553,9,1.9837
summ-071,summarisation,random_deletion,0.7,0.6788,0.3212,0.832,0.7331,0.8118,True,761,548,4.4553,9,1.9837
summ-071,summarisation,llmlingua_qwen,0.7,0.7774,0.2226,0.7655,0.7502,0.8239,True,761,548,4.4553,9,1.9837
summ-071,summarisation,llmlingua2,0.7,0.6916,0.3084,0.7571,0.738,0.8102,True,761,548,4.4553,9,1.9837
summ-071,summarisation,random_deletion,0.5,0.5201,0.4799,0.7385,0.6993,0.8145,True,761,548,4.4553,9,1.9837
summ-071,summarisation,llmlingua_qwen,0.5,0.646,0.354,0.7001,0.6457,0.7718,False,761,548,4.4553,9,1.9837
summ-071,summarisation,llmlingua2,0.5,0.4927,0.5073,0.6518,0.6571,0.7781,True,761,548,4.4553,9,1.9837
summ-071,summarisation,random_deletion,0.3,0.2755,0.7245,0.6343,0.5852,0.7238,True,761,548,4.4553,9,1.9837
summ-071,summarisation,llmlingua_qwen,0.3,0.542,0.458,0.6829,0.645,0.7672,False,761,548,4.4553,9,1.9837
summ-071,summarisation,llmlingua2,0.3,0.2974,0.7026,0.5824,0.6472,0.7685,True,761,548,4.4553,9,1.9837
summ-072,summarisation,noop,1.0,1.0,0.0,1.0,1.0,1.0,True,769,554,4.432,9,1.912
summ-072,summarisation,random_deletion,0.7,0.6968,0.3032,0.7943,0.6976,0.7795,False,769,554,4.432,9,1.912
summ-072,summarisation,llmlingua_qwen,0.7,0.769,0.231,0.7677,0.7064,0.7639,False,769,554,4.432,9,1.912
summ-072,summarisation,llmlingua2,0.7,0.6949,0.3051,0.7279,0.8112,0.8488,True,769,554,4.432,9,1.912
summ-072,summarisation,random_deletion,0.5,0.5307,0.4693,0.7213,0.6718,0.7751,False,769,554,4.432,9,1.912
summ-072,summarisation,llmlingua_qwen,0.5,0.6516,0.3484,0.7071,0.6275,0.739,False,769,554,4.432,9,1.912
summ-072,summarisation,llmlingua2,0.5,0.491,0.509,0.6509,0.7396,0.8392,True,769,554,4.432,9,1.912
summ-072,summarisation,random_deletion,0.3,0.3285,0.6715,0.6235,0.4867,0.6646,False,769,554,4.432,9,1.912
summ-072,summarisation,llmlingua_qwen,0.3,0.5397,0.4603,0.6888,0.6913,0.81,False,769,554,4.432,9,1.912
summ-072,summarisation,llmlingua2,0.3,0.296,0.704,0.598,0.6576,0.7706,True,769,554,4.432,9,1.912
summ-073,summarisation,noop,1.0,1.0,0.0,1.0,1.0,1.0,True,750,537,4.438,9,1.9587
summ-073,summarisation,random_deletion,0.7,0.6816,0.3184,0.8028,0.7209,0.8063,True,750,537,4.438,9,1.9587
summ-073,summarisation,llmlingua_qwen,0.7,0.7784,0.2216,0.7657,0.7343,0.7947,False,750,537,4.438,9,1.9587
summ-073,summarisation,llmlingua2,0.7,0.6927,0.3073,0.7621,0.7617,0.836,True,750,537,4.438,9,1.9587
summ-073,summarisation,random_deletion,0.5,0.5047,0.4953,0.7031,0.6781,0.7492,True,750,537,4.438,9,1.9587
summ-073,summarisation,llmlingua_qwen,0.5,0.6331,0.3669,0.6909,0.6705,0.7221,False,750,537,4.438,9,1.9587
summ-073,summarisation,llmlingua2,0.5,0.4879,0.5121,0.6662,0.6645,0.7531,True,750,537,4.438,9,1.9587
summ-073,summarisation,random_deletion,0.3,0.2868,0.7132,0.6413,0.5865,0.7017,True,750,537,4.438,9,1.9587
summ-073,summarisation,llmlingua_qwen,0.3,0.5196,0.4804,0.6716,0.6761,0.7273,False,750,537,4.438,9,1.9587
summ-073,summarisation,llmlingua2,0.3,0.2942,0.7058,0.6048,0.6155,0.723,True,750,537,4.438,9,1.9587
summ-074,summarisation,noop,1.0,1.0,0.0,1.0,1.0,1.0,True,774,562,4.6066,9,2.0328
summ-074,summarisation,random_deletion,0.7,0.6957,0.3043,0.7854,0.7443,0.7881,True,774,562,4.6066,9,2.0328
summ-074,summarisation,llmlingua_qwen,0.7,0.7794,0.2206,0.7691,0.7994,0.8294,True,774,562,4.6066,9,2.0328
summ-074,summarisation,llmlingua2,0.7,0.6993,0.3007,0.7545,0.7406,0.7759,False,774,562,4.6066,9,2.0328
summ-074,summarisation,random_deletion,0.5,0.4698,0.5302,0.6953,0.6622,0.7387,False,774,562,4.6066,9,2.0328
summ-074,summarisation,llmlingua_qwen,0.5,0.6548,0.3452,0.7049,0.6777,0.7361,False,774,562,4.6066,9,2.0328
summ-074,summarisation,llmlingua2,0.5,0.4911,0.5089,0.6725,0.7069,0.7536,True,774,562,4.6066,9,2.0328
summ-074,summarisation,random_deletion,0.3,0.2936,0.7064,0.5977,0.6306,0.7217,False,774,562,4.6066,9,2.0328
summ-074,summarisation,llmlingua_qwen,0.3,0.5641,0.4359,0.6926,0.6643,0.7259,False,774,562,4.6066,9,2.0328
summ-074,summarisation,llmlingua2,0.3,0.2936,0.7064,0.6016,0.6629,0.7525,True,774,562,4.6066,9,2.0328
summ-075,summarisation,noop,1.0,1.0,0.0,1.0,1.0,1.0,True,739,535,4.4215,9,1.9256
summ-075,summarisation,random_deletion,0.7,0.6972,0.3028,0.7853,0.6878,0.8022,False,739,535,4.4215,9,1.9256
summ-075,summarisation,llmlingua_qwen,0.7,0.785,0.215,0.7597,0.6825,0.7742,False,739,535,4.4215,9,1.9256
summ-075,summarisation,llmlingua2,0.7,0.6972,0.3028,0.7393,0.7133,0.7937,False,739,535,4.4215,9,1.9256
summ-075,summarisation,random_deletion,0.5,0.4692,0.5308,0.6777,0.7127,0.7971,True,739,535,4.4215,9,1.9256
summ-075,summarisation,llmlingua_qwen,0.5,0.6561,0.3439,0.7124,0.7621,0.8134,True,739,535,4.4215,9,1.9256
summ-075,summarisation,llmlingua2,0.5,0.4916,0.5084,0.6452,0.7459,0.8294,True,739,535,4.4215,9,1.9256
summ-075,summarisation,random_deletion,0.3,0.2822,0.7178,0.6018,0.5928,0.7219,True,739,535,4.4215,9,1.9256
summ-075,summarisation,llmlingua_qwen,0.3,0.5364,0.4636,0.69,0.6948,0.788,False,739,535,4.4215,9,1.9256
summ-075,summarisation,llmlingua2,0.3,0.286,0.714,0.6007,0.6512,0.7665,True,739,535,4.4215,9,1.9256
summ-076,summarisation,noop,1.0,1.0,0.0,1.0,1.0,1.0,True,778,562,4.5323,9,1.9516
summ-076,summarisation,random_deletion,0.7,0.6904,0.3096,0.78,0.6869,0.7683,False,778,562,4.5323,9,1.9516
summ-076,summarisation,llmlingua_qwen,0.7,0.7776,0.2224,0.7725,0.7095,0.7912,False,778,562,4.5323,9,1.9516
summ-076,summarisation,llmlingua2,0.7,0.6975,0.3025,0.7238,0.7203,0.7993,True,778,562,4.5323,9,1.9516
summ-076,summarisation,random_deletion,0.5,0.5036,0.4964,0.6995,0.669,0.7736,False,778,562,4.5323,9,1.9516
summ-076,summarisation,llmlingua_qwen,0.5,0.6423,0.3577,0.7151,0.6982,0.7983,True,778,562,4.5323,9,1.9516
summ-076,summarisation,llmlingua2,0.5,0.4858,0.5142,0.6372,0.6755,0.7914,True,778,562,4.5323,9,1.9516
summ-076,summarisation,random_deletion,0.3,0.2829,0.7171,0.608,0.5724,0.7197,True,778,562,4.5323,9,1.9516
summ-076,summarisation,llmlingua_qwen,0.3,0.5356,0.4644,0.6941,0.6667,0.7676,False,778,562,4.5323,9,1.9516
summ-076,summarisation,llmlingua2,0.3,0.2989,0.7011,0.5983,0.6432,0.7646,True,778,562,4.5323,9,1.9516
summ-077,summarisation,noop,1.0,1.0,0.0,1.0,1.0,1.0,True,771,561,4.561,9,1.9431
summ-077,summarisation,random_deletion,0.7,0.6863,0.3137,0.8145,0.7472,0.7953,True,771,561,4.561,9,1.9431
summ-077,summarisation,llmlingua_qwen,0.7,0.7772,0.2228,0.768,0.7156,0.7829,False,771,561,4.561,9,1.9431
summ-077,summarisation,llmlingua2,0.7,0.7005,0.2995,0.7474,0.7923,0.8591,True,771,561,4.561,9,1.9431
summ-077,summarisation,random_deletion,0.5,0.5276,0.4724,0.7243,0.6623,0.7536,False,771,561,4.561,9,1.9431
summ-077,summarisation,llmlingua_qwen,0.5,0.6667,0.3333,0.7184,0.7123,0.7814,True,771,561,4.561,9,1.9431
summ-077,summarisation,llmlingua2,0.5,0.4938,0.5062,0.6479,0.6932,0.7841,True,771,561,4.561,9,1.9431
summ-077,summarisation,random_deletion,0.3,0.3529,0.6471,0.6169,0.6501,0.7624,False,771,561,4.561,9,1.9431
summ-077,summarisation,llmlingua_qwen,0.3,0.5401,0.4599,0.6886,0.6997,0.7688,True,771,561,4.561,9,1.9431
summ-077,summarisation,llmlingua2,0.3,0.287,0.713,0.6005,0.6512,0.745,True,771,561,4.561,9,1.9431
summ-078,summarisation,noop,1.0,1.0,0.0,1.0,1.0,1.0,True,749,546,4.4754,9,1.9262
summ-078,summarisation,random_deletion,0.7,0.685,0.315,0.796,0.6588,0.7318,False,749,546,4.4754,9,1.9262
summ-078,summarisation,llmlingua_qwen,0.7,0.7802,0.2198,0.7574,0.697,0.7889,False,749,546,4.4754,9,1.9262
summ-078,summarisation,llmlingua2,0.7,0.696,0.304,0.7377,0.6953,0.7922,False,749,546,4.4754,9,1.9262
summ-078,summarisation,random_deletion,0.5,0.5073,0.4927,0.6826,0.5912,0.7385,False,749,546,4.4754,9,1.9262
summ-078,summarisation,llmlingua_qwen,0.5,0.6484,0.3516,0.6949,0.7139,0.7626,True,749,546,4.4754,9,1.9262
summ-078,summarisation,llmlingua2,0.5,0.4963,0.5037,0.6488,0.6349,0.7419,True,749,546,4.4754,9,1.9262
summ-078,summarisation,random_deletion,0.3,0.2821,0.7179,0.6044,0.5503,0.6829,True,749,546,4.4754,9,1.9262
summ-078,summarisation,llmlingua_qwen,0.3,0.5348,0.4652,0.6765,0.6516,0.7525,True,749,546,4.4754,9,1.9262
summ-078,summarisation,llmlingua2,0.3,0.2967,0.7033,0.5841,0.5596,0.7075,True,749,546,4.4754,9,1.9262
summ-079,summarisation,noop,1.0,1.0,0.0,1.0,1.0,1.0,True,768,557,4.456,10,1.968
summ-079,summarisation,random_deletion,0.7,0.684,0.316,0.8143,0.7193,0.8011,False,768,557,4.456,10,1.968
summ-079,summarisation,llmlingua_qwen,0.7,0.7738,0.2262,0.7639,0.7741,0.8177,True,768,557,4.456,10,1.968
summ-079,summarisation,llmlingua2,0.7,0.6894,0.3106,0.7481,0.7203,0.793,False,768,557,4.456,10,1.968
summ-079,summarisation,random_deletion,0.5,0.4865,0.5135,0.6707,0.6332,0.7198,False,768,557,4.456,10,1.968
summ-079,summarisation,llmlingua_qwen,0.5,0.6355,0.3645,0.7161,0.7539,0.7945,True,768,557,4.456,10,1.968
summ-079,summarisation,llmlingua2,0.5,0.4937,0.5063,0.6552,0.6588,0.7539,False,768,557,4.456,10,1.968
summ-079,summarisation,random_deletion,0.3,0.3303,0.6697,0.603,0.6234,0.7105,False,768,557,4.456,10,1.968
summ-079,summarisation,llmlingua_qwen,0.3,0.535,0.465,0.7061,0.7377,0.7987,True,768,557,4.456,10,1.968
summ-079,summarisation,llmlingua2,0.3,0.2926,0.7074,0.5956,0.6673,0.7553,True,768,557,4.456,10,1.968
summ-080,summarisation,noop,1.0,1.0,0.0,1.0,1.0,1.0,True,774,556,4.4839,9,1.9355
summ-080,summarisation,random_deletion,0.7,0.7068,0.2932,0.8075,0.7802,0.8233,False,774,556,4.4839,9,1.9355
summ-080,summarisation,llmlingua_qwen,0.7,0.7788,0.2212,0.7612,0.7268,0.8114,False,774,556,4.4839,9,1.9355
summ-080,summarisation,llmlingua2,0.7,0.6942,0.3058,0.7358,0.8037,0.8751,True,774,556,4.4839,9,1.9355
summ-080,summarisation,random_deletion,0.5,0.4514,0.5486,0.6714,0.6178,0.7275,False,774,556,4.4839,9,1.9355
summ-080,summarisation,llmlingua_qwen,0.5,0.6511,0.3489,0.7143,0.7,0.7983,False,774,556,4.4839,9,1.9355
summ-080,summarisation,llmlingua2,0.5,0.4946,0.5054,0.6473,0.7465,0.8335,True,774,556,4.4839,9,1.9355
summ-080,summarisation,random_deletion,0.3,0.286,0.714,0.6204,0.6309,0.7328,True,774,556,4.4839,9,1.9355
summ-080,summarisation,llmlingua_qwen,0.3,0.536,0.464,0.7008,0.6932,0.7757,False,774,556,4.4839,9,1.9355
summ-080,summarisation,llmlingua2,0.3,0.3022,0.6978,0.6078,0.579,0.7108,False,774,556,4.4839,9,1.9355
summ-081,summarisation,noop,1.0,1.0,0.0,1.0,1.0,1.0,True,780,560,4.6667,9,2.175
summ-081,summarisation,random_deletion,0.7,0.6804,0.3196,0.7947,0.6681,0.7462,False,780,560,4.6667,9,2.175
summ-081,summarisation,llmlingua_qwen,0.7,0.7732,0.2268,0.7661,0.7242,0.7944,False,780,560,4.6667,9,2.175
summ-081,summarisation,llmlingua2,0.7,0.6839,0.3161,0.7876,0.7725,0.8273,True,780,560,4.6667,9,2.175
summ-081,summarisation,random_deletion,0.5,0.5214,0.4786,0.6935,0.6058,0.7247,False,780,560,4.6667,9,2.175
summ-081,summarisation,llmlingua_qwen,0.5,0.6089,0.3911,0.7094,0.7474,0.8038,True,780,560,4.6667,9,2.175
summ-081,summarisation,llmlingua2,0.5,0.4821,0.5179,0.6807,0.6515,0.7461,False,780,560,4.6667,9,2.175
summ-081,summarisation,random_deletion,0.3,0.2946,0.7054,0.6062,0.6224,0.7298,False,780,560,4.6667,9,2.175
summ-081,summarisation,llmlingua_qwen,0.3,0.475,0.525,0.6763,0.7249,0.8073,True,780,560,4.6667,9,2.175
summ-081,summarisation,llmlingua2,0.3,0.2821,0.7179,0.6186,0.6654,0.7508,True,780,560,4.6667,9,2.175
summ-082,summarisation,noop,1.0,1.0,0.0,1.0,1.0,1.0,True,750,540,4.5763,9,2.0508
summ-082,summarisation,random_deletion,0.7,0.7111,0.2889,0.803,0.7376,0.7912,False,750,540,4.5763,9,2.0508
summ-082,summarisation,llmlingua_qwen,0.7,0.7741,0.2259,0.7623,0.7228,0.7887,False,750,540,4.5763,9,2.0508
summ-082,summarisation,llmlingua2,0.7,0.6963,0.3037,0.7757,0.7931,0.8199,True,750,540,4.5763,9,2.0508
summ-082,summarisation,random_deletion,0.5,0.5037,0.4963,0.7036,0.6546,0.7398,False,750,540,4.5763,9,2.0508
summ-082,summarisation,llmlingua_qwen,0.5,0.6148,0.3852,0.695,0.7035,0.7704,True,750,540,4.5763,9,2.0508
summ-082,summarisation,llmlingua2,0.5,0.4889,0.5111,0.6778,0.702,0.7792,True,750,540,4.5763,9,2.0508
summ-082,summarisation,random_deletion,0.3,0.2778,0.7222,0.5834,0.588,0.6981,True,750,540,4.5763,9,2.0508
summ-082,summarisation,llmlingua_qwen,0.3,0.4648,0.5352,0.6612,0.6828,0.7632,True,750,540,4.5763,9,2.0508
summ-082,summarisation,llmlingua2,0.3,0.2852,0.7148,0.6202,0.6382,0.7277,True,750,540,4.5763,9,2.0508
summ-083,summarisation,noop,1.0,1.0,0.0,1.0,1.0,1.0,True,749,541,4.6638,9,2.0862
summ-083,summarisation,random_deletion,0.7,0.6691,0.3309,0.8059,0.7177,0.7991,True,749,541,4.6638,9,2.0862
summ-083,summarisation,llmlingua_qwen,0.7,0.7726,0.2274,0.7678,0.7403,0.8194,False,749,541,4.6638,9,2.0862
summ-083,summarisation,llmlingua2,0.7,0.6913,0.3087,0.7916,0.7595,0.8436,True,749,541,4.6638,9,2.0862
summ-083,summarisation,random_deletion,0.5,0.5046,0.4954,0.7138,0.6514,0.759,False,749,541,4.6638,9,2.0862
summ-083,summarisation,llmlingua_qwen,0.5,0.6118,0.3882,0.7005,0.6816,0.7874,False,749,541,4.6638,9,2.0862
summ-083,summarisation,llmlingua2,0.5,0.4824,0.5176,0.6732,0.6919,0.789,True,749,541,4.6638,9,2.0862
summ-083,summarisation,random_deletion,0.3,0.2773,0.7227,0.5988,0.5851,0.7114,True,749,541,4.6638,9,2.0862
summ-083,summarisation,llmlingua_qwen,0.3,0.4584,0.5416,0.663,0.6871,0.756,True,749,541,4.6638,9,2.0862
summ-083,summarisation,llmlingua2,0.3,0.281,0.719,0.605,0.6214,0.749,True,749,541,4.6638,9,2.0862
summ-084,summarisation,noop,1.0,1.0,0.0,1.0,1.0,1.0,True,759,548,4.7652,9,2.1478
summ-084,summarisation,random_deletion,0.7,0.6788,0.3212,0.8173,0.8114,0.8298,True,759,548,4.7652,9,2.1478
summ-084,summarisation,llmlingua_qwen,0.7,0.7828,0.2172,0.7545,0.7745,0.8092,False,759,548,4.7652,9,2.1478
summ-084,summarisation,llmlingua2,0.7,0.6989,0.3011,0.7672,0.8355,0.8539,True,759,548,4.7652,9,2.1478
summ-084,summarisation,random_deletion,0.5,0.5237,0.4763,0.7192,0.7333,0.7546,True,759,548,4.7652,9,2.1478
summ-084,summarisation,llmlingua_qwen,0.5,0.6058,0.3942,0.6829,0.6825,0.7407,False,759,548,4.7652,9,2.1478
summ-084,summarisation,llmlingua2,0.5,0.4891,0.5109,0.6575,0.7285,0.7823,True,759,548,4.7652,9,2.1478
summ-084,summarisation,random_deletion,0.3,0.3084,0.6916,0.6515,0.6339,0.7182,False,759,548,4.7652,9,2.1478
summ-084,summarisation,llmlingua_qwen,0.3,0.469,0.531,0.6568,0.6729,0.7357,True,759,548,4.7652,9,2.1478
summ-084,summarisation,llmlingua2,0.3,0.281,0.719,0.6085,0.655,0.7338,True,759,548,4.7652,9,2.1478
summ-085,summarisation,noop,1.0,1.0,0.0,1.0,1.0,1.0,True,740,531,4.5776,9,2.0517
summ-085,summarisation,random_deletion,0.7,0.6836,0.3164,0.8019,0.6318,0.7517,False,740,531,4.5776,9,2.0517
summ-085,summarisation,llmlingua_qwen,0.7,0.7759,0.2241,0.754,0.6645,0.7525,False,740,531,4.5776,9,2.0517
summ-085,summarisation,llmlingua2,0.7,0.6836,0.3164,0.78,0.8475,0.8559,True,740,531,4.5776,9,2.0517
summ-085,summarisation,random_deletion,0.5,0.4708,0.5292,0.6815,0.6886,0.7855,True,740,531,4.5776,9,2.0517
summ-085,summarisation,llmlingua_qwen,0.5,0.5989,0.4011,0.6931,0.7178,0.8081,True,740,531,4.5776,9,2.0517
summ-085,summarisation,llmlingua2,0.5,0.4802,0.5198,0.6698,0.6947,0.7889,True,740,531,4.5776,9,2.0517
summ-085,summarisation,random_deletion,0.3,0.2976,0.7024,0.6199,0.5786,0.716,False,740,531,4.5776,9,2.0517
summ-085,summarisation,llmlingua_qwen,0.3,0.4426,0.5574,0.6548,0.6873,0.7807,True,740,531,4.5776,9,2.0517
summ-085,summarisation,llmlingua2,0.3,0.2844,0.7156,0.6086,0.6767,0.7605,True,740,531,4.5776,9,2.0517
summ-086,summarisation,noop,1.0,1.0,0.0,1.0,1.0,1.0,True,759,548,4.605,9,2.0588
summ-086,summarisation,random_deletion,0.7,0.7172,0.2828,0.8136,0.7399,0.8038,False,759,548,4.605,9,2.0588
summ-086,summarisation,llmlingua_qwen,0.7,0.8011,0.1989,0.7803,0.7281,0.8119,False,759,548,4.605,9,2.0588
summ-086,summarisation,llmlingua2,0.7,0.6953,0.3047,0.756,0.7872,0.8337,True,759,548,4.605,9,2.0588
summ-086,summarisation,random_deletion,0.5,0.5146,0.4854,0.708,0.6891,0.7758,True,759,548,4.605,9,2.0588
summ-086,summarisation,llmlingua_qwen,0.5,0.6277,0.3723,0.7189,0.7653,0.8274,True,759,548,4.605,9,2.0588
summ-086,summarisation,llmlingua2,0.5,0.4818,0.5182,0.6587,0.6703,0.7593,True,759,548,4.605,9,2.0588
summ-086,summarisation,random_deletion,0.3,0.2847,0.7153,0.6214,0.628,0.7346,False,759,548,4.605,9,2.0588
summ-086,summarisation,llmlingua_qwen,0.3,0.4927,0.5073,0.6733,0.6733,0.7747,True,759,548,4.605,9,2.0588
summ-086,summarisation,llmlingua2,0.3,0.2792,0.7208,0.6112,0.6334,0.7434,True,759,548,4.605,9,2.0588
summ-087,summarisation,noop,1.0,1.0,0.0,1.0,1.0,1.0,True,764,551,4.6695,9,2.0847
summ-087,summarisation,random_deletion,0.7,0.6878,0.3122,0.7952,0.7757,0.8291,True,764,551,4.6695,9,2.0847
summ-087,summarisation,llmlingua_qwen,0.7,0.7822,0.2178,0.7524,0.7418,0.809,False,764,551,4.6695,9,2.0847
summ-087,summarisation,llmlingua2,0.7,0.6933,0.3067,0.7918,0.7839,0.8377,True,764,551,4.6695,9,2.0847
summ-087,summarisation,random_deletion,0.5,0.4864,0.5136,0.7326,0.697,0.7664,True,764,551,4.6695,9,2.0847
summ-087,summarisation,llmlingua_qwen,0.5,0.6116,0.3884,0.6822,0.6461,0.7581,False,764,551,4.6695,9,2.0847
summ-087,summarisation,llmlingua2,0.5,0.4882,0.5118,0.6715,0.7558,0.8245,True,764,551,4.6695,9,2.0847
summ-087,summarisation,random_deletion,0.3,0.294,0.706,0.6126,0.6199,0.7328,False,764,551,4.6695,9,2.0847
summ-087,summarisation,llmlingua_qwen,0.3,0.4628,0.5372,0.6649,0.6246,0.7482,False,764,551,4.6695,9,2.0847
summ-087,summarisation,llmlingua2,0.3,0.2868,0.7132,0.6228,0.6451,0.7444,True,764,551,4.6695,9,2.0847
summ-088,summarisation,noop,1.0,1.0,0.0,1.0,1.0,1.0,True,766,552,4.6387,9,2.0672
summ-088,summarisation,random_deletion,0.7,0.6721,0.3279,0.8256,0.7242,0.8035,False,766,552,4.6387,9,2.0672
summ-088,summarisation,llmlingua_qwen,0.7,0.7953,0.2047,0.7815,0.7802,0.8305,False,766,552,4.6387,9,2.0672
summ-088,summarisation,llmlingua2,0.7,0.6902,0.3098,0.7673,0.7598,0.8056,False,766,552,4.6387,9,2.0672
summ-088,summarisation,random_deletion,0.5,0.4982,0.5018,0.7087,0.6969,0.7665,False,766,552,4.6387,9,2.0672
summ-088,summarisation,llmlingua_qwen,0.5,0.6196,0.3804,0.7063,0.7136,0.7725,False,766,552,4.6387,9,2.0672
summ-088,summarisation,llmlingua2,0.5,0.4837,0.5163,0.6653,0.7961,0.8368,True,766,552,4.6387,9,2.0672
summ-088,summarisation,random_deletion,0.3,0.2627,0.7373,0.5791,0.6075,0.712,True,766,552,4.6387,9,2.0672
summ-088,summarisation,llmlingua_qwen,0.3,0.4638,0.5362,0.664,0.6938,0.7508,True,766,552,4.6387,9,2.0672
summ-088,summarisation,llmlingua2,0.3,0.2862,0.7138,0.6074,0.6317,0.745,True,766,552,4.6387,9,2.0672
summ-089,summarisation,noop,1.0,1.0,0.0,1.0,1.0,1.0,True,773,557,4.6417,10,2.1083
summ-089,summarisation,random_deletion,0.7,0.7307,0.2693,0.8048,0.7609,0.8013,False,773,557,4.6417,10,2.1083
summ-089,summarisation,llmlingua_qwen,0.7,0.7774,0.2226,0.7696,0.7907,0.8136,False,773,557,4.6417,10,2.1083
summ-089,summarisation,llmlingua2,0.7,0.6876,0.3124,0.791,0.7908,0.8267,True,773,557,4.6417,10,2.1083
summ-089,summarisation,random_deletion,0.5,0.474,0.526,0.6929,0.6269,0.7351,False,773,557,4.6417,10,2.1083
summ-089,summarisation,llmlingua_qwen,0.5,0.6014,0.3986,0.6864,0.7298,0.779,False,773,557,4.6417,10,2.1083
summ-089,summarisation,llmlingua2,0.5,0.4883,0.5117,0.6941,0.7714,0.821,True,773,557,4.6417,10,2.1083
summ-089,summarisation,random_deletion,0.3,0.2855,0.7145,0.6168,0.6603,0.7078,True,773,557,4.6417,10,2.1083
summ-089,summarisation,llmlingua_qwen,0.3,0.4506,0.5494,0.671,0.715,0.7723,True,773,557,4.6417,10,2.1083
summ-089,summarisation,llmlingua2,0.3,0.2765,0.7235,0.6142,0.6495,0.7379,True,773,557,4.6417,10,2.1083
summ-090,summarisation,noop,1.0,1.0,0.0,1.0,1.0,1.0,True,769,556,4.6723,9,2.0756
summ-090,summarisation,random_deletion,0.7,0.6709,0.3291,0.8212,0.7412,0.8078,False,769,556,4.6723,9,2.0756
summ-090,summarisation,llmlingua_qwen,0.7,0.7806,0.2194,0.7643,0.7421,0.8102,False,769,556,4.6723,9,2.0756
summ-090,summarisation,llmlingua2,0.7,0.6871,0.3129,0.7638,0.8265,0.8705,True,769,556,4.6723,9,2.0756
summ-090,summarisation,random_deletion,0.5,0.5036,0.4964,0.6975,0.7353,0.7986,False,769,556,4.6723,9,2.0756
summ-090,summarisation,llmlingua_qwen,0.5,0.6169,0.3831,0.701,0.705,0.7749,False,769,556,4.6723,9,2.0756
summ-090,summarisation,llmlingua2,0.5,0.4838,0.5162,0.6706,0.7486,0.8047,True,769,556,4.6723,9,2.0756
summ-090,summarisation,random_deletion,0.3,0.3004,0.6996,0.6135,0.6729,0.762,False,769,556,4.6723,9,2.0756
summ-090,summarisation,llmlingua_qwen,0.3,0.4694,0.5306,0.6668,0.7018,0.7736,False,769,556,4.6723,9,2.0756
summ-090,summarisation,llmlingua2,0.3,0.286,0.714,0.6119,0.7155,0.7875,True,769,556,4.6723,9,2.0756
summ-091,summarisation,noop,1.0,1.0,0.0,1.0,1.0,1.0,True,755,544,4.4228,10,1.935
summ-091,summarisation,random_deletion,0.7,0.7059,0.2941,0.817,0.6514,0.7679,False,755,544,4.4228,10,1.935
summ-091,summarisation,llmlingua_qwen,0.7,0.7574,0.2426,0.7784,0.6757,0.7873,False,755,544,4.4228,10,1.935
summ-091,summarisation,llmlingua2,0.7,0.7004,0.2996,0.7347,0.6425,0.7736,False,755,544,4.4228,10,1.935
summ-091,summarisation,random_deletion,0.5,0.4743,0.5257,0.6721,0.6485,0.7386,True,755,544,4.4228,10,1.935
summ-091,summarisation,llmlingua_qwen,0.5,0.6507,0.3493,0.7142,0.6787,0.7751,True,755,544,4.4228,10,1.935
summ-091,summarisation,llmlingua2,0.5,0.4945,0.5055,0.6191,0.6015,0.758,False,755,544,4.4228,10,1.935
summ-091,summarisation,random_deletion,0.3,0.2978,0.7022,0.5977,0.4658,0.6473,False,755,544,4.4228,10,1.935
summ-091,summarisation,llmlingua_qwen,0.3,0.5349,0.4651,0.6791,0.6501,0.7687,True,755,544,4.4228,10,1.935
summ-091,summarisation,llmlingua2,0.3,0.2831,0.7169,0.5459,0.5964,0.7116,True,755,544,4.4228,10,1.935
summ-092,summarisation,noop,1.0,1.0,0.0,1.0,1.0,1.0,True,753,544,4.2835,10,1.8346
summ-092,summarisation,random_deletion,0.7,0.7096,0.2904,0.8073,0.6856,0.7546,False,753,544,4.2835,10,1.8346
summ-092,summarisation,llmlingua_qwen,0.7,0.7702,0.2298,0.7749,0.7045,0.759,False,753,544,4.2835,10,1.8346
summ-092,summarisation,llmlingua2,0.7,0.7004,0.2996,0.731,0.8255,0.8821,True,753,544,4.2835,10,1.8346
summ-092,summarisation,random_deletion,0.5,0.4835,0.5165,0.6936,0.681,0.7547,True,753,544,4.2835,10,1.8346
summ-092,summarisation,llmlingua_qwen,0.5,0.6544,0.3456,0.7144,0.625,0.7293,False,753,544,4.2835,10,1.8346
summ-092,summarisation,llmlingua2,0.5,0.5,0.5,0.6264,0.6683,0.7781,False,753,544,4.2835,10,1.8346
summ-092,summarisation,random_deletion,0.3,0.2721,0.7279,0.5125,0.4969,0.6823,True,753,544,4.2835,10,1.8346
summ-092,summarisation,llmlingua_qwen,0.3,0.5368,0.4632,0.6943,0.6306,0.7277,False,753,544,4.2835,10,1.8346
summ-092,summarisation,llmlingua2,0.3,0.2886,0.7114,0.5696,0.639,0.7384,True,753,544,4.2835,10,1.8346
summ-093,summarisation,noop,1.0,1.0,0.0,1.0,1.0,1.0,True,746,541,4.3984,10,1.9106
summ-093,summarisation,random_deletion,0.7,0.7043,0.2957,0.7894,0.6916,0.7779,False,746,541,4.3984,10,1.9106
summ-093,summarisation,llmlingua_qwen,0.7,0.7782,0.2218,0.7828,0.7427,0.7945,True,746,541,4.3984,10,1.9106
summ-093,summarisation,llmlingua2,0.7,0.6932,0.3068,0.7285,0.7371,0.802,True,746,541,4.3984,10,1.9106
summ-093,summarisation,random_deletion,0.5,0.4898,0.5102,0.7346,0.668,0.766,False,746,541,4.3984,10,1.9106
summ-093,summarisation,llmlingua_qwen,0.5,0.6525,0.3475,0.7036,0.7047,0.7884,True,746,541,4.3984,10,1.9106
summ-093,summarisation,llmlingua2,0.5,0.4898,0.5102,0.6305,0.6998,0.7783,True,746,541,4.3984,10,1.9106
summ-093,summarisation,random_deletion,0.3,0.3068,0.6932,0.6104,0.5857,0.7014,False,746,541,4.3984,10,1.9106
summ-093,summarisation,llmlingua_qwen,0.3,0.5379,0.4621,0.6748,0.6558,0.7442,False,746,541,4.3984,10,1.9106
summ-093,summarisation,llmlingua2,0.3,0.2865,0.7135,0.5769,0.6299,0.7312,True,746,541,4.3984,10,1.9106
summ-094,summarisation,noop,1.0,1.0,0.0,1.0,1.0,1.0,True,756,544,4.459,10,1.9508
summ-094,summarisation,random_deletion,0.7,0.6893,0.3107,0.8102,0.7517,0.7589,True,756,544,4.459,10,1.9508
summ-094,summarisation,llmlingua_qwen,0.7,0.7721,0.2279,0.7662,0.738,0.7933,False,756,544,4.459,10,1.9508
summ-094,summarisation,llmlingua2,0.7,0.693,0.307,0.7342,0.8107,0.8373,True,756,544,4.459,10,1.9508
summ-094,summarisation,random_deletion,0.5,0.4908,0.5092,0.6883,0.7192,0.7725,False,756,544,4.459,10,1.9508
summ-094,summarisation,llmlingua_qwen,0.5,0.6581,0.3419,0.6999,0.6882,0.7606,False,756,544,4.459,10,1.9508
summ-094,summarisation,llmlingua2,0.5,0.4835,0.5165,0.63,0.7342,0.7805,True,756,544,4.459,10,1.9508
summ-094,summarisation,random_deletion,0.3,0.2996,0.7004,0.5701,0.5844,0.7123,False,756,544,4.459,10,1.9508
summ-094,summarisation,llmlingua_qwen,0.3,0.5533,0.4467,0.6777,0.6893,0.7335,False,756,544,4.459,10,1.9508
summ-094,summarisation,llmlingua2,0.3,0.2776,0.7224,0.5743,0.6899,0.7446,True,756,544,4.459,10,1.9508
summ-095,summarisation,noop,1.0,1.0,0.0,1.0,1.0,1.0,True,745,535,4.3496,10,1.8943
summ-095,summarisation,random_deletion,0.7,0.7234,0.2766,0.8245,0.7049,0.7876,False,745,535,4.3496,10,1.8943
summ-095,summarisation,llmlingua_qwen,0.7,0.7907,0.2093,0.7998,0.714,0.8178,False,745,535,4.3496,10,1.8943
summ-095,summarisation,llmlingua2,0.7,0.6991,0.3009,0.7443,0.8764,0.8732,True,745,535,4.3496,10,1.8943
summ-095,summarisation,random_deletion,0.5,0.4916,0.5084,0.6786,0.6236,0.7423,False,745,535,4.3496,10,1.8943
summ-095,summarisation,llmlingua_qwen,0.5,0.6467,0.3533,0.7055,0.6893,0.7868,False,745,535,4.3496,10,1.8943
summ-095,summarisation,llmlingua2,0.5,0.4897,0.5103,0.6558,0.8247,0.8953,True,745,535,4.3496,10,1.8943
summ-095,summarisation,random_deletion,0.3,0.3009,0.6991,0.6142,0.6092,0.7295,False,745,535,4.3496,10,1.8943
summ-095,summarisation,llmlingua_qwen,0.3,0.5327,0.4673,0.6814,0.6689,0.7784,False,745,535,4.3496,10,1.8943
summ-095,summarisation,llmlingua2,0.3,0.2822,0.7178,0.5603,0.7492,0.8159,True,745,535,4.3496,10,1.8943
summ-096,summarisation,noop,1.0,1.0,0.0,1.0,1.0,1.0,True,768,550,4.2969,10,1.8438
summ-096,summarisation,random_deletion,0.7,0.7018,0.2982,0.8098,0.6902,0.7718,False,768,550,4.2969,10,1.8438
summ-096,summarisation,llmlingua_qwen,0.7,0.7855,0.2145,0.7859,0.8044,0.8455,False,768,550,4.2969,10,1.8438
summ-096,summarisation,llmlingua2,0.7,0.6982,0.3018,0.7332,0.8335,0.8611,True,768,550,4.2969,10,1.8438
summ-096,summarisation,random_deletion,0.5,0.4964,0.5036,0.6546,0.6759,0.7556,False,768,550,4.2969,10,1.8438
summ-096,summarisation,llmlingua_qwen,0.5,0.6582,0.3418,0.7007,0.6883,0.7759,False,768,550,4.2969,10,1.8438
summ-096,summarisation,llmlingua2,0.5,0.4909,0.5091,0.6292,0.757,0.8168,True,768,550,4.2969,10,1.8438
summ-096,summarisation,random_deletion,0.3,0.28,0.72,0.5512,0.5987,0.7225,True,768,550,4.2969,10,1.8438
summ-096,summarisation,llmlingua_qwen,0.3,0.5436,0.4564,0.688,0.7318,0.7932,False,768,550,4.2969,10,1.8438
summ-096,summarisation,llmlingua2,0.3,0.2855,0.7145,0.5761,0.71,0.7897,True,768,550,4.2969,10,1.8438
summ-097,summarisation,noop,1.0,1.0,0.0,1.0,1.0,1.0,True,769,556,4.448,10,1.896
summ-097,summarisation,random_deletion,0.7,0.7374,0.2626,0.8113,0.7413,0.7993,False,769,556,4.448,10,1.896
summ-097,summarisation,llmlingua_qwen,0.7,0.7608,0.2392,0.7775,0.7289,0.7907,False,769,556,4.448,10,1.896
summ-097,summarisation,llmlingua2,0.7,0.6924,0.3076,0.7357,0.8324,0.856,True,769,556,4.448,10,1.896
summ-097,summarisation,random_deletion,0.5,0.4586,0.5414,0.6824,0.5007,0.6752,False,769,556,4.448,10,1.896
summ-097,summarisation,llmlingua_qwen,0.5,0.6349,0.3651,0.7028,0.6803,0.7583,False,769,556,4.448,10,1.896
summ-097,summarisation,llmlingua2,0.5,0.4964,0.5036,0.6515,0.6722,0.7597,False,769,556,4.448,10,1.896
summ-097,summarisation,random_deletion,0.3,0.295,0.705,0.5796,0.6108,0.7198,False,769,556,4.448,10,1.896
summ-097,summarisation,llmlingua_qwen,0.3,0.5324,0.4676,0.6718,0.6595,0.7329,False,769,556,4.448,10,1.896
summ-097,summarisation,llmlingua2,0.3,0.2896,0.7104,0.5709,0.6858,0.7593,True,769,556,4.448,10,1.896
summ-098,summarisation,noop,1.0,1.0,0.0,1.0,1.0,1.0,True,757,545,4.3254,10,1.8492
summ-098,summarisation,random_deletion,0.7,0.6972,0.3028,0.7893,0.7111,0.7928,False,757,545,4.3254,10,1.8492
summ-098,summarisation,llmlingua_qwen,0.7,0.7743,0.2257,0.7797,0.6709,0.7708,False,757,545,4.3254,10,1.8492
summ-098,summarisation,llmlingua2,0.7,0.6954,0.3046,0.7313,0.7465,0.8098,True,757,545,4.3254,10,1.8492
summ-098,summarisation,random_deletion,0.5,0.4844,0.5156,0.6775,0.6671,0.7619,True,757,545,4.3254,10,1.8492
summ-098,summarisation,llmlingua_qwen,0.5,0.6569,0.3431,0.7135,0.7393,0.7676,True,757,545,4.3254,10,1.8492
summ-098,summarisation,llmlingua2,0.5,0.4954,0.5046,0.6258,0.7005,0.78,True,757,545,4.3254,10,1.8492
summ-098,summarisation,random_deletion,0.3,0.3009,0.6991,0.6334,0.5885,0.7015,False,757,545,4.3254,10,1.8492
summ-098,summarisation,llmlingua_qwen,0.3,0.5505,0.4495,0.693,0.7018,0.7421,True,757,545,4.3254,10,1.8492
summ-098,summarisation,llmlingua2,0.3,0.2917,0.7083,0.553,0.6367,0.7418,True,757,545,4.3254,10,1.8492
summ-099,summarisation,noop,1.0,1.0,0.0,1.0,1.0,1.0,True,776,559,4.4016,11,1.9055
summ-099,summarisation,random_deletion,0.7,0.6977,0.3023,0.8071,0.7236,0.7739,False,776,559,4.4016,11,1.9055
summ-099,summarisation,llmlingua_qwen,0.7,0.7961,0.2039,0.8091,0.8086,0.827,True,776,559,4.4016,11,1.9055
summ-099,summarisation,llmlingua2,0.7,0.6941,0.3059,0.7416,0.7355,0.7949,True,776,559,4.4016,11,1.9055
summ-099,summarisation,random_deletion,0.5,0.5027,0.4973,0.6679,0.5919,0.7235,False,776,559,4.4016,11,1.9055
summ-099,summarisation,llmlingua_qwen,0.5,0.6655,0.3345,0.7244,0.7268,0.7781,True,776,559,4.4016,11,1.9055
summ-099,summarisation,llmlingua2,0.5,0.4919,0.5081,0.6463,0.6757,0.759,False,776,559,4.4016,11,1.9055
summ-099,summarisation,random_deletion,0.3,0.2952,0.7048,0.6133,0.5946,0.7066,False,776,559,4.4016,11,1.9055
summ-099,summarisation,llmlingua_qwen,0.3,0.542,0.458,0.6974,0.7106,0.7588,True,776,559,4.4016,11,1.9055
summ-099,summarisation,llmlingua2,0.3,0.2844,0.7156,0.5775,0.6913,0.7706,True,776,559,4.4016,11,1.9055
summ-100,summarisation,noop,1.0,1.0,0.0,1.0,1.0,1.0,True,766,552,4.381,10,1.873
summ-100,summarisation,random_deletion,0.7,0.7264,0.2736,0.8148,0.7396,0.8206,False,766,552,4.381,10,1.873
summ-100,summarisation,llmlingua_qwen,0.7,0.7862,0.2138,0.7992,0.7086,0.7932,False,766,552,4.381,10,1.873
summ-100,summarisation,llmlingua2,0.7,0.6957,0.3043,0.7088,0.7469,0.8146,True,766,552,4.381,10,1.873
summ-100,summarisation,random_deletion,0.5,0.5018,0.4982,0.7098,0.7127,0.7815,False,766,552,4.381,10,1.873
summ-100,summarisation,llmlingua_qwen,0.5,0.6522,0.3478,0.7085,0.6654,0.7678,False,766,552,4.381,10,1.873
summ-100,summarisation,llmlingua2,0.5,0.4946,0.5054,0.6097,0.7211,0.7911,True,766,552,4.381,10,1.873
summ-100,summarisation,random_deletion,0.3,0.2844,0.7156,0.56,0.5562,0.703,True,766,552,4.381,10,1.873
summ-100,summarisation,llmlingua_qwen,0.3,0.5489,0.4511,0.6929,0.6662,0.77,False,766,552,4.381,10,1.873
summ-100,summarisation,llmlingua2,0.3,0.2862,0.7138,0.5536,0.6561,0.7605,True,766,552,4.381,10,1.873
qa-001,qa,noop,1.0,1.0,0.0,1.0,1.0,1.0,True,87,59,4.2143,0,2.1429
qa-001,qa,random_deletion,0.7,0.6949,0.3051,0.7568,0.9374,0.9404,True,87,59,4.2143,0,2.1429
qa-001,qa,llmlingua_qwen,0.7,1.0,0.0,1.0,1.0,1.0,True,87,59,4.2143,0,2.1429
qa-001,qa,llmlingua2,0.7,0.678,0.322,0.7434,0.887,0.9462,False,87,59,4.2143,0,2.1429
qa-001,qa,random_deletion,0.5,0.5424,0.4576,0.7272,0.9327,0.9313,True,87,59,4.2143,0,2.1429
qa-001,qa,llmlingua_qwen,0.5,1.0,0.0,1.0,1.0,1.0,True,87,59,4.2143,0,2.1429
qa-001,qa,llmlingua2,0.5,0.4746,0.5254,0.5986,0.7962,0.8288,True,87,59,4.2143,0,2.1429
qa-001,qa,random_deletion,0.3,0.322,0.678,0.4575,0.6582,0.7635,False,87,59,4.2143,0,2.1429
qa-001,qa,llmlingua_qwen,0.3,1.0,0.0,1.0,1.0,1.0,True,87,59,4.2143,0,2.1429
qa-001,qa,llmlingua2,0.3,0.2712,0.7288,0.5058,0.7549,0.807,True,87,59,4.2143,0,2.1429
qa-002,qa,noop,1.0,1.0,0.0,1.0,1.0,1.0,True,83,61,4.0667,0,1.8667
qa-002,qa,random_deletion,0.7,0.6885,0.3115,0.7322,0.7441,0.8229,False,83,61,4.0667,0,1.8667
qa-002,qa,llmlingua_qwen,0.7,1.0,0.0,1.0,1.0,1.0,True,83,61,4.0667,0,1.8667
qa-002,qa,llmlingua2,0.7,0.6721,0.3279,0.7077,0.6138,0.6939,False,83,61,4.0667,0,1.8667
qa-002,qa,random_deletion,0.5,0.5574,0.4426,0.6997,0.8435,0.891,True,83,61,4.0667,0,1.8667
qa-002,qa,llmlingua_qwen,0.5,1.0,0.0,1.0,1.0,1.0,True,83,61,4.0667,0,1.8667
qa-002,qa,llmlingua2,0.5,0.4262,0.5738,0.5755,0.574,0.6895,True,83,61,4.0667,0,1.8667
qa-002,qa,random_deletion,0.3,0.2951,0.7049,0.4832,0.4395,0.6582,False,83,61,4.0667,0,1.8667
qa-002,qa,llmlingua_qwen,0.3,1.0,0.0,1.0,1.0,1.0,True,83,61,4.0667,0,1.8667
qa-002,qa,llmlingua2,0.3,0.2951,0.7049,0.4876,0.5069,0.6791,True,83,61,4.0667,0,1.8667
qa-003,qa,noop,1.0,1.0,0.0,1.0,1.0,1.0,True,100,71,4.1765,0,2.0
qa-003,qa,random_deletion,0.7,0.6761,0.3239,0.7431,0.7106,0.7909,False,100,71,4.1765,0,2.0
qa-003,qa,llmlingua_qwen,0.7,1.0,0.0,1.0,1.0,1.0,True,100,71,4.1765,0,2.0
qa-003,qa,llmlingua2,0.7,0.662,0.338,0.7394,0.9518,0.9673,True,100,71,4.1765,0,2.0
qa-003,qa,random_deletion,0.5,0.4648,0.5352,0.6421,0.6581,0.7317,False,100,71,4.1765,0,2.0
qa-003,qa,llmlingua_qwen,0.5,1.0,0.0,1.0,1.0,1.0,True,100,71,4.1765,0,2.0
qa-003,qa,llmlingua2,0.5,0.3944,0.6056,0.5899,0.6804,0.7783,True,100,71,4.1765,0,2.0
qa-003,qa,random_deletion,0.3,0.2394,0.7606,0.5206,0.5527,0.6512,True,100,71,4.1765,0,2.0
qa-003,qa,llmlingua_qwen,0.3,1.0,0.0,1.0,1.0,1.0,True,100,71,4.1765,0,2.0
qa-003,qa,llmlingua2,0.3,0.2817,0.7183,0.5279,0.6694,0.768,True,100,71,4.1765,0,2.0
qa-004,qa,noop,1.0,1.0,0.0,1.0,1.0,1.0,True,76,58,4.1429,0,1.5714
qa-004,qa,random_deletion,0.7,0.6897,0.3103,0.8304,0.7596,0.8337,False,76,58,4.1429,0,1.5714
qa-004,qa,llmlingua_qwen,0.7,1.0,0.0,1.0,1.0,1.0,True,76,58,4.1429,0,1.5714
qa-004,qa,llmlingua2,0.7,0.6724,0.3276,0.8048,0.7751,0.8601,True,76,58,4.1429,0,1.5714
qa-004,qa,random_deletion,0.5,0.569,0.431,0.6024,0.4455,0.6657,False,76,58,4.1429,0,1.5714
qa-004,qa,llmlingua_qwen,0.5,1.0,0.0,1.0,1.0,1.0,True,76,58,4.1429,0,1.5714
qa-004,qa,llmlingua2,0.5,0.431,0.569,0.6413,0.6527,0.7637,True,76,58,4.1429,0,1.5714
qa-004,qa,random_deletion,0.3,0.2759,0.7241,0.5253,0.4402,0.6522,True,76,58,4.1429,0,1.5714
qa-004,qa,llmlingua_qwen,0.3,1.0,0.0,1.0,1.0,1.0,True,76,58,4.1429,0,1.5714
qa-004,qa,llmlingua2,0.3,0.2931,0.7069,0.5702,0.5003,0.6419,True,76,58,4.1429,0,1.5714
qa-005,qa,noop,1.0,1.0,0.0,1.0,1.0,1.0,True,76,52,3.7143,0,2.0
qa-005,qa,random_deletion,0.7,0.7308,0.2692,0.7708,0.8043,0.8407,True,76,52,3.7143,0,2.0
qa-005,qa,llmlingua_qwen,0.7,1.0,0.0,1.0,1.0,1.0,True,76,52,3.7143,0,2.0
qa-005,qa,llmlingua2,0.7,0.6346,0.3654,0.7382,0.727,0.7457,False,76,52,3.7143,0,2.0
qa-005,qa,random_deletion,0.5,0.5385,0.4615,0.7866,0.7323,0.7587,False,76,52,3.7143,0,2.0
qa-005,qa,llmlingua_qwen,0.5,1.0,0.0,1.0,1.0,1.0,True,76,52,3.7143,0,2.0
qa-005,qa,llmlingua2,0.5,0.4808,0.5192,0.5808,0.7865,0.8474,True,76,52,3.7143,0,2.0
qa-005,qa,random_deletion,0.3,0.2115,0.7885,0.4936,0.3913,0.6119,True,76,52,3.7143,0,2.0
qa-005,qa,llmlingua_qwen,0.3,1.0,0.0,1.0,1.0,1.0,True,76,52,3.7143,0,2.0
qa-005,qa,llmlingua2,0.3,0.3077,0.6923,0.484,0.4759,0.664,True,76,52,3.7143,0,2.0
qa-006,qa,noop,1.0,1.0,0.0,1.0,1.0,1.0,True,69,51,4.6364,0,2.3636
qa-006,qa,random_deletion,0.7,0.7059,0.2941,0.8336,0.6873,0.749,False,69,51,4.6364,0,2.3636
qa-006,qa,llmlingua_qwen,0.7,1.0,0.0,1.0,1.0,1.0,True,69,51,4.6364,0,2.3636
qa-006,qa,llmlingua2,0.7,0.6078,0.3922,0.7458,0.7901,0.8319,True,69,51,4.6364,0,2.3636
qa-006,qa,random_deletion,0.5,0.4118,0.5882,0.5713,0.5517,0.6716,False,69,51,4.6364,0,2.3636
qa-006,qa,llmlingua_qwen,0.5,1.0,0.0,1.0,1.0,1.0,True,69,51,4.6364,0,2.3636
qa-006,qa,llmlingua2,0.5,0.4902,0.5098,0.6375,0.5589,0.6829,False,69,51,4.6364,0,2.3636
qa-006,qa,random_deletion,0.3,0.1961,0.8039,0.5045,0.6617,0.7392,True,69,51,4.6364,0,2.3636
qa-006,qa,llmlingua_qwen,0.3,1.0,0.0,1.0,1.0,1.0,True,69,51,4.6364,0,2.3636
qa-006,qa,llmlingua2,0.3,0.1569,0.8431,0.4423,0.4793,0.6572,True,69,51,4.6364,0,2.3636
qa-007,qa,noop,1.0,1.0,0.0,1.0,1.0,1.0,True,67,50,4.5455,0,1.8182
qa-007,qa,random_deletion,0.7,0.68,0.32,0.7946,0.5952,0.721,False,67,50,4.5455,0,1.8182
qa-007,qa,llmlingua_qwen,0.7,1.0,0.0,1.0,1.0,1.0,True,67,50,4.5455,0,1.8182
qa-007,qa,llmlingua2,0.7,0.64,0.36,0.8366,0.9814,0.9907,True,67,50,4.5455,0,1.8182
qa-007,qa,random_deletion,0.5,0.68,0.32,0.7498,0.7856,0.8496,False,67,50,4.5455,0,1.8182
qa-007,qa,llmlingua_qwen,0.5,1.0,0.0,1.0,1.0,1.0,True,67,50,4.5455,0,1.8182
qa-007,qa,llmlingua2,0.5,0.4,0.6,0.7203,0.8494,0.9044,True,67,50,4.5455,0,1.8182
qa-007,qa,random_deletion,0.3,0.24,0.76,0.592,0.5312,0.68,False,67,50,4.5455,0,1.8182
qa-007,qa,llmlingua_qwen,0.3,1.0,0.0,1.0,1.0,1.0,True,67,50,4.5455,0,1.8182
qa-007,qa,llmlingua2,0.3,0.22,0.78,0.5803,0.681,0.8014,True,67,50,4.5455,0,1.8182
qa-008,qa,noop,1.0,1.0,0.0,1.0,1.0,1.0,True,69,51,4.25,1,2.0
qa-008,qa,random_deletion,0.7,0.6667,0.3333,0.8262,0.6528,0.7694,True,69,51,4.25,1,2.0
qa-008,qa,llmlingua_qwen,0.7,1.0,0.0,1.0,1.0,1.0,True,69,51,4.25,1,2.0
qa-008,qa,llmlingua2,0.7,0.6863,0.3137,0.671,0.8198,0.8833,True,69,51,4.25,1,2.0
qa-008,qa,random_deletion,0.5,0.4706,0.5294,0.6488,0.5372,0.6927,False,69,51,4.25,1,2.0
qa-008,qa,llmlingua_qwen,0.5,1.0,0.0,1.0,1.0,1.0,True,69,51,4.25,1,2.0
qa-008,qa,llmlingua2,0.5,0.4118,0.5882,0.6198,0.5534,0.7058,False,69,51,4.25,1,2.0
qa-008,qa,random_deletion,0.3,0.3333,0.6667,0.513,0.5329,0.687,False,69,51,4.25,1,2.0
qa-008,qa,llmlingua_qwen,0.3,1.0,0.0,1.0,1.0,1.0,True,69,51,4.25,1,2.0
qa-008,qa,llmlingua2,0.3,0.2549,0.7451,0.4742,0.5536,0.7215,True,69,51,4.25,1,2.0
qa-009,qa,noop,1.0,1.0,0.0,1.0,1.0,1.0,True,78,60,4.2857,0,1.5
qa-009,qa,random_deletion,0.7,0.7167,0.2833,0.7338,0.7775,0.8239,True,78,60,4.2857,0,1.5
qa-009,qa,llmlingua_qwen,0.7,1.0,0.0,1.0,1.0,1.0,True,78,60,4.2857,0,1.5
qa-009,qa,llmlingua2,0.7,0.7,0.3,0.7712,0.689,0.7613,False,78,60,4.2857,0,1.5
qa-009,qa,random_deletion,0.5,0.4833,0.5167,0.6324,0.5916,0.6819,True,78,60,4.2857,0,1.5
qa-009,qa,llmlingua_qwen,0.5,1.0,0.0,1.0,1.0,1.0,True,78,60,4.2857,0,1.5
qa-009,qa,llmlingua2,0.5,0.5,0.5,0.6707,0.72,0.7749,True,78,60,4.2857,0,1.5
qa-009,qa,random_deletion,0.3,0.2,0.8,0.5097,0.4193,0.595,True,78,60,4.2857,0,1.5
qa-009,qa,llmlingua_qwen,0.3,1.0,0.0,1.0,1.0,1.0,True,78,60,4.2857,0,1.5
qa-009,qa,llmlingua2,0.3,0.3,0.7,0.4881,0.5862,0.6968,True,78,60,4.2857,0,1.5
qa-010,qa,noop,1.0,1.0,0.0,1.0,1.0,1.0,True,64,46,4.6,0,2.3
qa-010,qa,random_deletion,0.7,0.6739,0.3261,0.866,0.6206,0.706,False,64,46,4.6,0,2.3
qa-010,qa,llmlingua_qwen,0.7,1.0,0.0,1.0,1.0,1.0,True,64,46,4.6,0,2.3
qa-010,qa,llmlingua2,0.7,0.7609,0.2391,0.7898,0.82,0.8536,False,64,46,4.6,0,2.3
qa-010,qa,random_deletion,0.5,0.6522,0.3478,0.789,0.8325,0.8671,True,64,46,4.6,0,2.3
qa-010,qa,llmlingua_qwen,0.5,1.0,0.0,1.0,1.0,1.0,True,64,46,4.6,0,2.3
qa-010,qa,llmlingua2,0.5,0.4348,0.5652,0.6408,0.3575,0.6032,False,64,46,4.6,0,2.3
qa-010,qa,random_deletion,0.3,0.3261,0.6739,0.5452,0.6197,0.7242,True,64,46,4.6,0,2.3
qa-010,qa,llmlingua_qwen,0.3,1.0,0.0,1.0,1.0,1.0,True,64,46,4.6,0,2.3
qa-010,qa,llmlingua2,0.3,0.2609,0.7391,0.5005,0.5248,0.6649,True,64,46,4.6,0,2.3
qa-011,qa,noop,1.0,1.0,0.0,1.0,1.0,1.0,True,117,98,5.1579,2,2.1579
qa-011,qa,random_deletion,0.7,0.6939,0.3061,0.7831,0.7444,0.8019,False,117,98,5.1579,2,2.1579
qa-011,qa,llmlingua_qwen,0.7,1.0,0.0,1.0,1.0,1.0,True,117,98,5.1579,2,2.1579
qa-011,qa,llmlingua2,0.7,0.602,0.398,0.7421,0.787,0.8446,True,117,98,5.1579,2,2.1579
qa-011,qa,random_deletion,0.5,0.5612,0.4388,0.7874,0.6493,0.7421,False,117,98,5.1579,2,2.1579
qa-011,qa,llmlingua_qwen,0.5,1.0,0.0,1.0,1.0,1.0,True,117,98,5.1579,2,2.1579
qa-011,qa,llmlingua2,0.5,0.4184,0.5816,0.6546,0.7743,0.8283,True,117,98,5.1579,2,2.1579
qa-011,qa,random_deletion,0.3,0.2857,0.7143,0.6198,0.6477,0.7362,True,117,98,5.1579,2,2.1579
qa-011,qa,llmlingua_qwen,0.3,1.0,0.0,1.0,1.0,1.0,True,117,98,5.1579,2,2.1579
qa-011,qa,llmlingua2,0.3,0.2551,0.7449,0.5538,0.5891,0.6977,True,117,98,5.1579,2,2.1579
qa-012,qa,noop,1.0,1.0,0.0,1.0,1.0,1.0,True,90,71,4.7333,3,2.4
qa-012,qa,random_deletion,0.7,0.6479,0.3521,0.8058,0.8228,0.8515,True,90,71,4.7333,3,2.4
qa-012,qa,llmlingua_qwen,0.7,1.0,0.0,1.0,1.0,1.0,True,90,71,4.7333,3,2.4
qa-012,qa,llmlingua2,0.7,0.6338,0.3662,0.7343,0.754,0.8026,True,90,71,4.7333,3,2.4
qa-012,qa,random_deletion,0.5,0.507,0.493,0.7486,0.5586,0.7057,False,90,71,4.7333,3,2.4
qa-012,qa,llmlingua_qwen,0.5,1.0,0.0,1.0,1.0,1.0,True,90,71,4.7333,3,2.4
qa-012,qa,llmlingua2,0.5,0.4085,0.5915,0.6356,0.6365,0.7251,True,90,71,4.7333,3,2.4
qa-012,qa,random_deletion,0.3,0.2676,0.7324,0.5787,0.4586,0.6219,False,90,71,4.7333,3,2.4
qa-012,qa,llmlingua_qwen,0.3,1.0,0.0,1.0,1.0,1.0,True,90,71,4.7333,3,2.4
qa-012,qa,llmlingua2,0.3,0.2113,0.7887,0.5053,0.5074,0.6745,True,90,71,4.7333,3,2.4
qa-013,qa,noop,1.0,1.0,0.0,1.0,1.0,1.0,True,104,76,4.4706,2,2.2353
qa-013,qa,random_deletion,0.7,0.6316,0.3684,0.7398,0.4341,0.6264,False,104,76,4.4706,2,2.2353
qa-013,qa,llmlingua_qwen,0.7,1.0,0.0,1.0,1.0,1.0,True,104,76,4.4706,2,2.2353
qa-013,qa,llmlingua2,0.7,0.6711,0.3289,0.7082,0.7201,0.7847,True,104,76,4.4706,2,2.2353
qa-013,qa,random_deletion,0.5,0.3553,0.6447,0.6168,0.3791,0.5886,False,104,76,4.4706,2,2.2353
qa-013,qa,llmlingua_qwen,0.5,1.0,0.0,1.0,1.0,1.0,True,104,76,4.4706,2,2.2353
qa-013,qa,llmlingua2,0.5,0.4737,0.5263,0.6573,0.672,0.7443,True,104,76,4.4706,2,2.2353
qa-013,qa,random_deletion,0.3,0.2763,0.7237,0.5714,0.4301,0.574,True,104,76,4.4706,2,2.2353
qa-013,qa,llmlingua_qwen,0.3,1.0,0.0,1.0,1.0,1.0,True,104,76,4.4706,2,2.2353
qa-013,qa,llmlingua2,0.3,0.3026,0.6974,0.5565,0.4153,0.6156,False,104,76,4.4706,2,2.2353
qa-014,qa,noop,1.0,1.0,0.0,1.0,1.0,1.0,True,122,90,4.2857,2,1.8095
qa-014,qa,random_deletion,0.7,0.7444,0.2556,0.8044,0.6919,0.7779,True,122,90,4.2857,2,1.8095
qa-014,qa,llmlingua_qwen,0.7,1.0,0.0,1.0,1.0,1.0,True,122,90,4.2857,2,1.8095
qa-014,qa,llmlingua2,0.7,0.6889,0.3111,0.749,0.6898,0.7667,True,122,90,4.2857,2,1.8095
qa-014,qa,random_deletion,0.5,0.5667,0.4333,0.6706,0.6146,0.7145,True,122,90,4.2857,2,1.8095
qa-014,qa,llmlingua_qwen,0.5,1.0,0.0,1.0,1.0,1.0,True,122,90,4.2857,2,1.8095
qa-014,qa,llmlingua2,0.5,0.5,0.5,0.6271,0.5367,0.67,False,122,90,4.2857,2,1.8095
qa-014,qa,random_deletion,0.3,0.2,0.8,0.5755,0.5705,0.6951,True,122,90,4.2857,2,1.8095
qa-014,qa,llmlingua_qwen,0.3,1.0,0.0,1.0,1.0,1.0,True,122,90,4.2857,2,1.8095
qa-014,qa,llmlingua2,0.3,0.2778,0.7222,0.5538,0.548,0.6789,False,122,90,4.2857,2,1.8095
qa-015,qa,noop,1.0,1.0,0.0,1.0,1.0,1.0,True,108,81,4.5,2,2.0
qa-015,qa,random_deletion,0.7,0.7407,0.2593,0.8419,0.7333,0.7769,True,108,81,4.5,2,2.0
qa-015,qa,llmlingua_qwen,0.7,1.0,0.0,1.0,1.0,1.0,True,108,81,4.5,2,2.0
qa-015,qa,llmlingua2,0.7,0.6543,0.3457,0.6914,0.7316,0.7393,True,108,81,4.5,2,2.0
qa-015,qa,random_deletion,0.5,0.5309,0.4691,0.7289,0.5007,0.6367,False,108,81,4.5,2,2.0
qa-015,qa,llmlingua_qwen,0.5,1.0,0.0,1.0,1.0,1.0,True,108,81,4.5,2,2.0
qa-015,qa,llmlingua2,0.5,0.4444,0.5556,0.5851,0.4506,0.6041,False,108,81,4.5,2,2.0
qa-015,qa,random_deletion,0.3,0.2346,0.7654,0.597,0.5174,0.614,True,108,81,4.5,2,2.0
qa-015,qa,llmlingua_qwen,0.3,1.0,0.0,1.0,1.0,1.0,True,108,81,4.5,2,2.0
qa-015,qa,llmlingua2,0.3,0.2963,0.7037,0.5684,0.4787,0.6247,False,108,81,4.5,2,2.0
qa-016,qa,noop,1.0,1.0,0.0,1.0,1.0,1.0,True,127,93,4.8947,2,2.2105
qa-016,qa,random_deletion,0.7,0.6344,0.3656,0.8037,0.7388,0.8183,True,127,93,4.8947,2,2.2105
qa-016,qa,llmlingua_qwen,0.7,1.0,0.0,1.0,1.0,1.0,True,127,93,4.8947,2,2.2105
qa-016,qa,llmlingua2,0.7,0.6667,0.3333,0.7828,0.6585,0.7459,False,127,93,4.8947,2,2.2105
qa-016,qa,random_deletion,0.5,0.6237,0.3763,0.8074,0.6614,0.7569,True,127,93,4.8947,2,2.2105
qa-016,qa,llmlingua_qwen,0.5,1.0,0.0,1.0,1.0,1.0,True,127,93,4.8947,2,2.2105
qa-016,qa,llmlingua2,0.5,0.4409,0.5591,0.6823,0.566,0.6907,False,127,93,4.8947,2,2.2105
qa-016,qa,random_deletion,0.3,0.3333,0.6667,0.6319,0.5943,0.7182,True,127,93,4.8947,2,2.2105
qa-016,qa,llmlingua_qwen,0.3,1.0,0.0,1.0,1.0,1.0,True,127,93,4.8947,2,2.2105
qa-016,qa,llmlingua2,0.3,0.2796,0.7204,0.6172,0.5718,0.6914,True,127,93,4.8947,2,2.2105
qa-017,qa,noop,1.0,1.0,0.0,1.0,1.0,1.0,True,106,75,4.4118,2,2.0
qa-017,qa,random_deletion,0.7,0.7067,0.2933,0.8137,0.7029,0.7823,True,106,75,4.4118,2,2.0
qa-017,qa,llmlingua_qwen,0.7,1.0,0.0,1.0,1.0,1.0,True,106,75,4.4118,2,2.0
qa-017,qa,llmlingua2,0.7,0.6667,0.3333,0.7192,0.5974,0.6966,False,106,75,4.4118,2,2.0
qa-017,qa,random_deletion,0.5,0.4,0.6,0.6245,0.5102,0.6637,True,106,75,4.4118,2,2.0
qa-017,qa,llmlingua_qwen,0.5,1.0,0.0,1.0,1.0,1.0,True,106,75,4.4118,2,2.0
qa-017,qa,llmlingua2,0.5,0.4667,0.5333,0.6258,0.6213,0.7478,True,106,75,4.4118,2,2.0
qa-017,qa,random_deletion,0.3,0.24,0.76,0.5199,0.4881,0.6492,True,106,75,4.4118,2,2.0
qa-017,qa,llmlingua_qwen,0.3,1.0,0.0,1.0,1.0,1.0,True,106,75,4.4118,2,2.0
qa-017,qa,llmlingua2,0.3,0.2933,0.7067,0.5379,0.4881,0.6474,False,106,75,4.4118,2,2.0
qa-018,qa,noop,1.0,1.0,0.0,1.0,1.0,1.0,True,104,82,4.3158,2,1.8947
qa-018,qa,random_deletion,0.7,0.7439,0.2561,0.7741,0.5686,0.6953,False,104,82,4.3158,2,1.8947
qa-018,qa,llmlingua_qwen,0.7,1.0,0.0,1.0,1.0,1.0,True,104,82,4.3158,2,1.8947
qa-018,qa,llmlingua2,0.7,0.6585,0.3415,0.7706,0.8621,0.8733,True,104,82,4.3158,2,1.8947
qa-018,qa,random_deletion,0.5,0.5244,0.4756,0.7099,0.3747,0.5927,False,104,82,4.3158,2,1.8947
qa-018,qa,llmlingua_qwen,0.5,1.0,0.0,1.0,1.0,1.0,True,104,82,4.3158,2,1.8947
qa-018,qa,llmlingua2,0.5,0.4878,0.5122,0.7113,0.743,0.7743,True,104,82,4.3158,2,1.8947
qa-018,qa,random_deletion,0.3,0.3659,0.6341,0.6843,0.3859,0.6005,False,104,82,4.3158,2,1.8947
qa-018,qa,llmlingua_qwen,0.3,1.0,0.0,1.0,1.0,1.0,True,104,82,4.3158,2,1.8947
qa-018,qa,llmlingua2,0.3,0.2805,0.7195,0.5544,0.6917,0.7372,True,104,82,4.3158,2,1.8947
qa-019,qa,noop,1.0,1.0,0.0,1.0,1.0,1.0,True,111,84,5.25,2,2.4375
qa-019,qa,random_deletion,0.7,0.7024,0.2976,0.7636,0.7243,0.777,False,111,84,5.25,2,2.4375
qa-019,qa,llmlingua_qwen,0.7,1.0,0.0,1.0,1.0,1.0,True,111,84,5.25,2,2.4375
qa-019,qa,llmlingua2,0.7,0.6786,0.3214,0.7865,0.7934,0.8448,True,111,84,5.25,2,2.4375
qa-019,qa,random_deletion,0.5,0.5,0.5,0.7485,0.5899,0.7105,False,111,84,5.25,2,2.4375
qa-019,qa,llmlingua_qwen,0.5,1.0,0.0,1.0,1.0,1.0,True,111,84,5.25,2,2.4375
qa-019,qa,llmlingua2,0.5,0.4881,0.5119,0.6987,0.6736,0.7516,True,111,84,5.25,2,2.4375
qa-019,qa,random_deletion,0.3,0.2976,0.7024,0.5869,0.4741,0.6367,False,111,84,5.25,2,2.4375
qa-019,qa,llmlingua_qwen,0.3,1.0,0.0,1.0,1.0,1.0,True,111,84,5.25,2,2.4375
qa-019,qa,llmlingua2,0.3,0.2619,0.7381,0.5713,0.5473,0.6774,True,111,84,5.25,2,2.4375
qa-020,qa,noop,1.0,1.0,0.0,1.0,1.0,1.0,True,129,98,4.2609,2,1.6957
qa-020,qa,random_deletion,0.7,0.7041,0.2959,0.8152,0.7647,0.7727,True,129,98,4.2609,2,1.6957
qa-020,qa,llmlingua_qwen,0.7,1.0,0.0,1.0,1.0,1.0,True,129,98,4.2609,2,1.6957
qa-020,qa,llmlingua2,0.7,0.6735,0.3265,0.739,0.7058,0.7285,True,129,98,4.2609,2,1.6957
qa-020,qa,random_deletion,0.5,0.4796,0.5204,0.6671,0.5028,0.6543,False,129,98,4.2609,2,1.6957
qa-020,qa,llmlingua_qwen,0.5,1.0,0.0,1.0,1.0,1.0,True,129,98,4.2609,2,1.6957
qa-020,qa,llmlingua2,0.5,0.4796,0.5204,0.6636,0.6533,0.6831,True,129,98,4.2609,2,1.6957
qa-020,qa,random_deletion,0.3,0.3367,0.6633,0.5537,0.5124,0.6533,False,129,98,4.2609,2,1.6957
qa-020,qa,llmlingua_qwen,0.3,1.0,0.0,1.0,1.0,1.0,True,129,98,4.2609,2,1.6957
qa-020,qa,llmlingua2,0.3,0.2449,0.7551,0.5469,0.6432,0.6849,True,129,98,4.2609,2,1.6957
qa-021,qa,noop,1.0,1.0,0.0,1.0,1.0,1.0,True,92,70,4.1176,0,1.5882
qa-021,qa,random_deletion,0.7,0.7429,0.2571,0.8179,0.7796,0.8253,True,92,70,4.1176,0,1.5882
qa-021,qa,llmlingua_qwen,0.7,1.0,0.0,1.0,1.0,1.0,True,92,70,4.1176,0,1.5882
qa-021,qa,llmlingua2,0.7,0.6857,0.3143,0.78,0.7184,0.7795,True,92,70,4.1176,0,1.5882
qa-021,qa,random_deletion,0.5,0.4714,0.5286,0.674,0.6523,0.7316,False,92,70,4.1176,0,1.5882
qa-021,qa,llmlingua_qwen,0.5,1.0,0.0,1.0,1.0,1.0,True,92,70,4.1176,0,1.5882
qa-021,qa,llmlingua2,0.5,0.4143,0.5857,0.6503,0.716,0.7808,True,92,70,4.1176,0,1.5882
qa-021,qa,random_deletion,0.3,0.2571,0.7429,0.6074,0.6566,0.7384,True,92,70,4.1176,0,1.5882
qa-021,qa,llmlingua_qwen,0.3,1.0,0.0,1.0,1.0,1.0,True,92,70,4.1176,0,1.5882
qa-021,qa,llmlingua2,0.3,0.2857,0.7143,0.6042,0.7148,0.7764,True,92,70,4.1176,0,1.5882
qa-022,qa,noop,1.0,1.0,0.0,1.0,1.0,1.0,True,89,62,5.1667,0,2.25
qa-022,qa,random_deletion,0.7,0.6774,0.3226,0.8005,0.7991,0.8441,False,89,62,5.1667,0,2.25
qa-022,qa,llmlingua_qwen,0.7,1.0,0.0,1.0,1.0,1.0,True,89,62,5.1667,0,2.25
qa-022,qa,llmlingua2,0.7,0.6613,0.3387,0.8014,0.8122,0.8613,True,89,62,5.1667,0,2.25
qa-022,qa,random_deletion,0.5,0.5484,0.4516,0.7591,0.7299,0.7445,False,89,62,5.1667,0,2.25
qa-022,qa,llmlingua_qwen,0.5,1.0,0.0,1.0,1.0,1.0,True,89,62,5.1667,0,2.25
qa-022,qa,llmlingua2,0.5,0.4677,0.5323,0.6225,0.7574,0.8158,True,89,62,5.1667,0,2.25
qa-022,qa,random_deletion,0.3,0.2903,0.7097,0.6597,0.7563,0.8153,True,89,62,5.1667,0,2.25
qa-022,qa,llmlingua_qwen,0.3,1.0,0.0,1.0,1.0,1.0,True,89,62,5.1667,0,2.25
qa-022,qa,llmlingua2,0.3,0.2581,0.7419,0.5866,0.7081,0.7871,True,89,62,5.1667,0,2.25
qa-023,qa,noop,1.0,1.0,0.0,1.0,1.0,1.0,True,85,64,4.9231,0,1.7692
qa-023,qa,random_deletion,0.7,0.5938,0.4062,0.7138,0.7965,0.8101,True,85,64,4.9231,0,1.7692
qa-023,qa,llmlingua_qwen,0.7,1.0,0.0,1.0,1.0,1.0,True,85,64,4.9231,0,1.7692
qa-023,qa,llmlingua2,0.7,0.6719,0.3281,0.7274,0.6845,0.7299,False,85,64,4.9231,0,1.7692
qa-023,qa,random_deletion,0.5,0.4531,0.5469,0.6255,0.6822,0.7286,False,85,64,4.9231,0,1.7692
qa-023,qa,llmlingua_qwen,0.5,1.0,0.0,1.0,1.0,1.0,True,85,64,4.9231,0,1.7692
qa-023,qa,llmlingua2,0.5,0.4219,0.5781,0.6912,0.6142,0.6975,False,85,64,4.9231,0,1.7692
qa-023,qa,random_deletion,0.3,0.2188,0.7812,0.4958,0.499,0.6549,True,85,64,4.9231,0,1.7692
qa-023,qa,llmlingua_qwen,0.3,1.0,0.0,1.0,1.0,1.0,True,85,64,4.9231,0,1.7692
qa-023,qa,llmlingua2,0.3,0.2656,0.7344,0.6299,0.6902,0.7608,True,85,64,4.9231,0,1.7692
qa-024,qa,noop,1.0,1.0,0.0,1.0,1.0,1.0,True,81,61,4.0667,0,1.6667
qa-024,qa,random_deletion,0.7,0.6557,0.3443,0.7916,0.6532,0.7287,True,81,61,4.0667,0,1.6667
qa-024,qa,llmlingua_qwen,0.7,1.0,0.0,1.0,1.0,1.0,True,81,61,4.0667,0,1.6667
qa-024,qa,llmlingua2,0.7,0.6721,0.3279,0.7597,0.6375,0.7416,False,81,61,4.0667,0,1.6667
qa-024,qa,random_deletion,0.5,0.459,0.541,0.6911,0.5746,0.6918,True,81,61,4.0667,0,1.6667
qa-024,qa,llmlingua_qwen,0.5,1.0,0.0,1.0,1.0,1.0,True,81,61,4.0667,0,1.6667
qa-024,qa,llmlingua2,0.5,0.5246,0.4754,0.6209,0.6136,0.7115,True,81,61,4.0667,0,1.6667
qa-024,qa,random_deletion,0.3,0.2623,0.7377,0.5764,0.5275,0.6498,True,81,61,4.0667,0,1.6667
qa-024,qa,llmlingua_qwen,0.3,1.0,0.0,1.0,1.0,1.0,True,81,61,4.0667,0,1.6667
qa-024,qa,llmlingua2,0.3,0.2951,0.7049,0.5546,0.5308,0.6809,True,81,61,4.0667,0,1.6667
qa-025,qa,noop,1.0,1.0,0.0,1.0,1.0,1.0,True,79,59,4.2143,0,1.7143
qa-025,qa,random_deletion,0.7,0.6949,0.3051,0.7813,0.8272,0.8553,True,79,59,4.2143,0,1.7143
qa-025,qa,llmlingua_qwen,0.7,1.0,0.0,1.0,1.0,1.0,True,79,59,4.2143,0,1.7143
qa-025,qa,llmlingua2,0.7,0.6271,0.3729,0.7408,0.797,0.8367,False,79,59,4.2143,0,1.7143
qa-025,qa,random_deletion,0.5,0.5932,0.4068,0.6316,0.8094,0.7879,True,79,59,4.2143,0,1.7143
qa-025,qa,llmlingua_qwen,0.5,1.0,0.0,1.0,1.0,1.0,True,79,59,4.2143,0,1.7143
qa-025,qa,llmlingua2,0.5,0.4915,0.5085,0.6575,0.7676,0.753,True,79,59,4.2143,0,1.7143
qa-025,qa,random_deletion,0.3,0.339,0.661,0.5571,0.6561,0.7461,False,79,59,4.2143,0,1.7143
qa-025,qa,llmlingua_qwen,0.3,1.0,0.0,1.0,1.0,1.0,True,79,59,4.2143,0,1.7143
qa-025,qa,llmlingua2,0.3,0.2881,0.7119,0.5996,0.716,0.7808,True,79,59,4.2143,0,1.7143
qa-026,qa,noop,1.0,1.0,0.0,1.0,1.0,1.0,True,83,67,4.4667,0,1.4667
qa-026,qa,random_deletion,0.7,0.7015,0.2985,0.7411,0.8019,0.8223,True,83,67,4.4667,0,1.4667
qa-026,qa,llmlingua_qwen,0.7,1.0,0.0,1.0,1.0,1.0,True,83,67,4.4667,0,1.4667
qa-026,qa,llmlingua2,0.7,0.6866,0.3134,0.7342,0.6951,0.7318,False,83,67,4.4667,0,1.4667
qa-026,qa,random_deletion,0.5,0.4776,0.5224,0.6645,0.7802,0.8089,True,83,67,4.4667,0,1.4667
qa-026,qa,llmlingua_qwen,0.5,1.0,0.0,1.0,1.0,1.0,True,83,67,4.4667,0,1.4667
qa-026,qa,llmlingua2,0.5,0.5224,0.4776,0.6203,0.6682,0.7159,False,83,67,4.4667,0,1.4667
qa-026,qa,random_deletion,0.3,0.3582,0.6418,0.5868,0.6942,0.7452,True,83,67,4.4667,0,1.4667
qa-026,qa,llmlingua_qwen,0.3,1.0,0.0,1.0,1.0,1.0,True,83,67,4.4667,0,1.4667
qa-026,qa,llmlingua2,0.3,0.3134,0.6866,0.5012,0.6663,0.7335,True,83,67,4.4667,0,1.4667
qa-027,qa,noop,1.0,1.0,0.0,1.0,1.0,1.0,True,68,53,4.4167,0,1.6667
qa-027,qa,random_deletion,0.7,0.6604,0.3396,0.6921,0.627,0.7017,False,68,53,4.4167,0,1.6667
qa-027,qa,llmlingua_qwen,0.7,1.0,0.0,1.0,1.0,1.0,True,68,53,4.4167,0,1.6667
qa-027,qa,llmlingua2,0.7,0.6604,0.3396,0.8167,0.7063,0.722,False,68,53,4.4167,0,1.6667
qa-027,qa,random_deletion,0.5,0.5283,0.4717,0.7119,0.601,0.6777,False,68,53,4.4167,0,1.6667
qa-027,qa,llmlingua_qwen,0.5,1.0,0.0,1.0,1.0,1.0,True,68,53,4.4167,0,1.6667
qa-027,qa,llmlingua2,0.5,0.434,0.566,0.6963,0.7088,0.7683,True,68,53,4.4167,0,1.6667
qa-027,qa,random_deletion,0.3,0.3962,0.6038,0.6388,0.5358,0.6526,False,68,53,4.4167,0,1.6667
qa-027,qa,llmlingua_qwen,0.3,1.0,0.0,1.0,1.0,1.0,True,68,53,4.4167,0,1.6667
qa-027,qa,llmlingua2,0.3,0.283,0.717,0.5921,0.6504,0.6863,True,68,53,4.4167,0,1.6667
qa-028,qa,noop,1.0,1.0,0.0,1.0,1.0,1.0,True,68,52,4.0,0,1.3077
qa-028,qa,random_deletion,0.7,0.6923,0.3077,0.8238,0.7987,0.7944,False,68,52,4.0,0,1.3077
qa-028,qa,llmlingua_qwen,0.7,1.0,0.0,1.0,1.0,1.0,True,68,52,4.0,0,1.3077
qa-028,qa,llmlingua2,0.7,0.6923,0.3077,0.7863,0.8379,0.8499,True,68,52,4.0,0,1.3077
qa-028,qa,random_deletion,0.5,0.4808,0.5192,0.6032,0.6474,0.7226,False,68,52,4.0,0,1.3077
qa-028,qa,llmlingua_qwen,0.5,1.0,0.0,1.0,1.0,1.0,True,68,52,4.0,0,1.3077
qa-028,qa,llmlingua2,0.5,0.5,0.5,0.6512,0.7338,0.7732,True,68,52,4.0,0,1.3077
qa-028,qa,random_deletion,0.3,0.3462,0.6538,0.5686,0.5374,0.6525,False,68,52,4.0,0,1.3077
qa-028,qa,llmlingua_qwen,0.3,1.0,0.0,1.0,1.0,1.0,True,68,52,4.0,0,1.3077
qa-028,qa,llmlingua2,0.3,0.25,0.75,0.5681,0.6641,0.7258,True,68,52,4.0,0,1.3077
qa-029,qa,noop,1.0,1.0,0.0,1.0,1.0,1.0,True,64,48,5.3333,0,2.1111
qa-029,qa,random_deletion,0.7,0.6667,0.3333,0.8565,0.7241,0.7876,False,64,48,5.3333,0,2.1111
qa-029,qa,llmlingua_qwen,0.7,1.0,0.0,1.0,1.0,1.0,True,64,48,5.3333,0,2.1111
qa-029,qa,llmlingua2,0.7,0.6875,0.3125,0.7255,0.7679,0.778,False,64,48,5.3333,0,2.1111
qa-029,qa,random_deletion,0.5,0.4583,0.5417,0.6837,0.7114,0.7215,False,64,48,5.3333,0,2.1111
qa-029,qa,llmlingua_qwen,0.5,1.0,0.0,1.0,1.0,1.0,True,64,48,5.3333,0,2.1111
qa-029,qa,llmlingua2,0.5,0.4375,0.5625,0.5855,0.6006,0.7173,False,64,48,5.3333,0,2.1111
qa-029,qa,random_deletion,0.3,0.375,0.625,0.63,0.7937,0.8411,True,64,48,5.3333,0,2.1111
qa-029,qa,llmlingua_qwen,0.3,1.0,0.0,1.0,1.0,1.0,True,64,48,5.3333,0,2.1111
qa-029,qa,llmlingua2,0.3,0.2708,0.7292,0.5438,0.512,0.6646,True,64,48,5.3333,0,2.1111
qa-030,qa,noop,1.0,1.0,0.0,1.0,1.0,1.0,True,86,66,4.7143,0,1.7143
qa-030,qa,random_deletion,0.7,0.697,0.303,0.7575,0.7056,0.7429,False,86,66,4.7143,0,1.7143
qa-030,qa,llmlingua_qwen,0.7,1.0,0.0,1.0,1.0,1.0,True,86,66,4.7143,0,1.7143
qa-030,qa,llmlingua2,0.7,0.6212,0.3788,0.755,0.761,0.7702,True,86,66,4.7143,0,1.7143
qa-030,qa,random_deletion,0.5,0.5,0.5,0.6697,0.6996,0.738,False,86,66,4.7143,0,1.7143
qa-030,qa,llmlingua_qwen,0.5,1.0,0.0,1.0,1.0,1.0,True,86,66,4.7143,0,1.7143
qa-030,qa,llmlingua2,0.5,0.4848,0.5152,0.6626,0.7308,0.7529,True,86,66,4.7143,0,1.7143
qa-030,qa,random_deletion,0.3,0.2576,0.7424,0.6289,0.6678,0.732,True,86,66,4.7143,0,1.7143
qa-030,qa,llmlingua_qwen,0.3,1.0,0.0,1.0,1.0,1.0,True,86,66,4.7143,0,1.7143
qa-030,qa,llmlingua2,0.3,0.2879,0.7121,0.5345,0.6222,0.7073,False,86,66,4.7143,0,1.7143
qa-031,qa,noop,1.0,1.0,0.0,1.0,1.0,1.0,True,133,100,4.1667,0,1.75
qa-031,qa,random_deletion,0.7,0.6,0.4,0.8465,0.6546,0.692,True,133,100,4.1667,0,1.75
qa-031,qa,llmlingua_qwen,0.7,1.0,0.0,1.0,1.0,1.0,True,133,100,4.1667,0,1.75
qa-031,qa,llmlingua2,0.7,0.73,0.27,0.7433,0.6982,0.7605,True,133,100,4.1667,0,1.75
qa-031,qa,random_deletion,0.5,0.48,0.52,0.7408,0.6128,0.6694,True,133,100,4.1667,0,1.75
qa-031,qa,llmlingua_qwen,0.5,1.0,0.0,1.0,1.0,1.0,True,133,100,4.1667,0,1.75
qa-031,qa,llmlingua2,0.5,0.52,0.48,0.7097,0.6538,0.6945,True,133,100,4.1667,0,1.75
qa-031,qa,random_deletion,0.3,0.33,0.67,0.5752,0.4277,0.5598,False,133,100,4.1667,0,1.75
qa-031,qa,llmlingua_qwen,0.3,1.0,0.0,1.0,1.0,1.0,True,133,100,4.1667,0,1.75
qa-031,qa,llmlingua2,0.3,0.28,0.72,0.5868,0.6047,0.6284,True,133,100,4.1667,0,1.75
qa-032,qa,noop,1.0,1.0,0.0,1.0,1.0,1.0,True,102,75,4.1667,0,1.8333
qa-032,qa,random_deletion,0.7,0.6533,0.3467,0.8375,0.6585,0.7306,False,102,75,4.1667,0,1.8333
qa-032,qa,llmlingua_qwen,0.7,1.0,0.0,1.0,1.0,1.0,True,102,75,4.1667,0,1.8333
qa-032,qa,llmlingua2,0.7,0.6533,0.3467,0.7531,0.6707,0.7061,True,102,75,4.1667,0,1.8333
qa-032,qa,random_deletion,0.5,0.4667,0.5333,0.7144,0.4769,0.6283,True,102,75,4.1667,0,1.8333
qa-032,qa,llmlingua_qwen,0.5,1.0,0.0,1.0,1.0,1.0,True,102,75,4.1667,0,1.8333
qa-032,qa,llmlingua2,0.5,0.4933,0.5067,0.6916,0.6516,0.7196,True,102,75,4.1667,0,1.8333
qa-032,qa,random_deletion,0.3,0.3067,0.6933,0.5416,0.3403,0.5285,False,102,75,4.1667,0,1.8333
qa-032,qa,llmlingua_qwen,0.3,1.0,0.0,1.0,1.0,1.0,True,102,75,4.1667,0,1.8333
qa-032,qa,llmlingua2,0.3,0.2933,0.7067,0.567,0.3674,0.5383,True,102,75,4.1667,0,1.8333
qa-033,qa,noop,1.0,1.0,0.0,1.0,1.0,1.0,True,117,88,4.1905,0,1.7143
qa-033,qa,random_deletion,0.7,0.75,0.25,0.8275,0.7162,0.7374,True,117,88,4.1905,0,1.7143
qa-033,qa,llmlingua_qwen,0.7,1.0,0.0,1.0,1.0,1.0,True,117,88,4.1905,0,1.7143
qa-033,qa,llmlingua2,0.7,0.6818,0.3182,0.7467,0.6932,0.7751,True,117,88,4.1905,0,1.7143
qa-033,qa,random_deletion,0.5,0.5568,0.4432,0.7124,0.6421,0.7294,True,117,88,4.1905,0,1.7143
qa-033,qa,llmlingua_qwen,0.5,1.0,0.0,1.0,1.0,1.0,True,117,88,4.1905,0,1.7143
qa-033,qa,llmlingua2,0.5,0.4659,0.5341,0.6993,0.6108,0.6847,False,117,88,4.1905,0,1.7143
qa-033,qa,random_deletion,0.3,0.2841,0.7159,0.5986,0.6002,0.6839,False,117,88,4.1905,0,1.7143
qa-033,qa,llmlingua_qwen,0.3,1.0,0.0,1.0,1.0,1.0,True,117,88,4.1905,0,1.7143
qa-033,qa,llmlingua2,0.3,0.2727,0.7273,0.6346,0.634,0.7307,True,117,88,4.1905,0,1.7143
qa-034,qa,noop,1.0,1.0,0.0,1.0,1.0,1.0,True,104,82,4.3158,0,1.6842
qa-034,qa,random_deletion,0.7,0.6463,0.3537,0.7847,0.6688,0.6977,False,104,82,4.3158,0,1.6842
qa-034,qa,llmlingua_qwen,0.7,1.0,0.0,1.0,1.0,1.0,True,104,82,4.3158,0,1.6842
qa-034,qa,llmlingua2,0.7,0.6951,0.3049,0.8026,0.8522,0.8721,True,104,82,4.3158,0,1.6842
qa-034,qa,random_deletion,0.5,0.5,0.5,0.7329,0.7407,0.7507,True,104,82,4.3158,0,1.6842
qa-034,qa,llmlingua_qwen,0.5,1.0,0.0,1.0,1.0,1.0,True,104,82,4.3158,0,1.6842
qa-034,qa,llmlingua2,0.5,0.4634,0.5366,0.6892,0.7406,0.7549,True,104,82,4.3158,0,1.6842
qa-034,qa,random_deletion,0.3,0.3537,0.6463,0.6187,0.6602,0.7438,False,104,82,4.3158,0,1.6842
qa-034,qa,llmlingua_qwen,0.3,1.0,0.0,1.0,1.0,1.0,True,104,82,4.3158,0,1.6842
qa-034,qa,llmlingua2,0.3,0.2805,0.7195,0.6376,0.7387,0.804,True,104,82,4.3158,0,1.6842
qa-035,qa,noop,1.0,1.0,0.0,1.0,1.0,1.0,True,112,81,4.5,0,1.8333
qa-035,qa,random_deletion,0.7,0.7037,0.2963,0.8382,0.6882,0.7624,False,112,81,4.5,0,1.8333
qa-035,qa,llmlingua_qwen,0.7,1.0,0.0,1.0,1.0,1.0,True,112,81,4.5,0,1.8333
qa-035,qa,llmlingua2,0.7,0.6543,0.3457,0.734,0.7385,0.7887,True,112,81,4.5,0,1.8333
qa-035,qa,random_deletion,0.5,0.4691,0.5309,0.6821,0.4436,0.6082,False,112,81,4.5,0,1.8333
qa-035,qa,llmlingua_qwen,0.5,1.0,0.0,1.0,1.0,1.0,True,112,81,4.5,0,1.8333
qa-035,qa,llmlingua2,0.5,0.4691,0.5309,0.6545,0.6933,0.756,True,112,81,4.5,0,1.8333
qa-035,qa,random_deletion,0.3,0.284,0.716,0.5873,0.4449,0.6054,False,112,81,4.5,0,1.8333
qa-035,qa,llmlingua_qwen,0.3,1.0,0.0,1.0,1.0,1.0,True,112,81,4.5,0,1.8333
qa-035,qa,llmlingua2,0.3,0.284,0.716,0.5994,0.6568,0.7432,True,112,81,4.5,0,1.8333
qa-036,qa,noop,1.0,1.0,0.0,1.0,1.0,1.0,True,99,73,4.5625,0,1.9375
qa-036,qa,random_deletion,0.7,0.6301,0.3699,0.7658,0.7801,0.8146,False,99,73,4.5625,0,1.9375
qa-036,qa,llmlingua_qwen,0.7,1.0,0.0,1.0,1.0,1.0,True,99,73,4.5625,0,1.9375
qa-036,qa,llmlingua2,0.7,0.6986,0.3014,0.7303,0.8249,0.8465,True,99,73,4.5625,0,1.9375
qa-036,qa,random_deletion,0.5,0.5479,0.4521,0.7208,0.7249,0.7472,False,99,73,4.5625,0,1.9375
qa-036,qa,llmlingua_qwen,0.5,1.0,0.0,1.0,1.0,1.0,True,99,73,4.5625,0,1.9375
qa-036,qa,llmlingua2,0.5,0.4795,0.5205,0.6553,0.8219,0.8418,True,99,73,4.5625,0,1.9375
qa-036,qa,random_deletion,0.3,0.3014,0.6986,0.5201,0.4708,0.6185,False,99,73,4.5625,0,1.9375
qa-036,qa,llmlingua_qwen,0.3,1.0,0.0,1.0,1.0,1.0,True,99,73,4.5625,0,1.9375
qa-036,qa,llmlingua2,0.3,0.2466,0.7534,0.5239,0.6511,0.7074,True,99,73,4.5625,0,1.9375
qa-037,qa,noop,1.0,1.0,0.0,1.0,1.0,1.0,True,91,66,4.4,0,1.8
qa-037,qa,random_deletion,0.7,0.6212,0.3788,0.7285,0.7044,0.7929,True,91,66,4.4,0,1.8
qa-037,qa,llmlingua_qwen,0.7,1.0,0.0,1.0,1.0,1.0,True,91,66,4.4,0,1.8
qa-037,qa,llmlingua2,0.7,0.6515,0.3485,0.6813,0.7196,0.7999,True,91,66,4.4,0,1.8
qa-037,qa,random_deletion,0.5,0.5303,0.4697,0.7646,0.6567,0.7571,False,91,66,4.4,0,1.8
qa-037,qa,llmlingua_qwen,0.5,1.0,0.0,1.0,1.0,1.0,True,91,66,4.4,0,1.8
qa-037,qa,llmlingua2,0.5,0.4697,0.5303,0.6369,0.6848,0.7695,True,91,66,4.4,0,1.8
qa-037,qa,random_deletion,0.3,0.2879,0.7121,0.5092,0.5083,0.653,False,91,66,4.4,0,1.8
qa-037,qa,llmlingua_qwen,0.3,1.0,0.0,1.0,1.0,1.0,True,91,66,4.4,0,1.8
qa-037,qa,llmlingua2,0.3,0.2727,0.7273,0.5558,0.6388,0.6921,True,91,66,4.4,0,1.8
qa-038,qa,noop,1.0,1.0,0.0,1.0,1.0,1.0,True,86,65,5.0,0,2.1538
qa-038,qa,random_deletion,0.7,0.6769,0.3231,0.7957,0.7671,0.8093,True,86,65,5.0,0,2.1538
qa-038,qa,llmlingua_qwen,0.7,1.0,0.0,1.0,1.0,1.0,True,86,65,5.0,0,2.1538
qa-038,qa,llmlingua2,0.7,0.6462,0.3538,0.7903,0.6751,0.7287,True,86,65,5.0,0,2.1538
qa-038,qa,random_deletion,0.5,0.4154,0.5846,0.5986,0.6486,0.7175,True,86,65,5.0,0,2.1538
qa-038,qa,llmlingua_qwen,0.5,1.0,0.0,1.0,1.0,1.0,True,86,65,5.0,0,2.1538
qa-038,qa,llmlingua2,0.5,0.3846,0.6154,0.6509,0.6347,0.7068,True,86,65,5.0,0,2.1538
qa-038,qa,random_deletion,0.3,0.3692,0.6308,0.6754,0.6217,0.7089,True,86,65,5.0,0,2.1538
qa-038,qa,llmlingua_qwen,0.3,1.0,0.0,1.0,1.0,1.0,True,86,65,5.0,0,2.1538
qa-038,qa,llmlingua2,0.3,0.2769,0.7231,0.5809,0.5971,0.6755,True,86,65,5.0,0,2.1538
qa-039,qa,noop,1.0,1.0,0.0,1.0,1.0,1.0,True,101,78,4.3333,0,1.5
qa-039,qa,random_deletion,0.7,0.7436,0.2564,0.8518,0.7375,0.79,True,101,78,4.3333,0,1.5
qa-039,qa,llmlingua_qwen,0.7,1.0,0.0,1.0,1.0,1.0,True,101,78,4.3333,0,1.5
qa-039,qa,llmlingua2,0.7,0.6795,0.3205,0.8061,0.6929,0.7093,False,101,78,4.3333,0,1.5
qa-039,qa,random_deletion,0.5,0.5128,0.4872,0.7379,0.701,0.7189,False,101,78,4.3333,0,1.5
qa-039,qa,llmlingua_qwen,0.5,1.0,0.0,1.0,1.0,1.0,True,101,78,4.3333,0,1.5
qa-039,qa,llmlingua2,0.5,0.4744,0.5256,0.6903,0.7035,0.7198,True,101,78,4.3333,0,1.5
qa-039,qa,random_deletion,0.3,0.2821,0.7179,0.6739,0.6427,0.7229,True,101,78,4.3333,0,1.5
qa-039,qa,llmlingua_qwen,0.3,1.0,0.0,1.0,1.0,1.0,True,101,78,4.3333,0,1.5
qa-039,qa,llmlingua2,0.3,0.2436,0.7564,0.5463,0.6191,0.6788,True,101,78,4.3333,0,1.5
qa-040,qa,noop,1.0,1.0,0.0,1.0,1.0,1.0,True,104,74,4.625,0,1.875
qa-040,qa,random_deletion,0.7,0.7568,0.2432,0.8621,0.7857,0.8332,True,104,74,4.625,0,1.875
qa-040,qa,llmlingua_qwen,0.7,1.0,0.0,1.0,1.0,1.0,True,104,74,4.625,0,1.875
qa-040,qa,llmlingua2,0.7,0.6351,0.3649,0.7514,0.6919,0.7795,True,104,74,4.625,0,1.875
qa-040,qa,random_deletion,0.5,0.4459,0.5541,0.7117,0.6176,0.6822,False,104,74,4.625,0,1.875
qa-040,qa,llmlingua_qwen,0.5,1.0,0.0,1.0,1.0,1.0,True,104,74,4.625,0,1.875
qa-040,qa,llmlingua2,0.5,0.4865,0.5135,0.6448,0.6877,0.7783,True,104,74,4.625,0,1.875
qa-040,qa,random_deletion,0.3,0.3243,0.6757,0.5883,0.5883,0.7004,False,104,74,4.625,0,1.875
qa-040,qa,llmlingua_qwen,0.3,1.0,0.0,1.0,1.0,1.0,True,104,74,4.625,0,1.875
qa-040,qa,llmlingua2,0.3,0.2973,0.7027,0.5659,0.6243,0.7354,True,104,74,4.625,0,1.875
qa-041,qa,noop,1.0,1.0,0.0,1.0,1.0,1.0,True,87,66,4.125,0,1.9375
qa-041,qa,random_deletion,0.7,0.5909,0.4091,0.7771,0.8133,0.8271,True,87,66,4.125,0,1.9375
qa-041,qa,llmlingua_qwen,0.7,1.0,0.0,1.0,1.0,1.0,True,87,66,4.125,0,1.9375
qa-041,qa,llmlingua2,0.7,0.6667,0.3333,0.7898,0.8713,0.8787,True,87,66,4.125,0,1.9375
qa-041,qa,random_deletion,0.5,0.4697,0.5303,0.7329,0.6971,0.7662,False,87,66,4.125,0,1.9375
qa-041,qa,llmlingua_qwen,0.5,1.0,0.0,1.0,1.0,1.0,True,87,66,4.125,0,1.9375
qa-041,qa,llmlingua2,0.5,0.4848,0.5152,0.7004,0.7131,0.7979,False,87,66,4.125,0,1.9375
qa-041,qa,random_deletion,0.3,0.303,0.697,0.5847,0.5092,0.6016,False,87,66,4.125,0,1.9375
qa-041,qa,llmlingua_qwen,0.3,1.0,0.0,1.0,1.0,1.0,True,87,66,4.125,0,1.9375
qa-041,qa,llmlingua2,0.3,0.2121,0.7879,0.553,0.7282,0.7705,True,87,66,4.125,0,1.9375
qa-042,qa,noop,1.0,1.0,0.0,1.0,1.0,1.0,True,56,37,3.3636,0,1.6364
qa-042,qa,random_deletion,0.7,0.7568,0.2432,0.7944,0.8953,0.889,True,56,37,3.3636,0,1.6364
qa-042,qa,llmlingua_qwen,0.7,1.0,0.0,1.0,1.0,1.0,True,56,37,3.3636,0,1.6364
qa-042,qa,llmlingua2,0.7,0.5946,0.4054,0.6941,0.8155,0.8456,True,56,37,3.3636,0,1.6364
qa-042,qa,random_deletion,0.5,0.4595,0.5405,0.6345,0.7791,0.8051,True,56,37,3.3636,0,1.6364
qa-042,qa,llmlingua_qwen,0.5,1.0,0.0,1.0,1.0,1.0,True,56,37,3.3636,0,1.6364
qa-042,qa,llmlingua2,0.5,0.4324,0.5676,0.5431,0.3791,0.5894,False,56,37,3.3636,0,1.6364
qa-042,qa,random_deletion,0.3,0.2703,0.7297,0.471,0.409,0.5898,False,56,37,3.3636,0,1.6364
qa-042,qa,llmlingua_qwen,0.3,1.0,0.0,1.0,1.0,1.0,True,56,37,3.3636,0,1.6364
qa-042,qa,llmlingua2,0.3,0.2162,0.7838,0.5096,0.6312,0.7052,True,56,37,3.3636,0,1.6364
qa-043,qa,noop,1.0,1.0,0.0,1.0,1.0,1.0,True,76,61,4.3571,0,1.5714
qa-043,qa,random_deletion,0.7,0.7213,0.2787,0.8445,0.8537,0.8671,False,76,61,4.3571,0,1.5714
qa-043,qa,llmlingua_qwen,0.7,1.0,0.0,1.0,1.0,1.0,True,76,61,4.3571,0,1.5714
qa-043,qa,llmlingua2,0.7,0.7049,0.2951,0.8128,0.8727,0.8757,True,76,61,4.3571,0,1.5714
qa-043,qa,random_deletion,0.5,0.4754,0.5246,0.744,0.7852,0.809,True,76,61,4.3571,0,1.5714
qa-043,qa,llmlingua_qwen,0.5,1.0,0.0,1.0,1.0,1.0,True,76,61,4.3571,0,1.5714
qa-043,qa,llmlingua2,0.5,0.4426,0.5574,0.6668,0.7775,0.7952,True,76,61,4.3571,0,1.5714
qa-043,qa,random_deletion,0.3,0.3115,0.6885,0.6338,0.4827,0.6201,True,76,61,4.3571,0,1.5714
qa-043,qa,llmlingua_qwen,0.3,1.0,0.0,1.0,1.0,1.0,True,76,61,4.3571,0,1.5714
qa-043,qa,llmlingua2,0.3,0.2787,0.7213,0.6361,0.417,0.599,True,76,61,4.3571,0,1.5714
qa-044,qa,noop,1.0,1.0,0.0,1.0,1.0,1.0,True,68,53,4.8182,1,2.0
qa-044,qa,random_deletion,0.7,0.6604,0.3396,0.8407,0.7294,0.8047,False,68,53,4.8182,1,2.0
qa-044,qa,llmlingua_qwen,0.7,1.0,0.0,1.0,1.0,1.0,True,68,53,4.8182,1,2.0
qa-044,qa,llmlingua2,0.7,0.6604,0.3396,0.7973,0.7879,0.8414,True,68,53,4.8182,1,2.0
qa-044,qa,random_deletion,0.5,0.6038,0.3962,0.7801,0.7863,0.8254,True,68,53,4.8182,1,2.0
qa-044,qa,llmlingua_qwen,0.5,1.0,0.0,1.0,1.0,1.0,True,68,53,4.8182,1,2.0
qa-044,qa,llmlingua2,0.5,0.434,0.566,0.7041,0.7434,0.7793,False,68,53,4.8182,1,2.0
qa-044,qa,random_deletion,0.3,0.2264,0.7736,0.6336,0.7598,0.7822,True,68,53,4.8182,1,2.0
qa-044,qa,llmlingua_qwen,0.3,1.0,0.0,1.0,1.0,1.0,True,68,53,4.8182,1,2.0
qa-044,qa,llmlingua2,0.3,0.2642,0.7358,0.6586,0.7465,0.7832,False,68,53,4.8182,1,2.0
qa-045,qa,noop,1.0,1.0,0.0,1.0,1.0,1.0,True,77,57,4.3846,0,2.0769
qa-045,qa,random_deletion,0.7,0.6842,0.3158,0.787,0.954,0.9467,True,77,57,4.3846,0,2.0769
qa-045,qa,llmlingua_qwen,0.7,1.0,0.0,1.0,1.0,1.0,True,77,57,4.3846,0,2.0769
qa-045,qa,llmlingua2,0.7,0.6667,0.3333,0.7513,0.9519,0.9495,True,77,57,4.3846,0,2.0769
qa-045,qa,random_deletion,0.5,0.4386,0.5614,0.6752,0.4866,0.6498,True,77,57,4.3846,0,2.0769
qa-045,qa,llmlingua_qwen,0.5,1.0,0.0,1.0,1.0,1.0,True,77,57,4.3846,0,2.0769
qa-045,qa,llmlingua2,0.5,0.4912,0.5088,0.6848,0.8814,0.8723,True,77,57,4.3846,0,2.0769
qa-045,qa,random_deletion,0.3,0.2982,0.7018,0.6139,0.4679,0.6447,True,77,57,4.3846,0,2.0769
qa-045,qa,llmlingua_qwen,0.3,1.0,0.0,1.0,1.0,1.0,True,77,57,4.3846,0,2.0769
qa-045,qa,llmlingua2,0.3,0.2456,0.7544,0.5361,0.4482,0.6256,True,77,57,4.3846,0,2.0769
qa-046,qa,noop,1.0,1.0,0.0,1.0,1.0,1.0,True,63,46,3.8333,1,2.0833
qa-046,qa,random_deletion,0.7,0.6522,0.3478,0.8638,0.8328,0.8675,False,63,46,3.8333,1,2.0833
qa-046,qa,llmlingua_qwen,0.7,1.0,0.0,1.0,1.0,1.0,True,63,46,3.8333,1,2.0833
qa-046,qa,llmlingua2,0.7,0.6957,0.3043,0.8228,0.9416,0.9386,True,63,46,3.8333,1,2.0833
qa-046,qa,random_deletion,0.5,0.5435,0.4565,0.7797,0.8442,0.8497,True,63,46,3.8333,1,2.0833
qa-046,qa,llmlingua_qwen,0.5,1.0,0.0,1.0,1.0,1.0,True,63,46,3.8333,1,2.0833
qa-046,qa,llmlingua2,0.5,0.4783,0.5217,0.6993,0.8334,0.847,True,63,46,3.8333,1,2.0833
qa-046,qa,random_deletion,0.3,0.3478,0.6522,0.6361,0.6338,0.7252,True,63,46,3.8333,1,2.0833
qa-046,qa,llmlingua_qwen,0.3,1.0,0.0,1.0,1.0,1.0,True,63,46,3.8333,1,2.0833
qa-046,qa,llmlingua2,0.3,0.2174,0.7826,0.5434,0.4042,0.5811,True,63,46,3.8333,1,2.0833
qa-047,qa,noop,1.0,1.0,0.0,1.0,1.0,1.0,True,64,48,4.0,0,1.6667
qa-047,qa,random_deletion,0.7,0.5417,0.4583,0.7726,0.8986,0.8953,True,64,48,4.0,0,1.6667
qa-047,qa,llmlingua_qwen,0.7,1.0,0.0,1.0,1.0,1.0,True,64,48,4.0,0,1.6667
qa-047,qa,llmlingua2,0.7,0.6667,0.3333,0.776,0.8662,0.8903,False,64,48,4.0,0,1.6667
qa-047,qa,random_deletion,0.5,0.5208,0.4792,0.6992,0.6928,0.7441,False,64,48,4.0,0,1.6667
qa-047,qa,llmlingua_qwen,0.5,1.0,0.0,1.0,1.0,1.0,True,64,48,4.0,0,1.6667
qa-047,qa,llmlingua2,0.5,0.4375,0.5625,0.6852,0.517,0.6627,False,64,48,4.0,0,1.6667
qa-047,qa,random_deletion,0.3,0.3542,0.6458,0.5997,0.4058,0.5911,False,64,48,4.0,0,1.6667
qa-047,qa,llmlingua_qwen,0.3,1.0,0.0,1.0,1.0,1.0,True,64,48,4.0,0,1.6667
qa-047,qa,llmlingua2,0.3,0.2708,0.7292,0.61,0.7157,0.7557,True,64,48,4.0,0,1.6667
qa-048,qa,noop,1.0,1.0,0.0,1.0,1.0,1.0,True,74,57,4.0714,0,1.6429
qa-048,qa,random_deletion,0.7,0.8246,0.1754,0.849,0.8216,0.8375,False,74,57,4.0714,0,1.6429
qa-048,qa,llmlingua_qwen,0.7,1.0,0.0,1.0,1.0,1.0,True,74,57,4.0714,0,1.6429
qa-048,qa,llmlingua2,0.7,0.7018,0.2982,0.7909,0.9355,0.9447,True,74,57,4.0714,0,1.6429
qa-048,qa,random_deletion,0.5,0.4386,0.5614,0.7349,0.5272,0.6605,False,74,57,4.0714,0,1.6429
qa-048,qa,llmlingua_qwen,0.5,1.0,0.0,1.0,1.0,1.0,True,74,57,4.0714,0,1.6429
qa-048,qa,llmlingua2,0.5,0.4561,0.5439,0.7052,0.9014,0.9058,True,74,57,4.0714,0,1.6429
qa-048,qa,random_deletion,0.3,0.2456,0.7544,0.6754,0.5151,0.6578,True,74,57,4.0714,0,1.6429
qa-048,qa,llmlingua_qwen,0.3,1.0,0.0,1.0,1.0,1.0,True,74,57,4.0714,0,1.6429
qa-048,qa,llmlingua2,0.3,0.2632,0.7368,0.6015,0.685,0.7516,True,74,57,4.0714,0,1.6429
qa-049,qa,noop,1.0,1.0,0.0,1.0,1.0,1.0,True,87,67,4.1875,1,1.875
qa-049,qa,random_deletion,0.7,0.6567,0.3433,0.8165,0.7475,0.7704,False,87,67,4.1875,1,1.875
qa-049,qa,llmlingua_qwen,0.7,1.0,0.0,1.0,1.0,1.0,True,87,67,4.1875,1,1.875
qa-049,qa,llmlingua2,0.7,0.6866,0.3134,0.7476,0.703,0.7582,False,87,67,4.1875,1,1.875
qa-049,qa,random_deletion,0.5,0.4627,0.5373,0.764,0.7431,0.7772,False,87,67,4.1875,1,1.875
qa-049,qa,llmlingua_qwen,0.5,1.0,0.0,1.0,1.0,1.0,True,87,67,4.1875,1,1.875
qa-049,qa,llmlingua2,0.5,0.4627,0.5373,0.696,0.7613,0.7991,True,87,67,4.1875,1,1.875
qa-049,qa,random_deletion,0.3,0.2687,0.7313,0.5584,0.4593,0.6039,False,87,67,4.1875,1,1.875
qa-049,qa,llmlingua_qwen,0.3,1.0,0.0,1.0,1.0,1.0,True,87,67,4.1875,1,1.875
qa-049,qa,llmlingua2,0.3,0.2537,0.7463,0.5774,0.5406,0.6682,True,87,67,4.1875,1,1.875
qa-050,qa,noop,1.0,1.0,0.0,1.0,1.0,1.0,True,83,61,3.5882,0,1.7059
qa-050,qa,random_deletion,0.7,0.8197,0.1803,0.8181,0.8891,0.8425,True,83,61,3.5882,0,1.7059
qa-050,qa,llmlingua_qwen,0.7,1.0,0.0,1.0,1.0,1.0,True,83,61,3.5882,0,1.7059
qa-050,qa,llmlingua2,0.7,0.7213,0.2787,0.6879,0.6755,0.7092,True,83,61,3.5882,0,1.7059
qa-050,qa,random_deletion,0.5,0.5574,0.4426,0.6381,0.6502,0.6935,True,83,61,3.5882,0,1.7059
qa-050,qa,llmlingua_qwen,0.5,1.0,0.0,1.0,1.0,1.0,True,83,61,3.5882,0,1.7059
qa-050,qa,llmlingua2,0.5,0.4918,0.5082,0.5833,0.6351,0.6676,False,83,61,3.5882,0,1.7059
qa-050,qa,random_deletion,0.3,0.2951,0.7049,0.5483,0.6458,0.6594,True,83,61,3.5882,0,1.7059
qa-050,qa,llmlingua_qwen,0.3,1.0,0.0,1.0,1.0,1.0,True,83,61,3.5882,0,1.7059
qa-050,qa,llmlingua2,0.3,0.2787,0.7213,0.5474,0.5307,0.6442,True,83,61,3.5882,0,1.7059
qa-051,qa,noop,1.0,1.0,0.0,1.0,1.0,1.0,True,95,67,3.9412,1,1.9412
qa-051,qa,random_deletion,0.7,0.6269,0.3731,0.8399,0.6953,0.7879,False,95,67,3.9412,1,1.9412
qa-051,qa,llmlingua_qwen,0.7,1.0,0.0,1.0,1.0,1.0,True,95,67,3.9412,1,1.9412
qa-051,qa,llmlingua2,0.7,0.6269,0.3731,0.7961,0.7269,0.8305,True,95,67,3.9412,1,1.9412
qa-051,qa,random_deletion,0.5,0.5075,0.4925,0.7184,0.6739,0.7629,True,95,67,3.9412,1,1.9412
qa-051,qa,llmlingua_qwen,0.5,1.0,0.0,1.0,1.0,1.0,True,95,67,3.9412,1,1.9412
qa-051,qa,llmlingua2,0.5,0.4627,0.5373,0.7315,0.6343,0.7486,True,95,67,3.9412,1,1.9412
qa-051,qa,random_deletion,0.3,0.2537,0.7463,0.6125,0.4802,0.6515,True,95,67,3.9412,1,1.9412
qa-051,qa,llmlingua_qwen,0.3,1.0,0.0,1.0,1.0,1.0,True,95,67,3.9412,1,1.9412
qa-051,qa,llmlingua2,0.3,0.2687,0.7313,0.6251,0.4247,0.6061,False,95,67,3.9412,1,1.9412
qa-052,qa,noop,1.0,1.0,0.0,1.0,1.0,1.0,True,103,79,4.3889,1,2.0556
qa-052,qa,random_deletion,0.7,0.7089,0.2911,0.8125,0.725,0.7619,False,103,79,4.3889,1,2.0556
qa-052,qa,llmlingua_qwen,0.7,1.0,0.0,1.0,1.0,1.0,True,103,79,4.3889,1,2.0556
qa-052,qa,llmlingua2,0.7,0.6203,0.3797,0.7621,0.7601,0.78,True,103,79,4.3889,1,2.0556
qa-052,qa,random_deletion,0.5,0.3165,0.6835,0.6707,0.646,0.7064,True,103,79,4.3889,1,2.0556
qa-052,qa,llmlingua_qwen,0.5,1.0,0.0,1.0,1.0,1.0,True,103,79,4.3889,1,2.0556
qa-052,qa,llmlingua2,0.5,0.4051,0.5949,0.6433,0.6105,0.6941,False,103,79,4.3889,1,2.0556
qa-052,qa,random_deletion,0.3,0.3671,0.6329,0.615,0.6266,0.6856,False,103,79,4.3889,1,2.0556
qa-052,qa,llmlingua_qwen,0.3,1.0,0.0,1.0,1.0,1.0,True,103,79,4.3889,1,2.0556
qa-052,qa,llmlingua2,0.3,0.2532,0.7468,0.551,0.5889,0.6707,True,103,79,4.3889,1,2.0556
qa-053,qa,noop,1.0,1.0,0.0,1.0,1.0,1.0,True,75,63,3.7059,2,1.8824
qa-053,qa,random_deletion,0.7,0.7143,0.2857,0.7917,0.8763,0.8674,False,75,63,3.7059,2,1.8824
qa-053,qa,llmlingua_qwen,0.7,1.0,0.0,1.0,1.0,1.0,True,75,63,3.7059,2,1.8824
qa-053,qa,llmlingua2,0.7,0.5556,0.4444,0.7993,0.9381,0.927,True,75,63,3.7059,2,1.8824
qa-053,qa,random_deletion,0.5,0.3492,0.6508,0.7233,0.6465,0.6959,False,75,63,3.7059,2,1.8824
qa-053,qa,llmlingua_qwen,0.5,1.0,0.0,1.0,1.0,1.0,True,75,63,3.7059,2,1.8824
qa-053,qa,llmlingua2,0.5,0.381,0.619,0.6892,0.6743,0.748,False,75,63,3.7059,2,1.8824
qa-053,qa,random_deletion,0.3,0.3492,0.6508,0.6887,0.8362,0.8251,True,75,63,3.7059,2,1.8824
qa-053,qa,llmlingua_qwen,0.3,1.0,0.0,1.0,1.0,1.0,True,75,63,3.7059,2,1.8824
qa-053,qa,llmlingua2,0.3,0.2222,0.7778,0.5711,0.3634,0.5637,True,75,63,3.7059,2,1.8824
qa-054,qa,noop,1.0,1.0,0.0,1.0,1.0,1.0,True,92,68,3.5789,2,1.6316
qa-054,qa,random_deletion,0.7,0.7059,0.2941,0.8162,0.6984,0.7616,True,92,68,3.5789,2,1.6316
qa-054,qa,llmlingua_qwen,0.7,1.0,0.0,1.0,1.0,1.0,True,92,68,3.5789,2,1.6316
qa-054,qa,llmlingua2,0.7,0.6029,0.3971,0.6725,0.4568,0.5961,False,92,68,3.5789,2,1.6316
qa-054,qa,random_deletion,0.5,0.4412,0.5588,0.7088,0.4189,0.596,False,92,68,3.5789,2,1.6316
qa-054,qa,llmlingua_qwen,0.5,1.0,0.0,1.0,1.0,1.0,True,92,68,3.5789,2,1.6316
qa-054,qa,llmlingua2,0.5,0.4412,0.5588,0.6169,0.4349,0.5827,False,92,68,3.5789,2,1.6316
qa-054,qa,random_deletion,0.3,0.3824,0.6176,0.6341,0.4711,0.6241,True,92,68,3.5789,2,1.6316
qa-054,qa,llmlingua_qwen,0.3,1.0,0.0,1.0,1.0,1.0,True,92,68,3.5789,2,1.6316
qa-054,qa,llmlingua2,0.3,0.25,0.75,0.542,0.4012,0.5784,True,92,68,3.5789,2,1.6316
qa-055,qa,noop,1.0,1.0,0.0,1.0,1.0,1.0,True,75,55,3.2353,2,1.7647
qa-055,qa,random_deletion,0.7,0.7273,0.2727,0.8532,0.8565,0.8404,True,75,55,3.2353,2,1.7647
qa-055,qa,llmlingua_qwen,0.7,1.0,0.0,1.0,1.0,1.0,True,75,55,3.2353,2,1.7647
qa-055,qa,llmlingua2,0.7,0.6182,0.3818,0.7494,0.5878,0.6792,True,75,55,3.2353,2,1.7647
qa-055,qa,random_deletion,0.5,0.4545,0.5455,0.7426,0.4609,0.631,False,75,55,3.2353,2,1.7647
qa-055,qa,llmlingua_qwen,0.5,1.0,0.0,1.0,1.0,1.0,True,75,55,3.2353,2,1.7647
qa-055,qa,llmlingua2,0.5,0.4727,0.5273,0.7196,0.5598,0.6332,True,75,55,3.2353,2,1.7647
qa-055,qa,random_deletion,0.3,0.2545,0.7455,0.6964,0.4405,0.6127,True,75,55,3.2353,2,1.7647
qa-055,qa,llmlingua_qwen,0.3,1.0,0.0,1.0,1.0,1.0,True,75,55,3.2353,2,1.7647
qa-055,qa,llmlingua2,0.3,0.2909,0.7091,0.5979,0.5215,0.6293,True,75,55,3.2353,2,1.7647
qa-056,qa,noop,1.0,1.0,0.0,1.0,1.0,1.0,True,85,65,3.8235,2,1.8235
qa-056,qa,random_deletion,0.7,0.7077,0.2923,0.7871,0.6973,0.7715,False,85,65,3.8235,2,1.8235
qa-056,qa,llmlingua_qwen,0.7,1.0,0.0,1.0,1.0,1.0,True,85,65,3.8235,2,1.8235
qa-056,qa,llmlingua2,0.7,0.6154,0.3846,0.7508,0.7023,0.7456,True,85,65,3.8235,2,1.8235
qa-056,qa,random_deletion,0.5,0.4,0.6,0.6913,0.5648,0.6981,True,85,65,3.8235,2,1.8235
qa-056,qa,llmlingua_qwen,0.5,1.0,0.0,1.0,1.0,1.0,True,85,65,3.8235,2,1.8235
qa-056,qa,llmlingua2,0.5,0.4308,0.5692,0.67,0.5879,0.7097,True,85,65,3.8235,2,1.8235
qa-056,qa,random_deletion,0.3,0.3846,0.6154,0.6894,0.5013,0.6454,True,85,65,3.8235,2,1.8235
qa-056,qa,llmlingua_qwen,0.3,1.0,0.0,1.0,1.0,1.0,True,85,65,3.8235,2,1.8235
qa-056,qa,llmlingua2,0.3,0.2615,0.7385,0.6006,0.4364,0.594,True,85,65,3.8235,2,1.8235
qa-057,qa,noop,1.0,1.0,0.0,1.0,1.0,1.0,True,93,68,3.5789,0,1.6842
qa-057,qa,random_deletion,0.7,0.6618,0.3382,0.8007,0.6826,0.7243,True,93,68,3.5789,0,1.6842
qa-057,qa,llmlingua_qwen,0.7,1.0,0.0,1.0,1.0,1.0,True,93,68,3.5789,0,1.6842
qa-057,qa,llmlingua2,0.7,0.6029,0.3971,0.7465,0.6398,0.7105,False,93,68,3.5789,0,1.6842
qa-057,qa,random_deletion,0.5,0.3824,0.6176,0.5881,0.5582,0.66,False,93,68,3.5789,0,1.6842
qa-057,qa,llmlingua_qwen,0.5,1.0,0.0,1.0,1.0,1.0,True,93,68,3.5789,0,1.6842
qa-057,qa,llmlingua2,0.5,0.4118,0.5882,0.6075,0.6203,0.6877,False,93,68,3.5789,0,1.6842
qa-057,qa,random_deletion,0.3,0.3382,0.6618,0.5803,0.6813,0.7108,True,93,68,3.5789,0,1.6842
qa-057,qa,llmlingua_qwen,0.3,1.0,0.0,1.0,1.0,1.0,True,93,68,3.5789,0,1.6842
qa-057,qa,llmlingua2,0.3,0.2794,0.7206,0.5595,0.5468,0.6429,True,93,68,3.5789,0,1.6842
qa-058,qa,noop,1.0,1.0,0.0,1.0,1.0,1.0,True,80,59,3.4706,0,1.4706
qa-058,qa,random_deletion,0.7,0.6271,0.3729,0.7474,0.6115,0.6788,True,80,59,3.4706,0,1.4706
qa-058,qa,llmlingua_qwen,0.7,1.0,0.0,1.0,1.0,1.0,True,80,59,3.4706,0,1.4706
qa-058,qa,llmlingua2,0.7,0.7288,0.2712,0.7367,0.6596,0.6938,True,80,59,3.4706,0,1.4706
qa-058,qa,random_deletion,0.5,0.3898,0.6102,0.7377,0.6024,0.6548,False,80,59,3.4706,0,1.4706
qa-058,qa,llmlingua_qwen,0.5,1.0,0.0,1.0,1.0,1.0,True,80,59,3.4706,0,1.4706
qa-058,qa,llmlingua2,0.5,0.4576,0.5424,0.6264,0.4697,0.616,False,80,59,3.4706,0,1.4706
qa-058,qa,random_deletion,0.3,0.2881,0.7119,0.6289,0.6113,0.7154,True,80,59,3.4706,0,1.4706
qa-058,qa,llmlingua_qwen,0.3,1.0,0.0,1.0,1.0,1.0,True,80,59,3.4706,0,1.4706
qa-058,qa,llmlingua2,0.3,0.3051,0.6949,0.5881,0.4211,0.6121,False,80,59,3.4706,0,1.4706
qa-059,qa,noop,1.0,1.0,0.0,1.0,1.0,1.0,True,90,64,4.2667,1,1.6667
qa-059,qa,random_deletion,0.7,0.6094,0.3906,0.8269,0.7672,0.8342,True,90,64,4.2667,1,1.6667
qa-059,qa,llmlingua_qwen,0.7,1.0,0.0,1.0,1.0,1.0,True,90,64,4.2667,1,1.6667
qa-059,qa,llmlingua2,0.7,0.5938,0.4062,0.8113,0.7517,0.8112,True,90,64,4.2667,1,1.6667
qa-059,qa,random_deletion,0.5,0.5469,0.4531,0.7473,0.7247,0.7911,True,90,64,4.2667,1,1.6667
qa-059,qa,llmlingua_qwen,0.5,1.0,0.0,1.0,1.0,1.0,True,90,64,4.2667,1,1.6667
qa-059,qa,llmlingua2,0.5,0.4062,0.5938,0.7167,0.6977,0.7729,True,90,64,4.2667,1,1.6667
qa-059,qa,random_deletion,0.3,0.375,0.625,0.6671,0.5701,0.6589,False,90,64,4.2667,1,1.6667
qa-059,qa,llmlingua_qwen,0.3,1.0,0.0,1.0,1.0,1.0,True,90,64,4.2667,1,1.6667
qa-059,qa,llmlingua2,0.3,0.2188,0.7812,0.5996,0.6007,0.7118,True,90,64,4.2667,1,1.6667
qa-060,qa,noop,1.0,1.0,0.0,1.0,1.0,1.0,True,105,76,4.2222,0,1.8889
qa-060,qa,random_deletion,0.7,0.75,0.25,0.801,0.7415,0.8046,True,105,76,4.2222,0,1.8889
qa-060,qa,llmlingua_qwen,0.7,1.0,0.0,1.0,1.0,1.0,True,105,76,4.2222,0,1.8889
qa-060,qa,llmlingua2,0.7,0.6447,0.3553,0.7942,0.7063,0.7831,True,105,76,4.2222,0,1.8889
qa-060,qa,random_deletion,0.5,0.4342,0.5658,0.6448,0.4666,0.6244,False,105,76,4.2222,0,1.8889
qa-060,qa,llmlingua_qwen,0.5,1.0,0.0,1.0,1.0,1.0,True,105,76,4.2222,0,1.8889
qa-060,qa,llmlingua2,0.5,0.4474,0.5526,0.6338,0.6497,0.7025,True,105,76,4.2222,0,1.8889
qa-060,qa,random_deletion,0.3,0.2763,0.7237,0.6026,0.4948,0.644,False,105,76,4.2222,0,1.8889
qa-060,qa,llmlingua_qwen,0.3,1.0,0.0,1.0,1.0,1.0,True,105,76,4.2222,0,1.8889
qa-060,qa,llmlingua2,0.3,0.2237,0.7763,0.5522,0.621,0.6945,True,105,76,4.2222,0,1.8889
qa-061,qa,noop,1.0,1.0,0.0,1.0,1.0,1.0,True,86,68,4.8571,0,1.8571
qa-061,qa,random_deletion,0.7,0.6618,0.3382,0.7721,0.682,0.7701,True,86,68,4.8571,0,1.8571
qa-061,qa,llmlingua_qwen,0.7,1.0,0.0,1.0,1.0,1.0,True,86,68,4.8571,0,1.8571
qa-061,qa,llmlingua2,0.7,0.6324,0.3676,0.6902,0.6258,0.6995,True,86,68,4.8571,0,1.8571
qa-061,qa,random_deletion,0.5,0.4853,0.5147,0.6361,0.5892,0.6731,True,86,68,4.8571,0,1.8571
qa-061,qa,llmlingua_qwen,0.5,1.0,0.0,1.0,1.0,1.0,True,86,68,4.8571,0,1.8571
qa-061,qa,llmlingua2,0.5,0.4706,0.5294,0.6514,0.4349,0.6008,False,86,68,4.8571,0,1.8571
qa-061,qa,random_deletion,0.3,0.2353,0.7647,0.4854,0.4413,0.5879,True,86,68,4.8571,0,1.8571
qa-061,qa,llmlingua_qwen,0.3,1.0,0.0,1.0,1.0,1.0,True,86,68,4.8571,0,1.8571
qa-061,qa,llmlingua2,0.3,0.2794,0.7206,0.5759,0.473,0.6221,True,86,68,4.8571,0,1.8571
qa-062,qa,noop,1.0,1.0,0.0,1.0,1.0,1.0,True,89,62,4.1333,0,1.6
qa-062,qa,random_deletion,0.7,0.6613,0.3387,0.7289,0.6914,0.7372,False,89,62,4.1333,0,1.6
qa-062,qa,llmlingua_qwen,0.7,1.0,0.0,1.0,1.0,1.0,True,89,62,4.1333,0,1.6
qa-062,qa,llmlingua2,0.7,0.629,0.371,0.7461,0.7011,0.7436,False,89,62,4.1333,0,1.6
qa-062,qa,random_deletion,0.5,0.5484,0.4516,0.6823,0.6869,0.7422,False,89,62,4.1333,0,1.6
qa-062,qa,llmlingua_qwen,0.5,1.0,0.0,1.0,1.0,1.0,True,89,62,4.1333,0,1.6
qa-062,qa,llmlingua2,0.5,0.4194,0.5806,0.645,0.7259,0.7505,True,89,62,4.1333,0,1.6
qa-062,qa,random_deletion,0.3,0.2742,0.7258,0.5627,0.5407,0.669,True,89,62,4.1333,0,1.6
qa-062,qa,llmlingua_qwen,0.3,1.0,0.0,1.0,1.0,1.0,True,89,62,4.1333,0,1.6
qa-062,qa,llmlingua2,0.3,0.3226,0.6774,0.5626,0.6757,0.7362,True,89,62,4.1333,0,1.6
qa-063,qa,noop,1.0,1.0,0.0,1.0,1.0,1.0,True,98,68,4.25,0,1.8125
qa-063,qa,random_deletion,0.7,0.7206,0.2794,0.8276,0.79,0.836,True,98,68,4.25,0,1.8125
qa-063,qa,llmlingua_qwen,0.7,1.0,0.0,1.0,1.0,1.0,True,98,68,4.25,0,1.8125
qa-063,qa,llmlingua2,0.7,0.6912,0.3088,0.7567,0.7068,0.7319,False,98,68,4.25,0,1.8125
qa-063,qa,random_deletion,0.5,0.4412,0.5588,0.5735,0.6494,0.6801,False,98,68,4.25,0,1.8125
qa-063,qa,llmlingua_qwen,0.5,1.0,0.0,1.0,1.0,1.0,True,98,68,4.25,0,1.8125
qa-063,qa,llmlingua2,0.5,0.5147,0.4853,0.6296,0.7202,0.7802,True,98,68,4.25,0,1.8125
qa-063,qa,random_deletion,0.3,0.3382,0.6618,0.5494,0.5082,0.6446,False,98,68,4.25,0,1.8125
qa-063,qa,llmlingua_qwen,0.3,1.0,0.0,1.0,1.0,1.0,True,98,68,4.25,0,1.8125
qa-063,qa,llmlingua2,0.3,0.2941,0.7059,0.5419,0.6796,0.7075,True,98,68,4.25,0,1.8125
qa-064,qa,noop,1.0,1.0,0.0,1.0,1.0,1.0,True,84,60,4.0,0,1.6
qa-064,qa,random_deletion,0.7,0.7,0.3,0.824,0.7441,0.7985,False,84,60,4.0,0,1.6
qa-064,qa,llmlingua_qwen,0.7,1.0,0.0,1.0,1.0,1.0,True,84,60,4.0,0,1.6
qa-064,qa,llmlingua2,0.7,0.6333,0.3667,0.7507,0.7543,0.8108,False,84,60,4.0,0,1.6
qa-064,qa,random_deletion,0.5,0.5833,0.4167,0.7618,0.6665,0.7509,False,84,60,4.0,0,1.6
qa-064,qa,llmlingua_qwen,0.5,1.0,0.0,1.0,1.0,1.0,True,84,60,4.0,0,1.6
qa-064,qa,llmlingua2,0.5,0.45,0.55,0.6565,0.755,0.7558,True,84,60,4.0,0,1.6
qa-064,qa,random_deletion,0.3,0.2667,0.7333,0.5771,0.6302,0.6872,True,84,60,4.0,0,1.6
qa-064,qa,llmlingua_qwen,0.3,1.0,0.0,1.0,1.0,1.0,True,84,60,4.0,0,1.6
qa-064,qa,llmlingua2,0.3,0.2167,0.7833,0.5399,0.5009,0.6473,True,84,60,4.0,0,1.6
qa-065,qa,noop,1.0,1.0,0.0,1.0,1.0,1.0,True,87,64,4.2667,0,1.7333
qa-065,qa,random_deletion,0.7,0.7031,0.2969,0.8132,0.6384,0.6908,False,87,64,4.2667,0,1.7333
qa-065,qa,llmlingua_qwen,0.7,1.0,0.0,1.0,1.0,1.0,True,87,64,4.2667,0,1.7333
qa-065,qa,llmlingua2,0.7,0.6719,0.3281,0.8011,0.6821,0.7116,False,87,64,4.2667,0,1.7333
qa-065,qa,random_deletion,0.5,0.5312,0.4688,0.7733,0.7308,0.7424,True,87,64,4.2667,0,1.7333
qa-065,qa,llmlingua_qwen,0.5,1.0,0.0,1.0,1.0,1.0,True,87,64,4.2667,0,1.7333
qa-065,qa,llmlingua2,0.5,0.4688,0.5312,0.6784,0.6535,0.6932,False,87,64,4.2667,0,1.7333
qa-065,qa,random_deletion,0.3,0.3125,0.6875,0.5312,0.5017,0.6388,False,87,64,4.2667,0,1.7333
qa-065,qa,llmlingua_qwen,0.3,1.0,0.0,1.0,1.0,1.0,True,87,64,4.2667,0,1.7333
qa-065,qa,llmlingua2,0.3,0.2812,0.7188,0.617,0.6728,0.7211,True,87,64,4.2667,0,1.7333
qa-066,qa,noop,1.0,1.0,0.0,1.0,1.0,1.0,True,81,59,4.2143,0,1.7143
qa-066,qa,random_deletion,0.7,0.7458,0.2542,0.7659,0.733,0.7927,True,81,59,4.2143,0,1.7143
qa-066,qa,llmlingua_qwen,0.7,1.0,0.0,1.0,1.0,1.0,True,81,59,4.2143,0,1.7143
qa-066,qa,llmlingua2,0.7,0.661,0.339,0.7129,0.6949,0.7195,False,81,59,4.2143,0,1.7143
qa-066,qa,random_deletion,0.5,0.5254,0.4746,0.653,0.6275,0.6895,False,81,59,4.2143,0,1.7143
qa-066,qa,llmlingua_qwen,0.5,1.0,0.0,1.0,1.0,1.0,True,81,59,4.2143,0,1.7143
qa-066,qa,llmlingua2,0.5,0.4746,0.5254,0.649,0.6596,0.7106,False,81,59,4.2143,0,1.7143
qa-066,qa,random_deletion,0.3,0.322,0.678,0.5419,0.6756,0.76,False,81,59,4.2143,0,1.7143
qa-066,qa,llmlingua_qwen,0.3,1.0,0.0,1.0,1.0,1.0,True,81,59,4.2143,0,1.7143
qa-066,qa,llmlingua2,0.3,0.2712,0.7288,0.5882,0.695,0.7229,True,81,59,4.2143,0,1.7143
qa-067,qa,noop,1.0,1.0,0.0,1.0,1.0,1.0,True,82,60,4.2857,0,1.8571
qa-067,qa,random_deletion,0.7,0.75,0.25,0.81,0.7753,0.7817,True,82,60,4.2857,0,1.8571
qa-067,qa,llmlingua_qwen,0.7,1.0,0.0,1.0,1.0,1.0,True,82,60,4.2857,0,1.8571
qa-067,qa,llmlingua2,0.7,0.6833,0.3167,0.7452,0.747,0.7896,True,82,60,4.2857,0,1.8571
qa-067,qa,random_deletion,0.5,0.4833,0.5167,0.612,0.6905,0.7373,False,82,60,4.2857,0,1.8571
qa-067,qa,llmlingua_qwen,0.5,1.0,0.0,1.0,1.0,1.0,True,82,60,4.2857,0,1.8571
qa-067,qa,llmlingua2,0.5,0.45,0.55,0.6256,0.7235,0.774,True,82,60,4.2857,0,1.8571
qa-067,qa,random_deletion,0.3,0.25,0.75,0.6346,0.6442,0.712,True,82,60,4.2857,0,1.8571
qa-067,qa,llmlingua_qwen,0.3,1.0,0.0,1.0,1.0,1.0,True,82,60,4.2857,0,1.8571
qa-067,qa,llmlingua2,0.3,0.2833,0.7167,0.5639,0.691,0.7411,True,82,60,4.2857,0,1.8571
qa-068,qa,noop,1.0,1.0,0.0,1.0,1.0,1.0,True,78,63,4.8462,0,1.8462
qa-068,qa,random_deletion,0.7,0.6984,0.3016,0.7981,0.6202,0.7094,False,78,63,4.8462,0,1.8462
qa-068,qa,llmlingua_qwen,0.7,1.0,0.0,1.0,1.0,1.0,True,78,63,4.8462,0,1.8462
qa-068,qa,llmlingua2,0.7,0.619,0.381,0.8032,0.7526,0.8013,True,78,63,4.8462,0,1.8462
qa-068,qa,random_deletion,0.5,0.5079,0.4921,0.7425,0.6896,0.7621,False,78,63,4.8462,0,1.8462
qa-068,qa,llmlingua_qwen,0.5,1.0,0.0,1.0,1.0,1.0,True,78,63,4.8462,0,1.8462
qa-068,qa,llmlingua2,0.5,0.3968,0.6032,0.6936,0.6986,0.7656,True,78,63,4.8462,0,1.8462
qa-068,qa,random_deletion,0.3,0.3333,0.6667,0.665,0.6616,0.7469,False,78,63,4.8462,0,1.8462
qa-068,qa,llmlingua_qwen,0.3,1.0,0.0,1.0,1.0,1.0,True,78,63,4.8462,0,1.8462
qa-068,qa,llmlingua2,0.3,0.2381,0.7619,0.5821,0.6753,0.7561,True,78,63,4.8462,0,1.8462
qa-069,qa,noop,1.0,1.0,0.0,1.0,1.0,1.0,True,85,64,4.5714,0,1.8571
qa-069,qa,random_deletion,0.7,0.75,0.25,0.8062,0.7606,0.7976,True,85,64,4.5714,0,1.8571
qa-069,qa,llmlingua_qwen,0.7,1.0,0.0,1.0,1.0,1.0,True,85,64,4.5714,0,1.8571
qa-069,qa,llmlingua2,0.7,0.6719,0.3281,0.7539,0.6699,0.7225,False,85,64,4.5714,0,1.8571
qa-069,qa,random_deletion,0.5,0.5312,0.4688,0.7088,0.6783,0.7607,True,85,64,4.5714,0,1.8571
qa-069,qa,llmlingua_qwen,0.5,1.0,0.0,1.0,1.0,1.0,True,85,64,4.5714,0,1.8571
qa-069,qa,llmlingua2,0.5,0.4844,0.5156,0.6704,0.6571,0.7112,True,85,64,4.5714,0,1.8571
qa-069,qa,random_deletion,0.3,0.2969,0.7031,0.6021,0.4951,0.6427,False,85,64,4.5714,0,1.8571
qa-069,qa,llmlingua_qwen,0.3,1.0,0.0,1.0,1.0,1.0,True,85,64,4.5714,0,1.8571
qa-069,qa,llmlingua2,0.3,0.2812,0.7188,0.5831,0.6548,0.7449,True,85,64,4.5714,0,1.8571
qa-070,qa,noop,1.0,1.0,0.0,1.0,1.0,1.0,True,86,66,4.7143,0,1.7857
qa-070,qa,random_deletion,0.7,0.697,0.303,0.6813,0.7194,0.784,True,86,66,4.7143,0,1.7857
qa-070,qa,llmlingua_qwen,0.7,1.0,0.0,1.0,1.0,1.0,True,86,66,4.7143,0,1.7857
qa-070,qa,llmlingua2,0.7,0.6061,0.3939,0.6718,0.6887,0.7574,True,86,66,4.7143,0,1.7857
qa-070,qa,random_deletion,0.5,0.4697,0.5303,0.6244,0.6815,0.7663,True,86,66,4.7143,0,1.7857
qa-070,qa,llmlingua_qwen,0.5,1.0,0.0,1.0,1.0,1.0,True,86,66,4.7143,0,1.7857
qa-070,qa,llmlingua2,0.5,0.4848,0.5152,0.596,0.6564,0.7347,False,86,66,4.7143,0,1.7857
qa-070,qa,random_deletion,0.3,0.3182,0.6818,0.5961,0.5056,0.6329,False,86,66,4.7143,0,1.7857
qa-070,qa,llmlingua_qwen,0.3,1.0,0.0,1.0,1.0,1.0,True,86,66,4.7143,0,1.7857
qa-070,qa,llmlingua2,0.3,0.2879,0.7121,0.5482,0.5108,0.6697,True,86,66,4.7143,0,1.7857
qa-071,qa,noop,1.0,1.0,0.0,1.0,1.0,1.0,True,97,71,4.4375,1,2.1875
qa-071,qa,random_deletion,0.7,0.6338,0.3662,0.8458,0.716,0.7679,False,97,71,4.4375,1,2.1875
qa-071,qa,llmlingua_qwen,0.7,1.0,0.0,1.0,1.0,1.0,True,97,71,4.4375,1,2.1875
qa-071,qa,llmlingua2,0.7,0.6338,0.3662,0.7071,0.7182,0.7485,True,97,71,4.4375,1,2.1875
qa-071,qa,random_deletion,0.5,0.4225,0.5775,0.7133,0.6757,0.742,True,97,71,4.4375,1,2.1875
qa-071,qa,llmlingua_qwen,0.5,1.0,0.0,1.0,1.0,1.0,True,97,71,4.4375,1,2.1875
qa-071,qa,llmlingua2,0.5,0.4085,0.5915,0.6112,0.4668,0.6243,False,97,71,4.4375,1,2.1875
qa-071,qa,random_deletion,0.3,0.3099,0.6901,0.6339,0.5173,0.676,True,97,71,4.4375,1,2.1875
qa-071,qa,llmlingua_qwen,0.3,1.0,0.0,1.0,1.0,1.0,True,97,71,4.4375,1,2.1875
qa-071,qa,llmlingua2,0.3,0.2958,0.7042,0.5188,0.4432,0.6242,True,97,71,4.4375,1,2.1875
qa-072,qa,noop,1.0,1.0,0.0,1.0,1.0,1.0,True,70,59,4.5385,0,1.7692
qa-072,qa,random_deletion,0.7,0.7288,0.2712,0.8119,0.7431,0.7723,True,70,59,4.5385,0,1.7692
qa-072,qa,llmlingua_qwen,0.7,1.0,0.0,1.0,1.0,1.0,True,70,59,4.5385,0,1.7692
qa-072,qa,llmlingua2,0.7,0.6102,0.3898,0.7472,0.5732,0.6961,False,70,59,4.5385,0,1.7692
qa-072,qa,random_deletion,0.5,0.4068,0.5932,0.659,0.5388,0.6705,False,70,59,4.5385,0,1.7692
qa-072,qa,llmlingua_qwen,0.5,1.0,0.0,1.0,1.0,1.0,True,70,59,4.5385,0,1.7692
qa-072,qa,llmlingua2,0.5,0.4746,0.5254,0.6848,0.62,0.6916,False,70,59,4.5385,0,1.7692
qa-072,qa,random_deletion,0.3,0.322,0.678,0.684,0.3588,0.5931,False,70,59,4.5385,0,1.7692
qa-072,qa,llmlingua_qwen,0.3,1.0,0.0,1.0,1.0,1.0,True,70,59,4.5385,0,1.7692
qa-072,qa,llmlingua2,0.3,0.2203,0.7797,0.535,0.7428,0.7217,True,70,59,4.5385,0,1.7692
qa-073,qa,noop,1.0,1.0,0.0,1.0,1.0,1.0,True,91,71,4.1765,0,1.7647
qa-073,qa,random_deletion,0.7,0.7183,0.2817,0.8146,0.5554,0.6834,False,91,71,4.1765,0,1.7647
qa-073,qa,llmlingua_qwen,0.7,1.0,0.0,1.0,1.0,1.0,True,91,71,4.1765,0,1.7647
qa-073,qa,llmlingua2,0.7,0.6338,0.3662,0.7702,0.6442,0.737,False,91,71,4.1765,0,1.7647
qa-073,qa,random_deletion,0.5,0.4789,0.5211,0.7239,0.66,0.7408,True,91,71,4.1765,0,1.7647
qa-073,qa,llmlingua_qwen,0.5,1.0,0.0,1.0,1.0,1.0,True,91,71,4.1765,0,1.7647
qa-073,qa,llmlingua2,0.5,0.4648,0.5352,0.6874,0.6311,0.7205,True,91,71,4.1765,0,1.7647
qa-073,qa,random_deletion,0.3,0.2676,0.7324,0.5094,0.4454,0.6218,False,91,71,4.1765,0,1.7647
qa-073,qa,llmlingua_qwen,0.3,1.0,0.0,1.0,1.0,1.0,True,91,71,4.1765,0,1.7647
qa-073,qa,llmlingua2,0.3,0.2254,0.7746,0.5955,0.4947,0.6419,True,91,71,4.1765,0,1.7647
qa-074,qa,noop,1.0,1.0,0.0,1.0,1.0,1.0,True,69,54,3.6,0,1.4667
qa-074,qa,random_deletion,0.7,0.7037,0.2963,0.8424,0.7242,0.7806,False,69,54,3.6,0,1.4667
qa-074,qa,llmlingua_qwen,0.7,1.0,0.0,1.0,1.0,1.0,True,69,54,3.6,0,1.4667
qa-074,qa,llmlingua2,0.7,0.6481,0.3519,0.7767,0.708,0.7726,False,69,54,3.6,0,1.4667
qa-074,qa,random_deletion,0.5,0.5741,0.4259,0.7757,0.5468,0.6676,False,69,54,3.6,0,1.4667
qa-074,qa,llmlingua_qwen,0.5,1.0,0.0,1.0,1.0,1.0,True,69,54,3.6,0,1.4667
qa-074,qa,llmlingua2,0.5,0.4815,0.5185,0.6607,0.46,0.6187,False,69,54,3.6,0,1.4667
qa-074,qa,random_deletion,0.3,0.3333,0.6667,0.6586,0.7327,0.7714,True,69,54,3.6,0,1.4667
qa-074,qa,llmlingua_qwen,0.3,1.0,0.0,1.0,1.0,1.0,True,69,54,3.6,0,1.4667
qa-074,qa,llmlingua2,0.3,0.2963,0.7037,0.615,0.6879,0.7378,True,69,54,3.6,0,1.4667
qa-075,qa,noop,1.0,1.0,0.0,1.0,1.0,1.0,True,91,64,4.0,0,1.8125
qa-075,qa,random_deletion,0.7,0.6719,0.3281,0.789,0.7026,0.7562,False,91,64,4.0,0,1.8125
qa-075,qa,llmlingua_qwen,0.7,1.0,0.0,1.0,1.0,1.0,True,91,64,4.0,0,1.8125
qa-075,qa,llmlingua2,0.7,0.6094,0.3906,0.7457,0.8104,0.7903,True,91,64,4.0,0,1.8125
qa-075,qa,random_deletion,0.5,0.4844,0.5156,0.6767,0.4665,0.609,False,91,64,4.0,0,1.8125
qa-075,qa,llmlingua_qwen,0.5,1.0,0.0,1.0,1.0,1.0,True,91,64,4.0,0,1.8125
qa-075,qa,llmlingua2,0.5,0.4688,0.5312,0.6947,0.7292,0.7765,True,91,64,4.0,0,1.8125
qa-075,qa,random_deletion,0.3,0.2969,0.7031,0.62,0.3802,0.5773,False,91,64,4.0,0,1.8125
qa-075,qa,llmlingua_qwen,0.3,1.0,0.0,1.0,1.0,1.0,True,91,64,4.0,0,1.8125
qa-075,qa,llmlingua2,0.3,0.2812,0.7188,0.5587,0.5164,0.6452,True,91,64,4.0,0,1.8125
qa-076,qa,noop,1.0,1.0,0.0,1.0,1.0,1.0,True,99,75,3.4091,0,1.5909
qa-076,qa,random_deletion,0.7,0.68,0.32,0.8126,0.6557,0.7002,False,99,75,3.4091,0,1.5909
qa-076,qa,llmlingua_qwen,0.7,1.0,0.0,1.0,1.0,1.0,True,99,75,3.4091,0,1.5909
qa-076,qa,llmlingua2,0.7,0.6667,0.3333,0.8092,0.6893,0.7279,True,99,75,3.4091,0,1.5909
qa-076,qa,random_deletion,0.5,0.5067,0.4933,0.6958,0.5456,0.6429,True,99,75,3.4091,0,1.5909
qa-076,qa,llmlingua_qwen,0.5,1.0,0.0,1.0,1.0,1.0,True,99,75,3.4091,0,1.5909
qa-076,qa,llmlingua2,0.5,0.44,0.56,0.6477,0.5139,0.6256,True,99,75,3.4091,0,1.5909
qa-076,qa,random_deletion,0.3,0.3333,0.6667,0.5292,0.4017,0.5865,False,99,75,3.4091,0,1.5909
qa-076,qa,llmlingua_qwen,0.3,1.0,0.0,1.0,1.0,1.0,True,99,75,3.4091,0,1.5909
qa-076,qa,llmlingua2,0.3,0.2667,0.7333,0.5154,0.4035,0.5949,True,99,75,3.4091,0,1.5909
qa-077,qa,noop,1.0,1.0,0.0,1.0,1.0,1.0,True,73,59,4.9167,1,2.0833
qa-077,qa,random_deletion,0.7,0.6271,0.3729,0.8514,0.6003,0.7119,False,73,59,4.9167,1,2.0833
qa-077,qa,llmlingua_qwen,0.7,1.0,0.0,1.0,1.0,1.0,True,73,59,4.9167,1,2.0833
qa-077,qa,llmlingua2,0.7,0.5424,0.4576,0.691,0.8285,0.8618,True,73,59,4.9167,1,2.0833
qa-077,qa,random_deletion,0.5,0.4746,0.5254,0.79,0.5748,0.6566,False,73,59,4.9167,1,2.0833
qa-077,qa,llmlingua_qwen,0.5,1.0,0.0,1.0,1.0,1.0,True,73,59,4.9167,1,2.0833
qa-077,qa,llmlingua2,0.5,0.4407,0.5593,0.694,0.7845,0.773,True,73,59,4.9167,1,2.0833
qa-077,qa,random_deletion,0.3,0.339,0.661,0.641,0.4662,0.6348,False,73,59,4.9167,1,2.0833
qa-077,qa,llmlingua_qwen,0.3,1.0,0.0,1.0,1.0,1.0,True,73,59,4.9167,1,2.0833
qa-077,qa,llmlingua2,0.3,0.2203,0.7797,0.5931,0.701,0.7506,True,73,59,4.9167,1,2.0833
qa-078,qa,noop,1.0,1.0,0.0,1.0,1.0,1.0,True,71,54,3.8571,0,1.5714
qa-078,qa,random_deletion,0.7,0.7778,0.2222,0.8704,0.7164,0.784,False,71,54,3.8571,0,1.5714
qa-078,qa,llmlingua_qwen,0.7,1.0,0.0,1.0,1.0,1.0,True,71,54,3.8571,0,1.5714
qa-078,qa,llmlingua2,0.7,0.6852,0.3148,0.7677,0.9013,0.8984,False,71,54,3.8571,0,1.5714
qa-078,qa,random_deletion,0.5,0.5741,0.4259,0.7681,0.6976,0.7564,False,71,54,3.8571,0,1.5714
qa-078,qa,llmlingua_qwen,0.5,1.0,0.0,1.0,1.0,1.0,True,71,54,3.8571,0,1.5714
qa-078,qa,llmlingua2,0.5,0.463,0.537,0.6928,0.9262,0.9317,True,71,54,3.8571,0,1.5714
qa-078,qa,random_deletion,0.3,0.3519,0.6481,0.5859,0.4694,0.6174,False,71,54,3.8571,0,1.5714
qa-078,qa,llmlingua_qwen,0.3,1.0,0.0,1.0,1.0,1.0,True,71,54,3.8571,0,1.5714
qa-078,qa,llmlingua2,0.3,0.2407,0.7593,0.5976,0.7493,0.803,True,71,54,3.8571,0,1.5714
qa-079,qa,noop,1.0,1.0,0.0,1.0,1.0,1.0,True,81,60,4.0,1,1.8
qa-079,qa,random_deletion,0.7,0.6667,0.3333,0.7555,0.6458,0.7291,True,81,60,4.0,1,1.8
qa-079,qa,llmlingua_qwen,0.7,1.0,0.0,1.0,1.0,1.0,True,81,60,4.0,1,1.8
qa-079,qa,llmlingua2,0.7,0.7,0.3,0.7754,0.5941,0.6924,False,81,60,4.0,1,1.8
qa-079,qa,random_deletion,0.5,0.5833,0.4167,0.7669,0.5895,0.6947,True,81,60,4.0,1,1.8
qa-079,qa,llmlingua_qwen,0.5,1.0,0.0,1.0,1.0,1.0,True,81,60,4.0,1,1.8
qa-079,qa,llmlingua2,0.5,0.4333,0.5667,0.6763,0.5537,0.672,True,81,60,4.0,1,1.8
qa-079,qa,random_deletion,0.3,0.3,0.7,0.624,0.5338,0.6445,False,81,60,4.0,1,1.8
qa-079,qa,llmlingua_qwen,0.3,1.0,0.0,1.0,1.0,1.0,True,81,60,4.0,1,1.8
qa-079,qa,llmlingua2,0.3,0.2667,0.7333,0.6252,0.5423,0.6633,True,81,60,4.0,1,1.8
qa-080,qa,noop,1.0,1.0,0.0,1.0,1.0,1.0,True,82,55,4.2308,0,1.9231
qa-080,qa,random_deletion,0.7,0.7818,0.2182,0.8522,0.6727,0.7525,False,82,55,4.2308,0,1.9231
qa-080,qa,llmlingua_qwen,0.7,1.0,0.0,1.0,1.0,1.0,True,82,55,4.2308,0,1.9231
qa-080,qa,llmlingua2,0.7,0.6909,0.3091,0.6998,0.4893,0.646,False,82,55,4.2308,0,1.9231
qa-080,qa,random_deletion,0.5,0.4,0.6,0.7852,0.7026,0.7733,True,82,55,4.2308,0,1.9231
qa-080,qa,llmlingua_qwen,0.5,1.0,0.0,1.0,1.0,1.0,True,82,55,4.2308,0,1.9231
qa-080,qa,llmlingua2,0.5,0.4545,0.5455,0.6077,0.4482,0.6154,False,82,55,4.2308,0,1.9231
qa-080,qa,random_deletion,0.3,0.2364,0.7636,0.6264,0.6179,0.6866,True,82,55,4.2308,0,1.9231
qa-080,qa,llmlingua_qwen,0.3,1.0,0.0,1.0,1.0,1.0,True,82,55,4.2308,0,1.9231
qa-080,qa,llmlingua2,0.3,0.2545,0.7455,0.5963,0.4351,0.6133,False,82,55,4.2308,0,1.9231
qa-081,qa,noop,1.0,1.0,0.0,1.0,1.0,1.0,True,84,64,4.5714,0,1.7143
qa-081,qa,random_deletion,0.7,0.7656,0.2344,0.8167,0.6749,0.7506,False,84,64,4.5714,0,1.7143
qa-081,qa,llmlingua_qwen,0.7,1.0,0.0,1.0,1.0,1.0,True,84,64,4.5714,0,1.7143
qa-081,qa,llmlingua2,0.7,0.6875,0.3125,0.7904,0.7776,0.8009,True,84,64,4.5714,0,1.7143
qa-081,qa,random_deletion,0.5,0.4219,0.5781,0.7098,0.6925,0.74,False,84,64,4.5714,0,1.7143
qa-081,qa,llmlingua_qwen,0.5,1.0,0.0,1.0,1.0,1.0,True,84,64,4.5714,0,1.7143
qa-081,qa,llmlingua2,0.5,0.4531,0.5469,0.6691,0.6618,0.7113,False,84,64,4.5714,0,1.7143
qa-081,qa,random_deletion,0.3,0.2656,0.7344,0.5592,0.653,0.7163,True,84,64,4.5714,0,1.7143
qa-081,qa,llmlingua_qwen,0.3,1.0,0.0,1.0,1.0,1.0,True,84,64,4.5714,0,1.7143
qa-081,qa,llmlingua2,0.3,0.2812,0.7188,0.6006,0.6932,0.7309,True,84,64,4.5714,0,1.7143
qa-082,qa,noop,1.0,1.0,0.0,1.0,1.0,1.0,True,80,58,4.1429,0,1.9286
qa-082,qa,random_deletion,0.7,0.7241,0.2759,0.7498,0.7317,0.8133,True,80,58,4.1429,0,1.9286
qa-082,qa,llmlingua_qwen,0.7,1.0,0.0,1.0,1.0,1.0,True,80,58,4.1429,0,1.9286
qa-082,qa,llmlingua2,0.7,0.6207,0.3793,0.6761,0.5659,0.6885,False,80,58,4.1429,0,1.9286
qa-082,qa,random_deletion,0.5,0.4828,0.5172,0.6846,0.5355,0.6813,False,80,58,4.1429,0,1.9286
qa-082,qa,llmlingua_qwen,0.5,1.0,0.0,1.0,1.0,1.0,True,80,58,4.1429,0,1.9286
qa-082,qa,llmlingua2,0.5,0.4655,0.5345,0.5322,0.5973,0.7182,True,80,58,4.1429,0,1.9286
qa-082,qa,random_deletion,0.3,0.2586,0.7414,0.5591,0.5414,0.6599,True,80,58,4.1429,0,1.9286
qa-082,qa,llmlingua_qwen,0.3,1.0,0.0,1.0,1.0,1.0,True,80,58,4.1429,0,1.9286
qa-082,qa,llmlingua2,0.3,0.2586,0.7414,0.4421,0.5151,0.6604,False,80,58,4.1429,0,1.9286
qa-083,qa,noop,1.0,1.0,0.0,1.0,1.0,1.0,True,74,54,4.1538,1,1.7692
qa-083,qa,random_deletion,0.7,0.7037,0.2963,0.7608,0.6022,0.7109,False,74,54,4.1538,1,1.7692
qa-083,qa,llmlingua_qwen,0.7,1.0,0.0,1.0,1.0,1.0,True,74,54,4.1538,1,1.7692
qa-083,qa,llmlingua2,0.7,0.6296,0.3704,0.7118,0.6525,0.731,True,74,54,4.1538,1,1.7692
qa-083,qa,random_deletion,0.5,0.4815,0.5185,0.6132,0.6245,0.6977,True,74,54,4.1538,1,1.7692
qa-083,qa,llmlingua_qwen,0.5,1.0,0.0,1.0,1.0,1.0,True,74,54,4.1538,1,1.7692
qa-083,qa,llmlingua2,0.5,0.4259,0.5741,0.6276,0.5902,0.6862,True,74,54,4.1538,1,1.7692
qa-083,qa,random_deletion,0.3,0.2963,0.7037,0.5789,0.5115,0.6629,False,74,54,4.1538,1,1.7692
qa-083,qa,llmlingua_qwen,0.3,1.0,0.0,1.0,1.0,1.0,True,74,54,4.1538,1,1.7692
qa-083,qa,llmlingua2,0.3,0.2778,0.7222,0.5691,0.5877,0.7103,True,74,54,4.1538,1,1.7692
qa-084,qa,noop,1.0,1.0,0.0,1.0,1.0,1.0,True,55,40,3.6364,0,1.5455
qa-084,qa,random_deletion,0.7,0.7,0.3,0.7739,0.7004,0.7339,False,55,40,3.6364,0,1.5455
qa-084,qa,llmlingua_qwen,0.7,1.0,0.0,1.0,1.0,1.0,True,55,40,3.6364,0,1.5455
qa-084,qa,llmlingua2,0.7,0.675,0.325,0.7247,0.7769,0.8004,True,55,40,3.6364,0,1.5455
qa-084,qa,random_deletion,0.5,0.525,0.475,0.6788,0.6862,0.7136,True,55,40,3.6364,0,1.5455
qa-084,qa,llmlingua_qwen,0.5,1.0,0.0,1.0,1.0,1.0,True,55,40,3.6364,0,1.5455
qa-084,qa,llmlingua2,0.5,0.475,0.525,0.6348,0.6533,0.7007,False,55,40,3.6364,0,1.5455
qa-084,qa,random_deletion,0.3,0.3,0.7,0.3514,0.4609,0.6232,False,55,40,3.6364,0,1.5455
qa-084,qa,llmlingua_qwen,0.3,1.0,0.0,1.0,1.0,1.0,True,55,40,3.6364,0,1.5455
qa-084,qa,llmlingua2,0.3,0.25,0.75,0.595,0.6593,0.701,True,55,40,3.6364,0,1.5455
qa-085,qa,noop,1.0,1.0,0.0,1.0,1.0,1.0,True,78,57,4.0714,0,1.4286
qa-085,qa,random_deletion,0.7,0.8421,0.1579,0.9042,0.7466,0.7763,False,78,57,4.0714,0,1.4286
qa-085,qa,llmlingua_qwen,0.7,1.0,0.0,1.0,1.0,1.0,True,78,57,4.0714,0,1.4286
qa-085,qa,llmlingua2,0.7,0.6667,0.3333,0.7489,0.77,0.7895,True,78,57,4.0714,0,1.4286
qa-085,qa,random_deletion,0.5,0.5614,0.4386,0.7342,0.6592,0.721,False,78,57,4.0714,0,1.4286
qa-085,qa,llmlingua_qwen,0.5,1.0,0.0,1.0,1.0,1.0,True,78,57,4.0714,0,1.4286
qa-085,qa,llmlingua2,0.5,0.4912,0.5088,0.6249,0.6913,0.7223,True,78,57,4.0714,0,1.4286
qa-085,qa,random_deletion,0.3,0.4035,0.5965,0.6726,0.645,0.7165,True,78,57,4.0714,0,1.4286
qa-085,qa,llmlingua_qwen,0.3,1.0,0.0,1.0,1.0,1.0,True,78,57,4.0714,0,1.4286
qa-085,qa,llmlingua2,0.3,0.2281,0.7719,0.5834,0.6218,0.6672,True,78,57,4.0714,0,1.4286
qa-086,qa,noop,1.0,1.0,0.0,1.0,1.0,1.0,True,61,48,4.0,0,1.5833
qa-086,qa,random_deletion,0.7,0.75,0.25,0.8269,0.7512,0.7777,True,61,48,4.0,0,1.5833
qa-086,qa,llmlingua_qwen,0.7,1.0,0.0,1.0,1.0,1.0,True,61,48,4.0,0,1.5833
qa-086,qa,llmlingua2,0.7,0.6458,0.3542,0.7588,0.7511,0.7831,True,61,48,4.0,0,1.5833
qa-086,qa,random_deletion,0.5,0.4167,0.5833,0.6728,0.5581,0.6537,False,61,48,4.0,0,1.5833
qa-086,qa,llmlingua_qwen,0.5,1.0,0.0,1.0,1.0,1.0,True,61,48,4.0,0,1.5833
qa-086,qa,llmlingua2,0.5,0.375,0.625,0.6509,0.6365,0.714,True,61,48,4.0,0,1.5833
qa-086,qa,random_deletion,0.3,0.25,0.75,0.62,0.5202,0.6478,False,61,48,4.0,0,1.5833
qa-086,qa,llmlingua_qwen,0.3,1.0,0.0,1.0,1.0,1.0,True,61,48,4.0,0,1.5833
qa-086,qa,llmlingua2,0.3,0.2292,0.7708,0.6142,0.5796,0.6635,True,61,48,4.0,0,1.5833
qa-087,qa,noop,1.0,1.0,0.0,1.0,1.0,1.0,True,82,61,4.3571,0,1.8571
qa-087,qa,random_deletion,0.7,0.6721,0.3279,0.809,0.8558,0.8579,True,82,61,4.3571,0,1.8571
qa-087,qa,llmlingua_qwen,0.7,1.0,0.0,1.0,1.0,1.0,True,82,61,4.3571,0,1.8571
qa-087,qa,llmlingua2,0.7,0.6557,0.3443,0.6925,0.805,0.8249,True,82,61,4.3571,0,1.8571
qa-087,qa,random_deletion,0.5,0.541,0.459,0.6788,0.4955,0.6347,False,82,61,4.3571,0,1.8571
qa-087,qa,llmlingua_qwen,0.5,1.0,0.0,1.0,1.0,1.0,True,82,61,4.3571,0,1.8571
qa-087,qa,llmlingua2,0.5,0.459,0.541,0.6158,0.7657,0.7892,True,82,61,4.3571,0,1.8571
qa-087,qa,random_deletion,0.3,0.2459,0.7541,0.5398,0.5544,0.6621,False,82,61,4.3571,0,1.8571
qa-087,qa,llmlingua_qwen,0.3,1.0,0.0,1.0,1.0,1.0,True,82,61,4.3571,0,1.8571
qa-087,qa,llmlingua2,0.3,0.2459,0.7541,0.5298,0.5991,0.6905,True,82,61,4.3571,0,1.8571
qa-088,qa,noop,1.0,1.0,0.0,1.0,1.0,1.0,True,79,57,4.3846,0,1.9231
qa-088,qa,random_deletion,0.7,0.6842,0.3158,0.7288,0.7289,0.7724,True,79,57,4.3846,0,1.9231
qa-088,qa,llmlingua_qwen,0.7,1.0,0.0,1.0,1.0,1.0,True,79,57,4.3846,0,1.9231
qa-088,qa,llmlingua2,0.7,0.6842,0.3158,0.742,0.7,0.7336,False,79,57,4.3846,0,1.9231
qa-088,qa,random_deletion,0.5,0.4737,0.5263,0.5894,0.5679,0.6781,False,79,57,4.3846,0,1.9231
qa-088,qa,llmlingua_qwen,0.5,1.0,0.0,1.0,1.0,1.0,True,79,57,4.3846,0,1.9231
qa-088,qa,llmlingua2,0.5,0.4561,0.5439,0.5659,0.6624,0.7099,False,79,57,4.3846,0,1.9231
qa-088,qa,random_deletion,0.3,0.4035,0.5965,0.5891,0.6182,0.7059,False,79,57,4.3846,0,1.9231
qa-088,qa,llmlingua_qwen,0.3,1.0,0.0,1.0,1.0,1.0,True,79,57,4.3846,0,1.9231
qa-088,qa,llmlingua2,0.3,0.2807,0.7193,0.526,0.6778,0.7251,True,79,57,4.3846,0,1.9231
qa-089,qa,noop,1.0,1.0,0.0,1.0,1.0,1.0,True,58,46,4.6,0,2.0
qa-089,qa,random_deletion,0.7,0.6087,0.3913,0.6903,0.7628,0.7776,True,58,46,4.6,0,2.0
qa-089,qa,llmlingua_qwen,0.7,1.0,0.0,1.0,1.0,1.0,True,58,46,4.6,0,2.0
qa-089,qa,llmlingua2,0.7,0.587,0.413,0.7115,0.7168,0.7473,True,58,46,4.6,0,2.0
qa-089,qa,random_deletion,0.5,0.5652,0.4348,0.6191,0.6419,0.7271,False,58,46,4.6,0,2.0
qa-089,qa,llmlingua_qwen,0.5,1.0,0.0,1.0,1.0,1.0,True,58,46,4.6,0,2.0
qa-089,qa,llmlingua2,0.5,0.413,0.587,0.6149,0.4967,0.6543,False,58,46,4.6,0,2.0
qa-089,qa,random_deletion,0.3,0.2826,0.7174,0.5825,0.6209,0.6792,False,58,46,4.6,0,2.0
qa-089,qa,llmlingua_qwen,0.3,1.0,0.0,1.0,1.0,1.0,True,58,46,4.6,0,2.0
qa-089,qa,llmlingua2,0.3,0.1957,0.8043,0.5237,0.6453,0.6893,True,58,46,4.6,0,2.0
qa-090,qa,noop,1.0,1.0,0.0,1.0,1.0,1.0,True,89,66,4.125,0,1.5625
qa-090,qa,random_deletion,0.7,0.7576,0.2424,0.7172,0.7094,0.7484,False,89,66,4.125,0,1.5625
qa-090,qa,llmlingua_qwen,0.7,1.0,0.0,1.0,1.0,1.0,True,89,66,4.125,0,1.5625
qa-090,qa,llmlingua2,0.7,0.6212,0.3788,0.7256,0.5967,0.6903,False,89,66,4.125,0,1.5625
qa-090,qa,random_deletion,0.5,0.5152,0.4848,0.6513,0.7531,0.7722,True,89,66,4.125,0,1.5625
qa-090,qa,llmlingua_qwen,0.5,1.0,0.0,1.0,1.0,1.0,True,89,66,4.125,0,1.5625
qa-090,qa,llmlingua2,0.5,0.5,0.5,0.6501,0.5096,0.6276,True,89,66,4.125,0,1.5625
qa-090,qa,random_deletion,0.3,0.3636,0.6364,0.4974,0.4669,0.618,False,89,66,4.125,0,1.5625
qa-090,qa,llmlingua_qwen,0.3,1.0,0.0,1.0,1.0,1.0,True,89,66,4.125,0,1.5625
qa-090,qa,llmlingua2,0.3,0.2879,0.7121,0.546,0.4728,0.6089,True,89,66,4.125,0,1.5625
qa-091,qa,noop,1.0,1.0,0.0,1.0,1.0,1.0,True,108,84,3.8182,0,1.6364
qa-091,qa,random_deletion,0.7,0.6429,0.3571,0.815,0.7695,0.8153,True,108,84,3.8182,0,1.6364
qa-091,qa,llmlingua_qwen,0.7,1.0,0.0,1.0,1.0,1.0,True,108,84,3.8182,0,1.6364
qa-091,qa,llmlingua2,0.7,0.7143,0.2857,0.7047,0.5778,0.6786,False,108,84,3.8182,0,1.6364
qa-091,qa,random_deletion,0.5,0.5595,0.4405,0.639,0.5101,0.6343,True,108,84,3.8182,0,1.6364
qa-091,qa,llmlingua_qwen,0.5,1.0,0.0,1.0,1.0,1.0,True,108,84,3.8182,0,1.6364
qa-091,qa,llmlingua2,0.5,0.4643,0.5357,0.6257,0.4515,0.6125,False,108,84,3.8182,0,1.6364
qa-091,qa,random_deletion,0.3,0.4286,0.5714,0.5212,0.4919,0.6388,True,108,84,3.8182,0,1.6364
qa-091,qa,llmlingua_qwen,0.3,1.0,0.0,1.0,1.0,1.0,True,108,84,3.8182,0,1.6364
qa-091,qa,llmlingua2,0.3,0.3095,0.6905,0.6058,0.4573,0.6174,True,108,84,3.8182,0,1.6364
qa-092,qa,noop,1.0,1.0,0.0,1.0,1.0,1.0,True,100,77,4.5294,0,1.7059
qa-092,qa,random_deletion,0.7,0.6753,0.3247,0.8162,0.7158,0.7714,True,100,77,4.5294,0,1.7059
qa-092,qa,llmlingua_qwen,0.7,1.0,0.0,1.0,1.0,1.0,True,100,77,4.5294,0,1.7059
qa-092,qa,llmlingua2,0.7,0.6364,0.3636,0.7327,0.6033,0.7051,False,100,77,4.5294,0,1.7059
qa-092,qa,random_deletion,0.5,0.4416,0.5584,0.662,0.6121,0.7008,True,100,77,4.5294,0,1.7059
qa-092,qa,llmlingua_qwen,0.5,1.0,0.0,1.0,1.0,1.0,True,100,77,4.5294,0,1.7059
qa-092,qa,llmlingua2,0.5,0.5195,0.4805,0.6775,0.6134,0.7061,True,100,77,4.5294,0,1.7059
qa-092,qa,random_deletion,0.3,0.3506,0.6494,0.6573,0.5181,0.6784,False,100,77,4.5294,0,1.7059
qa-092,qa,llmlingua_qwen,0.3,1.0,0.0,1.0,1.0,1.0,True,100,77,4.5294,0,1.7059
qa-092,qa,llmlingua2,0.3,0.2857,0.7143,0.5327,0.5876,0.698,True,100,77,4.5294,0,1.7059
qa-093,qa,noop,1.0,1.0,0.0,1.0,1.0,1.0,True,91,67,4.4667,0,2.0
qa-093,qa,random_deletion,0.7,0.7164,0.2836,0.8478,0.6425,0.7161,False,91,67,4.4667,0,2.0
qa-093,qa,llmlingua_qwen,0.7,1.0,0.0,1.0,1.0,1.0,True,91,67,4.4667,0,2.0
qa-093,qa,llmlingua2,0.7,0.7015,0.2985,0.754,0.7534,0.8108,True,91,67,4.4667,0,2.0
qa-093,qa,random_deletion,0.5,0.597,0.403,0.7344,0.4962,0.6577,False,91,67,4.4667,0,2.0
qa-093,qa,llmlingua_qwen,0.5,1.0,0.0,1.0,1.0,1.0,True,91,67,4.4667,0,2.0
qa-093,qa,llmlingua2,0.5,0.4776,0.5224,0.663,0.6898,0.7498,True,91,67,4.4667,0,2.0
qa-093,qa,random_deletion,0.3,0.209,0.791,0.568,0.4866,0.6393,True,91,67,4.4667,0,2.0
qa-093,qa,llmlingua_qwen,0.3,1.0,0.0,1.0,1.0,1.0,True,91,67,4.4667,0,2.0
qa-093,qa,llmlingua2,0.3,0.2537,0.7463,0.5393,0.5535,0.6621,True,91,67,4.4667,0,2.0
qa-094,qa,noop,1.0,1.0,0.0,1.0,1.0,1.0,True,62,43,3.3077,0,1.5385
qa-094,qa,random_deletion,0.7,0.814,0.186,0.8298,0.7022,0.7555,False,62,43,3.3077,0,1.5385
qa-094,qa,llmlingua_qwen,0.7,1.0,0.0,1.0,1.0,1.0,True,62,43,3.3077,0,1.5385
qa-094,qa,llmlingua2,0.7,0.6744,0.3256,0.6849,0.7365,0.7781,True,62,43,3.3077,0,1.5385
qa-094,qa,random_deletion,0.5,0.3953,0.6047,0.6895,0.5596,0.665,True,62,43,3.3077,0,1.5385
qa-094,qa,llmlingua_qwen,0.5,1.0,0.0,1.0,1.0,1.0,True,62,43,3.3077,0,1.5385
qa-094,qa,llmlingua2,0.5,0.5116,0.4884,0.6291,0.7003,0.7445,True,62,43,3.3077,0,1.5385
qa-094,qa,random_deletion,0.3,0.3488,0.6512,0.5956,0.4767,0.616,False,62,43,3.3077,0,1.5385
qa-094,qa,llmlingua_qwen,0.3,1.0,0.0,1.0,1.0,1.0,True,62,43,3.3077,0,1.5385
qa-094,qa,llmlingua2,0.3,0.2326,0.7674,0.4238,0.4884,0.629,True,62,43,3.3077,0,1.5385
qa-095,qa,noop,1.0,1.0,0.0,1.0,1.0,1.0,True,87,68,4.25,0,1.625
qa-095,qa,random_deletion,0.7,0.7059,0.2941,0.8427,0.7612,0.8211,True,87,68,4.25,0,1.625
qa-095,qa,llmlingua_qwen,0.7,1.0,0.0,1.0,1.0,1.0,True,87,68,4.25,0,1.625
qa-095,qa,llmlingua2,0.7,0.6176,0.3824,0.7024,0.7037,0.7571,True,87,68,4.25,0,1.625
qa-095,qa,random_deletion,0.5,0.5147,0.4853,0.7071,0.6234,0.7094,True,87,68,4.25,0,1.625
qa-095,qa,llmlingua_qwen,0.5,1.0,0.0,1.0,1.0,1.0,True,87,68,4.25,0,1.625
qa-095,qa,llmlingua2,0.5,0.4559,0.5441,0.6582,0.604,0.7413,True,87,68,4.25,0,1.625
qa-095,qa,random_deletion,0.3,0.2353,0.7647,0.552,0.5748,0.6878,True,87,68,4.25,0,1.625
qa-095,qa,llmlingua_qwen,0.3,1.0,0.0,1.0,1.0,1.0,True,87,68,4.25,0,1.625
qa-095,qa,llmlingua2,0.3,0.2647,0.7353,0.5605,0.5568,0.6916,False,87,68,4.25,0,1.625
qa-096,qa,noop,1.0,1.0,0.0,1.0,1.0,1.0,True,88,68,4.5333,0,1.8667
qa-096,qa,random_deletion,0.7,0.6471,0.3529,0.7138,0.6219,0.709,False,88,68,4.5333,0,1.8667
qa-096,qa,llmlingua_qwen,0.7,1.0,0.0,1.0,1.0,1.0,True,88,68,4.5333,0,1.8667
qa-096,qa,llmlingua2,0.7,0.6471,0.3529,0.795,0.623,0.708,False,88,68,4.5333,0,1.8667
qa-096,qa,random_deletion,0.5,0.5588,0.4412,0.757,0.6856,0.7572,True,88,68,4.5333,0,1.8667
qa-096,qa,llmlingua_qwen,0.5,1.0,0.0,1.0,1.0,1.0,True,88,68,4.5333,0,1.8667
qa-096,qa,llmlingua2,0.5,0.4559,0.5441,0.6439,0.571,0.6673,True,88,68,4.5333,0,1.8667
qa-096,qa,random_deletion,0.3,0.1765,0.8235,0.5082,0.5162,0.6402,True,88,68,4.5333,0,1.8667
qa-096,qa,llmlingua_qwen,0.3,1.0,0.0,1.0,1.0,1.0,True,88,68,4.5333,0,1.8667
qa-096,qa,llmlingua2,0.3,0.2941,0.7059,0.6025,0.5547,0.6832,True,88,68,4.5333,0,1.8667
qa-097,qa,noop,1.0,1.0,0.0,1.0,1.0,1.0,True,88,62,3.875,0,1.8125
qa-097,qa,random_deletion,0.7,0.6613,0.3387,0.7968,0.5973,0.657,False,88,62,3.875,0,1.8125
qa-097,qa,llmlingua_qwen,0.7,1.0,0.0,1.0,1.0,1.0,True,88,62,3.875,0,1.8125
qa-097,qa,llmlingua2,0.7,0.6613,0.3387,0.7099,0.6085,0.6601,False,88,62,3.875,0,1.8125
qa-097,qa,random_deletion,0.5,0.4032,0.5968,0.6271,0.5925,0.6693,False,88,62,3.875,0,1.8125
qa-097,qa,llmlingua_qwen,0.5,1.0,0.0,1.0,1.0,1.0,True,88,62,3.875,0,1.8125
qa-097,qa,llmlingua2,0.5,0.4516,0.5484,0.6288,0.5697,0.6353,False,88,62,3.875,0,1.8125
qa-097,qa,random_deletion,0.3,0.3871,0.6129,0.666,0.6212,0.6711,True,88,62,3.875,0,1.8125
qa-097,qa,llmlingua_qwen,0.3,1.0,0.0,1.0,1.0,1.0,True,88,62,3.875,0,1.8125
qa-097,qa,llmlingua2,0.3,0.2258,0.7742,0.526,0.5676,0.6557,True,88,62,3.875,0,1.8125
qa-098,qa,noop,1.0,1.0,0.0,1.0,1.0,1.0,True,94,69,4.3125,0,1.9375
qa-098,qa,random_deletion,0.7,0.6812,0.3188,0.8176,0.637,0.7185,False,94,69,4.3125,0,1.9375
qa-098,qa,llmlingua_qwen,0.7,1.0,0.0,1.0,1.0,1.0,True,94,69,4.3125,0,1.9375
qa-098,qa,llmlingua2,0.7,0.6812,0.3188,0.7457,0.7082,0.7621,True,94,69,4.3125,0,1.9375
qa-098,qa,random_deletion,0.5,0.4783,0.5217,0.6816,0.6532,0.7374,True,94,69,4.3125,0,1.9375
qa-098,qa,llmlingua_qwen,0.5,1.0,0.0,1.0,1.0,1.0,True,94,69,4.3125,0,1.9375
qa-098,qa,llmlingua2,0.5,0.4203,0.5797,0.6199,0.5556,0.6653,True,94,69,4.3125,0,1.9375
qa-098,qa,random_deletion,0.3,0.3188,0.6812,0.5123,0.4559,0.6311,False,94,69,4.3125,0,1.9375
qa-098,qa,llmlingua_qwen,0.3,1.0,0.0,1.0,1.0,1.0,True,94,69,4.3125,0,1.9375
qa-098,qa,llmlingua2,0.3,0.3043,0.6957,0.556,0.5535,0.6552,True,94,69,4.3125,0,1.9375
qa-099,qa,noop,1.0,1.0,0.0,1.0,1.0,1.0,True,98,74,4.3529,0,1.9412
qa-099,qa,random_deletion,0.7,0.6892,0.3108,0.819,0.6461,0.729,True,98,74,4.3529,0,1.9412
qa-099,qa,llmlingua_qwen,0.7,1.0,0.0,1.0,1.0,1.0,True,98,74,4.3529,0,1.9412
qa-099,qa,llmlingua2,0.7,0.6622,0.3378,0.7151,0.5548,0.6975,False,98,74,4.3529,0,1.9412
qa-099,qa,random_deletion,0.5,0.5,0.5,0.6823,0.6366,0.7207,True,98,74,4.3529,0,1.9412
qa-099,qa,llmlingua_qwen,0.5,1.0,0.0,1.0,1.0,1.0,True,98,74,4.3529,0,1.9412
qa-099,qa,llmlingua2,0.5,0.4595,0.5405,0.6304,0.503,0.6516,False,98,74,4.3529,0,1.9412
qa-099,qa,random_deletion,0.3,0.2568,0.7432,0.6356,0.5423,0.6742,True,98,74,4.3529,0,1.9412
qa-099,qa,llmlingua_qwen,0.3,1.0,0.0,1.0,1.0,1.0,True,98,74,4.3529,0,1.9412
qa-099,qa,llmlingua2,0.3,0.2703,0.7297,0.5357,0.5449,0.6651,True,98,74,4.3529,0,1.9412
qa-100,qa,noop,1.0,1.0,0.0,1.0,1.0,1.0,True,86,65,3.25,0,1.5
qa-100,qa,random_deletion,0.7,0.7846,0.2154,0.8237,0.6922,0.733,True,86,65,3.25,0,1.5
qa-100,qa,llmlingua_qwen,0.7,1.0,0.0,1.0,1.0,1.0,True,86,65,3.25,0,1.5
qa-100,qa,llmlingua2,0.7,0.6462,0.3538,0.7735,0.6265,0.6928,True,86,65,3.25,0,1.5
qa-100,qa,random_deletion,0.5,0.5692,0.4308,0.6931,0.4579,0.637,False,86,65,3.25,0,1.5
qa-100,qa,llmlingua_qwen,0.5,1.0,0.0,1.0,1.0,1.0,True,86,65,3.25,0,1.5
qa-100,qa,llmlingua2,0.5,0.4462,0.5538,0.6333,0.4752,0.6311,False,86,65,3.25,0,1.5
qa-100,qa,random_deletion,0.3,0.3385,0.6615,0.5362,0.4639,0.6234,False,86,65,3.25,0,1.5
qa-100,qa,llmlingua_qwen,0.3,1.0,0.0,1.0,1.0,1.0,True,86,65,3.25,0,1.5
qa-100,qa,llmlingua2,0.3,0.2154,0.7846,0.5446,0.5397,0.6311,True,86,65,3.25,0,1.5
creat-001,creative,noop,1.0,1.0,0.0,1.0,1.0,1.0,True,131,99,4.125,0,1.8333
creat-001,creative,random_deletion,0.7,0.7374,0.2626,0.8288,0.6658,0.7763,False,131,99,4.125,0,1.8333
creat-001,creative,llmlingua_qwen,0.7,1.0,0.0,1.0,1.0,1.0,True,131,99,4.125,0,1.8333
creat-001,creative,llmlingua2,0.7,0.6869,0.3131,0.7863,0.6721,0.7728,True,131,99,4.125,0,1.8333
creat-001,creative,random_deletion,0.5,0.5051,0.4949,0.7393,0.623,0.7348,False,131,99,4.125,0,1.8333
creat-001,creative,llmlingua_qwen,0.5,1.0,0.0,1.0,1.0,1.0,True,131,99,4.125,0,1.8333
creat-001,creative,llmlingua2,0.5,0.4444,0.5556,0.632,0.6453,0.7392,True,131,99,4.125,0,1.8333
creat-001,creative,random_deletion,0.3,0.3434,0.6566,0.5622,0.5272,0.6717,False,131,99,4.125,0,1.8333
creat-001,creative,llmlingua_qwen,0.3,1.0,0.0,1.0,1.0,1.0,True,131,99,4.125,0,1.8333
creat-001,creative,llmlingua2,0.3,0.2828,0.7172,0.5781,0.593,0.7137,True,131,99,4.125,0,1.8333
creat-002,creative,noop,1.0,1.0,0.0,1.0,1.0,1.0,True,113,85,4.25,0,2.0
creat-002,creative,random_deletion,0.7,0.6824,0.3176,0.8256,0.6524,0.7549,False,113,85,4.25,0,2.0
creat-002,creative,llmlingua_qwen,0.7,1.0,0.0,1.0,1.0,1.0,True,113,85,4.25,0,2.0
creat-002,creative,llmlingua2,0.7,0.6824,0.3176,0.7923,0.6859,0.7907,True,113,85,4.25,0,2.0
creat-002,creative,random_deletion,0.5,0.5882,0.4118,0.7313,0.6507,0.7662,True,113,85,4.25,0,2.0
creat-002,creative,llmlingua_qwen,0.5,1.0,0.0,1.0,1.0,1.0,True,113,85,4.25,0,2.0
creat-002,creative,llmlingua2,0.5,0.4706,0.5294,0.6913,0.6494,0.7543,True,113,85,4.25,0,2.0
creat-002,creative,random_deletion,0.3,0.2588,0.7412,0.5962,0.5743,0.6768,False,113,85,4.25,0,2.0
creat-002,creative,llmlingua_qwen,0.3,1.0,0.0,1.0,1.0,1.0,True,113,85,4.25,0,2.0
creat-002,creative,llmlingua2,0.3,0.2471,0.7529,0.5526,0.6073,0.7154,True,113,85,4.25,0,2.0
creat-003,creative,noop,1.0,1.0,0.0,1.0,1.0,1.0,True,99,73,4.2941,0,1.8235
creat-003,creative,random_deletion,0.7,0.7123,0.2877,0.8503,0.6582,0.7661,False,99,73,4.2941,0,1.8235
creat-003,creative,llmlingua_qwen,0.7,1.0,0.0,1.0,1.0,1.0,True,99,73,4.2941,0,1.8235
creat-003,creative,llmlingua2,0.7,0.6849,0.3151,0.7743,0.7016,0.8,True,99,73,4.2941,0,1.8235
creat-003,creative,random_deletion,0.5,0.5479,0.4521,0.7619,0.6327,0.7437,False,99,73,4.2941,0,1.8235
creat-003,creative,llmlingua_qwen,0.5,1.0,0.0,1.0,1.0,1.0,True,99,73,4.2941,0,1.8235
creat-003,creative,llmlingua2,0.5,0.4795,0.5205,0.6466,0.6739,0.7702,True,99,73,4.2941,0,1.8235
creat-003,creative,random_deletion,0.3,0.3699,0.6301,0.5962,0.6069,0.7192,True,99,73,4.2941,0,1.8235
creat-003,creative,llmlingua_qwen,0.3,1.0,0.0,1.0,1.0,1.0,True,99,73,4.2941,0,1.8235
creat-003,creative,llmlingua2,0.3,0.2603,0.7397,0.5583,0.4935,0.6857,True,99,73,4.2941,0,1.8235
creat-004,creative,noop,1.0,1.0,0.0,1.0,1.0,1.0,True,107,80,4.0,0,1.85
creat-004,creative,random_deletion,0.7,0.675,0.325,0.8338,0.5783,0.7094,False,107,80,4.0,0,1.85
creat-004,creative,llmlingua_qwen,0.7,1.0,0.0,1.0,1.0,1.0,True,107,80,4.0,0,1.85
creat-004,creative,llmlingua2,0.7,0.65,0.35,0.7885,0.6542,0.7731,False,107,80,4.0,0,1.85
creat-004,creative,random_deletion,0.5,0.5125,0.4875,0.7549,0.5985,0.729,False,107,80,4.0,0,1.85
creat-004,creative,llmlingua_qwen,0.5,1.0,0.0,1.0,1.0,1.0,True,107,80,4.0,0,1.85
creat-004,creative,llmlingua2,0.5,0.4625,0.5375,0.6694,0.6394,0.7568,False,107,80,4.0,0,1.85
creat-004,creative,random_deletion,0.3,0.2625,0.7375,0.5607,0.5298,0.6489,True,107,80,4.0,0,1.85
creat-004,creative,llmlingua_qwen,0.3,1.0,0.0,1.0,1.0,1.0,True,107,80,4.0,0,1.85
creat-004,creative,llmlingua2,0.3,0.275,0.725,0.5699,0.6573,0.7594,True,107,80,4.0,0,1.85
creat-005,creative,noop,1.0,1.0,0.0,1.0,1.0,1.0,True,99,73,4.0556,1,2.1667
creat-005,creative,random_deletion,0.7,0.726,0.274,0.8563,0.7341,0.7678,True,99,73,4.0556,1,2.1667
creat-005,creative,llmlingua_qwen,0.7,1.0,0.0,1.0,1.0,1.0,True,99,73,4.0556,1,2.1667
creat-005,creative,llmlingua2,0.7,0.6712,0.3288,0.7722,0.7311,0.7824,True,99,73,4.0556,1,2.1667
creat-005,creative,random_deletion,0.5,0.5205,0.4795,0.6658,0.6228,0.6936,False,99,73,4.0556,1,2.1667
creat-005,creative,llmlingua_qwen,0.5,1.0,0.0,1.0,1.0,1.0,True,99,73,4.0556,1,2.1667
creat-005,creative,llmlingua2,0.5,0.4795,0.5205,0.6359,0.6791,0.725,True,99,73,4.0556,1,2.1667
creat-005,creative,random_deletion,0.3,0.2192,0.7808,0.4764,0.4694,0.6249,True,99,73,4.0556,1,2.1667
creat-005,creative,llmlingua_qwen,0.3,1.0,0.0,1.0,1.0,1.0,True,99,73,4.0556,1,2.1667
creat-005,creative,llmlingua2,0.3,0.2877,0.7123,0.5535,0.6262,0.7209,True,99,73,4.0556,1,2.1667
creat-006,creative,noop,1.0,1.0,0.0,1.0,1.0,1.0,True,93,68,3.4,0,1.5
creat-006,creative,random_deletion,0.7,0.75,0.25,0.7831,0.6819,0.7789,False,93,68,3.4,0,1.5
creat-006,creative,llmlingua_qwen,0.7,1.0,0.0,1.0,1.0,1.0,True,93,68,3.4,0,1.5
creat-006,creative,llmlingua2,0.7,0.6765,0.3235,0.7807,0.7004,0.7835,True,93,68,3.4,0,1.5
creat-006,creative,random_deletion,0.5,0.4118,0.5882,0.6307,0.4477,0.6304,False,93,68,3.4,0,1.5
creat-006,creative,llmlingua_qwen,0.5,1.0,0.0,1.0,1.0,1.0,True,93,68,3.4,0,1.5
creat-006,creative,llmlingua2,0.5,0.4853,0.5147,0.712,0.6561,0.7569,False,93,68,3.4,0,1.5
creat-006,creative,random_deletion,0.3,0.3088,0.6912,0.5648,0.6363,0.7472,False,93,68,3.4,0,1.5
creat-006,creative,llmlingua_qwen,0.3,1.0,0.0,1.0,1.0,1.0,True,93,68,3.4,0,1.5
creat-006,creative,llmlingua2,0.3,0.25,0.75,0.6082,0.6643,0.7528,True,93,68,3.4,0,1.5
creat-007,creative,noop,1.0,1.0,0.0,1.0,1.0,1.0,True,91,67,3.7222,0,1.7222
creat-007,creative,random_deletion,0.7,0.6866,0.3134,0.8561,0.6612,0.7723,False,91,67,3.7222,0,1.7222
creat-007,creative,llmlingua_qwen,0.7,1.0,0.0,1.0,1.0,1.0,True,91,67,3.7222,0,1.7222
creat-007,creative,llmlingua2,0.7,0.6866,0.3134,0.793,0.6801,0.7681,True,91,67,3.7222,0,1.7222
creat-007,creative,random_deletion,0.5,0.5522,0.4478,0.7299,0.6437,0.7178,True,91,67,3.7222,0,1.7222
creat-007,creative,llmlingua_qwen,0.5,1.0,0.0,1.0,1.0,1.0,True,91,67,3.7222,0,1.7222
creat-007,creative,llmlingua2,0.5,0.4925,0.5075,0.6185,0.6352,0.7405,True,91,67,3.7222,0,1.7222
creat-007,creative,random_deletion,0.3,0.2537,0.7463,0.5822,0.4945,0.6678,True,91,67,3.7222,0,1.7222
creat-007,creative,llmlingua_qwen,0.3,1.0,0.0,1.0,1.0,1.0,True,91,67,3.7222,0,1.7222
creat-007,creative,llmlingua2,0.3,0.2687,0.7313,0.5232,0.5815,0.7065,True,91,67,3.7222,0,1.7222
creat-008,creative,noop,1.0,1.0,0.0,1.0,1.0,1.0,True,84,61,3.5882,0,1.3529
creat-008,creative,random_deletion,0.7,0.7377,0.2623,0.8328,0.7113,0.7849,True,84,61,3.5882,0,1.3529
creat-008,creative,llmlingua_qwen,0.7,1.0,0.0,1.0,1.0,1.0,True,84,61,3.5882,0,1.3529
creat-008,creative,llmlingua2,0.7,0.6721,0.3279,0.7548,0.6776,0.7638,False,84,61,3.5882,0,1.3529
creat-008,creative,random_deletion,0.5,0.4754,0.5246,0.7311,0.5646,0.7025,False,84,61,3.5882,0,1.3529
creat-008,creative,llmlingua_qwen,0.5,1.0,0.0,1.0,1.0,1.0,True,84,61,3.5882,0,1.3529
creat-008,creative,llmlingua2,0.5,0.459,0.541,0.6825,0.6776,0.754,True,84,61,3.5882,0,1.3529
creat-008,creative,random_deletion,0.3,0.1475,0.8525,0.4668,0.4822,0.6302,True,84,61,3.5882,0,1.3529
creat-008,creative,llmlingua_qwen,0.3,1.0,0.0,1.0,1.0,1.0,True,84,61,3.5882,0,1.3529
creat-008,creative,llmlingua2,0.3,0.2623,0.7377,0.5627,0.6239,0.7342,True,84,61,3.5882,0,1.3529
creat-009,creative,noop,1.0,1.0,0.0,1.0,1.0,1.0,True,84,69,4.3125,0,1.625
creat-009,creative,random_deletion,0.7,0.6087,0.3913,0.7558,0.6579,0.7608,True,84,69,4.3125,0,1.625
creat-009,creative,llmlingua_qwen,0.7,1.0,0.0,1.0,1.0,1.0,True,84,69,4.3125,0,1.625
creat-009,creative,llmlingua2,0.7,0.6377,0.3623,0.7975,0.7382,0.7998,True,84,69,4.3125,0,1.625
creat-009,creative,random_deletion,0.5,0.5362,0.4638,0.7211,0.5601,0.6986,False,84,69,4.3125,0,1.625
creat-009,creative,llmlingua_qwen,0.5,1.0,0.0,1.0,1.0,1.0,True,84,69,4.3125,0,1.625
creat-009,creative,llmlingua2,0.5,0.4783,0.5217,0.6168,0.605,0.7333,True,84,69,4.3125,0,1.625
creat-009,creative,random_deletion,0.3,0.3478,0.6522,0.5731,0.5056,0.6376,False,84,69,4.3125,0,1.625
creat-009,creative,llmlingua_qwen,0.3,1.0,0.0,1.0,1.0,1.0,True,84,69,4.3125,0,1.625
creat-009,creative,llmlingua2,0.3,0.2754,0.7246,0.6022,0.5329,0.6561,True,84,69,4.3125,0,1.625
creat-010,creative,noop,1.0,1.0,0.0,1.0,1.0,1.0,True,94,75,5.0,0,2.0
creat-010,creative,random_deletion,0.7,0.5733,0.4267,0.8083,0.6733,0.7748,True,94,75,5.0,0,2.0
creat-010,creative,llmlingua_qwen,0.7,1.0,0.0,1.0,1.0,1.0,True,94,75,5.0,0,2.0
creat-010,creative,llmlingua2,0.7,0.6,0.4,0.7596,0.7032,0.7875,True,94,75,5.0,0,2.0
creat-010,creative,random_deletion,0.5,0.5333,0.4667,0.719,0.564,0.6806,False,94,75,5.0,0,2.0
creat-010,creative,llmlingua_qwen,0.5,1.0,0.0,1.0,1.0,1.0,True,94,75,5.0,0,2.0
creat-010,creative,llmlingua2,0.5,0.4533,0.5467,0.6413,0.6545,0.7588,True,94,75,5.0,0,2.0
creat-010,creative,random_deletion,0.3,0.2933,0.7067,0.5511,0.5167,0.6694,False,94,75,5.0,0,2.0
creat-010,creative,llmlingua_qwen,0.3,1.0,0.0,1.0,1.0,1.0,True,94,75,5.0,0,2.0
creat-010,creative,llmlingua2,0.3,0.2667,0.7333,0.5955,0.6286,0.7511,True,94,75,5.0,0,2.0
creat-011,creative,noop,1.0,1.0,0.0,1.0,1.0,1.0,True,105,84,4.6667,0,1.8889
creat-011,creative,random_deletion,0.7,0.6786,0.3214,0.7817,0.6558,0.7044,False,105,84,4.6667,0,1.8889
creat-011,creative,llmlingua_qwen,0.7,1.0,0.0,1.0,1.0,1.0,True,105,84,4.6667,0,1.8889
creat-011,creative,llmlingua2,0.7,0.6429,0.3571,0.7614,0.7713,0.8053,False,105,84,4.6667,0,1.8889
creat-011,creative,random_deletion,0.5,0.5119,0.4881,0.6906,0.7833,0.8209,True,105,84,4.6667,0,1.8889
creat-011,creative,llmlingua_qwen,0.5,1.0,0.0,1.0,1.0,1.0,True,105,84,4.6667,0,1.8889
creat-011,creative,llmlingua2,0.5,0.4643,0.5357,0.6814,0.6015,0.695,False,105,84,4.6667,0,1.8889
creat-011,creative,random_deletion,0.3,0.3214,0.6786,0.6102,0.6086,0.6559,True,105,84,4.6667,0,1.8889
creat-011,creative,llmlingua_qwen,0.3,1.0,0.0,1.0,1.0,1.0,True,105,84,4.6667,0,1.8889
creat-011,creative,llmlingua2,0.3,0.25,0.75,0.5096,0.5091,0.6494,True,105,84,4.6667,0,1.8889
creat-012,creative,noop,1.0,1.0,0.0,1.0,1.0,1.0,True,88,69,4.3125,0,1.9375
creat-012,creative,random_deletion,0.7,0.7391,0.2609,0.868,0.7753,0.823,True,88,69,4.3125,0,1.9375
creat-012,creative,llmlingua_qwen,0.7,1.0,0.0,1.0,1.0,1.0,True,88,69,4.3125,0,1.9375
creat-012,creative,llmlingua2,0.7,0.6812,0.3188,0.7794,0.7329,0.7922,True,88,69,4.3125,0,1.9375
creat-012,creative,random_deletion,0.5,0.5217,0.4783,0.7969,0.7016,0.7835,True,88,69,4.3125,0,1.9375
creat-012,creative,llmlingua_qwen,0.5,1.0,0.0,1.0,1.0,1.0,True,88,69,4.3125,0,1.9375
creat-012,creative,llmlingua2,0.5,0.4493,0.5507,0.6526,0.6898,0.7598,True,88,69,4.3125,0,1.9375
creat-012,creative,random_deletion,0.3,0.3478,0.6522,0.6306,0.6734,0.7483,True,88,69,4.3125,0,1.9375
creat-012,creative,llmlingua_qwen,0.3,1.0,0.0,1.0,1.0,1.0,True,88,69,4.3125,0,1.9375
creat-012,creative,llmlingua2,0.3,0.2174,0.7826,0.5871,0.5577,0.6947,True,88,69,4.3125,0,1.9375
creat-013,creative,noop,1.0,1.0,0.0,1.0,1.0,1.0,True,113,85,4.7222,0,2.0
creat-013,creative,random_deletion,0.7,0.7529,0.2471,0.8504,0.7781,0.8182,True,113,85,4.7222,0,2.0
creat-013,creative,llmlingua_qwen,0.7,1.0,0.0,1.0,1.0,1.0,True,113,85,4.7222,0,2.0
creat-013,creative,llmlingua2,0.7,0.6706,0.3294,0.7545,0.6759,0.7775,False,113,85,4.7222,0,2.0
creat-013,creative,random_deletion,0.5,0.4471,0.5529,0.6314,0.737,0.8046,True,113,85,4.7222,0,2.0
creat-013,creative,llmlingua_qwen,0.5,1.0,0.0,1.0,1.0,1.0,True,113,85,4.7222,0,2.0
creat-013,creative,llmlingua2,0.5,0.4824,0.5176,0.6697,0.6246,0.7359,False,113,85,4.7222,0,2.0
creat-013,creative,random_deletion,0.3,0.2235,0.7765,0.5597,0.6325,0.7449,True,113,85,4.7222,0,2.0
creat-013,creative,llmlingua_qwen,0.3,1.0,0.0,1.0,1.0,1.0,True,113,85,4.7222,0,2.0
creat-013,creative,llmlingua2,0.3,0.2471,0.7529,0.5834,0.6228,0.6829,False,113,85,4.7222,0,2.0
creat-014,creative,noop,1.0,1.0,0.0,1.0,1.0,1.0,True,89,69,4.3125,0,1.625
creat-014,creative,random_deletion,0.7,0.7391,0.2609,0.8075,0.7138,0.8019,False,89,69,4.3125,0,1.625
creat-014,creative,llmlingua_qwen,0.7,1.0,0.0,1.0,1.0,1.0,True,89,69,4.3125,0,1.625
creat-014,creative,llmlingua2,0.7,0.6232,0.3768,0.686,0.7095,0.7972,False,89,69,4.3125,0,1.625
creat-014,creative,random_deletion,0.5,0.5652,0.4348,0.7922,0.7289,0.821,True,89,69,4.3125,0,1.625
creat-014,creative,llmlingua_qwen,0.5,1.0,0.0,1.0,1.0,1.0,True,89,69,4.3125,0,1.625
creat-014,creative,llmlingua2,0.5,0.4638,0.5362,0.603,0.5632,0.6875,True,89,69,4.3125,0,1.625
creat-014,creative,random_deletion,0.3,0.3478,0.6522,0.6002,0.4882,0.6359,True,89,69,4.3125,0,1.625
creat-014,creative,llmlingua_qwen,0.3,1.0,0.0,1.0,1.0,1.0,True,89,69,4.3125,0,1.625
creat-014,creative,llmlingua2,0.3,0.3043,0.6957,0.5385,0.4828,0.6304,True,89,69,4.3125,0,1.625
creat-015,creative,noop,1.0,1.0,0.0,1.0,1.0,1.0,True,102,81,4.7647,0,1.7647
creat-015,creative,random_deletion,0.7,0.6049,0.3951,0.7473,0.5648,0.6991,False,102,81,4.7647,0,1.7647
creat-015,creative,llmlingua_qwen,0.7,1.0,0.0,1.0,1.0,1.0,True,102,81,4.7647,0,1.7647
creat-015,creative,llmlingua2,0.7,0.716,0.284,0.7192,0.7651,0.8112,True,102,81,4.7647,0,1.7647
creat-015,creative,random_deletion,0.5,0.4074,0.5926,0.6082,0.6662,0.6998,True,102,81,4.7647,0,1.7647
creat-015,creative,llmlingua_qwen,0.5,1.0,0.0,1.0,1.0,1.0,True,102,81,4.7647,0,1.7647
creat-015,creative,llmlingua2,0.5,0.5062,0.4938,0.6443,0.6611,0.7525,False,102,81,4.7647,0,1.7647
creat-015,creative,random_deletion,0.3,0.3333,0.6667,0.6439,0.5147,0.6772,False,102,81,4.7647,0,1.7647
creat-015,creative,llmlingua_qwen,0.3,1.0,0.0,1.0,1.0,1.0,True,102,81,4.7647,0,1.7647
creat-015,creative,llmlingua2,0.3,0.284,0.716,0.579,0.5752,0.7043,True,102,81,4.7647,0,1.7647
creat-016,creative,noop,1.0,1.0,0.0,1.0,1.0,1.0,True,94,76,4.4706,0,1.5294
creat-016,creative,random_deletion,0.7,0.6842,0.3158,0.8268,0.8085,0.854,True,94,76,4.4706,0,1.5294
creat-016,creative,llmlingua_qwen,0.7,1.0,0.0,1.0,1.0,1.0,True,94,76,4.4706,0,1.5294
creat-016,creative,llmlingua2,0.7,0.6974,0.3026,0.6912,0.8101,0.8362,True,94,76,4.4706,0,1.5294
creat-016,creative,random_deletion,0.5,0.4605,0.5395,0.6354,0.6658,0.7451,False,94,76,4.4706,0,1.5294
creat-016,creative,llmlingua_qwen,0.5,1.0,0.0,1.0,1.0,1.0,True,94,76,4.4706,0,1.5294
creat-016,creative,llmlingua2,0.5,0.4737,0.5263,0.6696,0.7641,0.8171,True,94,76,4.4706,0,1.5294
creat-016,creative,random_deletion,0.3,0.3684,0.6316,0.6037,0.7302,0.8027,True,94,76,4.4706,0,1.5294
creat-016,creative,llmlingua_qwen,0.3,1.0,0.0,1.0,1.0,1.0,True,94,76,4.4706,0,1.5294
creat-016,creative,llmlingua2,0.3,0.25,0.75,0.5275,0.6011,0.7003,True,94,76,4.4706,0,1.5294
creat-017,creative,noop,1.0,1.0,0.0,1.0,1.0,1.0,True,75,56,4.3077,0,1.6154
creat-017,creative,random_deletion,0.7,0.75,0.25,0.7959,0.7372,0.7918,True,75,56,4.3077,0,1.6154
creat-017,creative,llmlingua_qwen,0.7,1.0,0.0,1.0,1.0,1.0,True,75,56,4.3077,0,1.6154
creat-017,creative,llmlingua2,0.7,0.6964,0.3036,0.7242,0.7216,0.778,True,75,56,4.3077,0,1.6154
creat-017,creative,random_deletion,0.5,0.4821,0.5179,0.7414,0.5063,0.6394,False,75,56,4.3077,0,1.6154
creat-017,creative,llmlingua_qwen,0.5,1.0,0.0,1.0,1.0,1.0,True,75,56,4.3077,0,1.6154
creat-017,creative,llmlingua2,0.5,0.5357,0.4643,0.6228,0.5829,0.6766,True,75,56,4.3077,0,1.6154
creat-017,creative,random_deletion,0.3,0.3214,0.6786,0.646,0.4967,0.6367,False,75,56,4.3077,0,1.6154
creat-017,creative,llmlingua_qwen,0.3,1.0,0.0,1.0,1.0,1.0,True,75,56,4.3077,0,1.6154
creat-017,creative,llmlingua2,0.3,0.2679,0.7321,0.5452,0.5592,0.6531,True,75,56,4.3077,0,1.6154
creat-018,creative,noop,1.0,1.0,0.0,1.0,1.0,1.0,True,85,64,4.5714,0,2.1429
creat-018,creative,random_deletion,0.7,0.6406,0.3594,0.8338,0.5946,0.7124,False,85,64,4.5714,0,2.1429
creat-018,creative,llmlingua_qwen,0.7,1.0,0.0,1.0,1.0,1.0,True,85,64,4.5714,0,2.1429
creat-018,creative,llmlingua2,0.7,0.6719,0.3281,0.7704,0.646,0.7443,False,85,64,4.5714,0,2.1429
creat-018,creative,random_deletion,0.5,0.4375,0.5625,0.6836,0.652,0.7311,True,85,64,4.5714,0,2.1429
creat-018,creative,llmlingua_qwen,0.5,1.0,0.0,1.0,1.0,1.0,True,85,64,4.5714,0,2.1429
creat-018,creative,llmlingua2,0.5,0.5,0.5,0.6963,0.6218,0.6847,False,85,64,4.5714,0,2.1429
creat-018,creative,random_deletion,0.3,0.25,0.75,0.571,0.5414,0.6318,True,85,64,4.5714,0,2.1429
creat-018,creative,llmlingua_qwen,0.3,1.0,0.0,1.0,1.0,1.0,True,85,64,4.5714,0,2.1429
creat-018,creative,llmlingua2,0.3,0.3125,0.6875,0.6331,0.5673,0.6578,True,85,64,4.5714,0,2.1429
creat-019,creative,noop,1.0,1.0,0.0,1.0,1.0,1.0,True,88,68,4.0,0,1.5882
creat-019,creative,random_deletion,0.7,0.6324,0.3676,0.7781,0.5585,0.682,False,88,68,4.0,0,1.5882
creat-019,creative,llmlingua_qwen,0.7,1.0,0.0,1.0,1.0,1.0,True,88,68,4.0,0,1.5882
creat-019,creative,llmlingua2,0.7,0.6618,0.3382,0.7014,0.6554,0.721,False,88,68,4.0,0,1.5882
creat-019,creative,random_deletion,0.5,0.4853,0.5147,0.6826,0.6652,0.7565,True,88,68,4.0,0,1.5882
creat-019,creative,llmlingua_qwen,0.5,1.0,0.0,1.0,1.0,1.0,True,88,68,4.0,0,1.5882
creat-019,creative,llmlingua2,0.5,0.4559,0.5441,0.6065,0.6024,0.6777,False,88,68,4.0,0,1.5882
creat-019,creative,random_deletion,0.3,0.2941,0.7059,0.5138,0.5874,0.7062,False,88,68,4.0,0,1.5882
creat-019,creative,llmlingua_qwen,0.3,1.0,0.0,1.0,1.0,1.0,True,88,68,4.0,0,1.5882
creat-019,creative,llmlingua2,0.3,0.2941,0.7059,0.5483,0.6089,0.7167,True,88,68,4.0,0,1.5882
creat-020,creative,noop,1.0,1.0,0.0,1.0,1.0,1.0,True,81,60,4.0,0,1.6667
creat-020,creative,random_deletion,0.7,0.6333,0.3667,0.8093,0.6794,0.7573,True,81,60,4.0,0,1.6667
creat-020,creative,llmlingua_qwen,0.7,1.0,0.0,1.0,1.0,1.0,True,81,60,4.0,0,1.6667
creat-020,creative,llmlingua2,0.7,0.7,0.3,0.7366,0.6839,0.7036,True,81,60,4.0,0,1.6667
creat-020,creative,random_deletion,0.5,0.6167,0.3833,0.7712,0.5905,0.6784,True,81,60,4.0,0,1.6667
creat-020,creative,llmlingua_qwen,0.5,1.0,0.0,1.0,1.0,1.0,True,81,60,4.0,0,1.6667
creat-020,creative,llmlingua2,0.5,0.5,0.5,0.6649,0.5254,0.6619,False,81,60,4.0,0,1.6667
creat-020,creative,random_deletion,0.3,0.25,0.75,0.5494,0.4192,0.5983,False,81,60,4.0,0,1.6667
creat-020,creative,llmlingua_qwen,0.3,1.0,0.0,1.0,1.0,1.0,True,81,60,4.0,0,1.6667
creat-020,creative,llmlingua2,0.3,0.25,0.75,0.5684,0.528,0.6755,True,81,60,4.0,0,1.6667
creat-021,creative,noop,1.0,1.0,0.0,1.0,1.0,1.0,True,82,60,3.75,0,1.75
creat-021,creative,random_deletion,0.7,0.7333,0.2667,0.7814,0.6492,0.7537,True,82,60,3.75,0,1.75
creat-021,creative,llmlingua_qwen,0.7,1.0,0.0,1.0,1.0,1.0,True,82,60,3.75,0,1.75
creat-021,creative,llmlingua2,0.7,0.6333,0.3667,0.8113,0.6469,0.7525,True,82,60,3.75,0,1.75
creat-021,creative,random_deletion,0.5,0.5,0.5,0.7121,0.5951,0.7217,False,82,60,3.75,0,1.75
creat-021,creative,llmlingua_qwen,0.5,1.0,0.0,1.0,1.0,1.0,True,82,60,3.75,0,1.75
creat-021,creative,llmlingua2,0.5,0.4667,0.5333,0.7112,0.6447,0.7402,True,82,60,3.75,0,1.75
creat-021,creative,random_deletion,0.3,0.35,0.65,0.6694,0.5692,0.7029,True,82,60,3.75,0,1.75
creat-021,creative,llmlingua_qwen,0.3,1.0,0.0,1.0,1.0,1.0,True,82,60,3.75,0,1.75
creat-021,creative,llmlingua2,0.3,0.2833,0.7167,0.6052,0.4326,0.6763,True,82,60,3.75,0,1.75
creat-022,creative,noop,1.0,1.0,0.0,1.0,1.0,1.0,True,79,55,3.9286,0,2.0714
creat-022,creative,random_deletion,0.7,0.7273,0.2727,0.8939,0.5913,0.7167,False,79,55,3.9286,0,2.0714
creat-022,creative,llmlingua_qwen,0.7,1.0,0.0,1.0,1.0,1.0,True,79,55,3.9286,0,2.0714
creat-022,creative,llmlingua2,0.7,0.6545,0.3455,0.8043,0.699,0.7672,True,79,55,3.9286,0,2.0714
creat-022,creative,random_deletion,0.5,0.4727,0.5273,0.7217,0.6212,0.7282,False,79,55,3.9286,0,2.0714
creat-022,creative,llmlingua_qwen,0.5,1.0,0.0,1.0,1.0,1.0,True,79,55,3.9286,0,2.0714
creat-022,creative,llmlingua2,0.5,0.4182,0.5818,0.6964,0.6183,0.6913,False,79,55,3.9286,0,2.0714
creat-022,creative,random_deletion,0.3,0.2545,0.7455,0.6431,0.5305,0.657,True,79,55,3.9286,0,2.0714
creat-022,creative,llmlingua_qwen,0.3,1.0,0.0,1.0,1.0,1.0,True,79,55,3.9286,0,2.0714
creat-022,creative,llmlingua2,0.3,0.2909,0.7091,0.595,0.636,0.6953,True,79,55,3.9286,0,2.0714
creat-023,creative,noop,1.0,1.0,0.0,1.0,1.0,1.0,True,78,59,3.9333,1,1.8
creat-023,creative,random_deletion,0.7,0.678,0.322,0.7509,0.6999,0.7788,True,78,59,3.9333,1,1.8
creat-023,creative,llmlingua_qwen,0.7,1.0,0.0,1.0,1.0,1.0,True,78,59,3.9333,1,1.8
creat-023,creative,llmlingua2,0.7,0.6102,0.3898,0.8659,0.6514,0.7614,False,78,59,3.9333,1,1.8
creat-023,creative,random_deletion,0.5,0.5085,0.4915,0.8252,0.5222,0.7042,False,78,59,3.9333,1,1.8
creat-023,creative,llmlingua_qwen,0.5,1.0,0.0,1.0,1.0,1.0,True,78,59,3.9333,1,1.8
creat-023,creative,llmlingua2,0.5,0.4576,0.5424,0.6197,0.6581,0.7487,True,78,59,3.9333,1,1.8
creat-023,creative,random_deletion,0.3,0.2881,0.7119,0.647,0.6242,0.729,True,78,59,3.9333,1,1.8
creat-023,creative,llmlingua_qwen,0.3,1.0,0.0,1.0,1.0,1.0,True,78,59,3.9333,1,1.8
creat-023,creative,llmlingua2,0.3,0.2712,0.7288,0.5883,0.5941,0.7138,True,78,59,3.9333,1,1.8
creat-024,creative,noop,1.0,1.0,0.0,1.0,1.0,1.0,True,71,54,3.6,0,1.6
creat-024,creative,random_deletion,0.7,0.6667,0.3333,0.8495,0.6548,0.7256,True,71,54,3.6,0,1.6
creat-024,creative,llmlingua_qwen,0.7,1.0,0.0,1.0,1.0,1.0,True,71,54,3.6,0,1.6
creat-024,creative,llmlingua2,0.7,0.7037,0.2963,0.7457,0.5187,0.7264,False,71,54,3.6,0,1.6
creat-024,creative,random_deletion,0.5,0.6111,0.3889,0.7413,0.6192,0.7018,True,71,54,3.6,0,1.6
creat-024,creative,llmlingua_qwen,0.5,1.0,0.0,1.0,1.0,1.0,True,71,54,3.6,0,1.6
creat-024,creative,llmlingua2,0.5,0.4815,0.5185,0.5647,0.6115,0.6795,True,71,54,3.6,0,1.6
creat-024,creative,random_deletion,0.3,0.2407,0.7593,0.5396,0.4503,0.6862,True,71,54,3.6,0,1.6
creat-024,creative,llmlingua_qwen,0.3,1.0,0.0,1.0,1.0,1.0,True,71,54,3.6,0,1.6
creat-024,creative,llmlingua2,0.3,0.3148,0.6852,0.5217,0.4778,0.6553,True,71,54,3.6,0,1.6
creat-025,creative,noop,1.0,1.0,0.0,1.0,1.0,1.0,True,77,54,3.8571,0,2.0
creat-025,creative,random_deletion,0.7,0.7407,0.2593,0.8504,0.4969,0.6399,False,77,54,3.8571,0,2.0
creat-025,creative,llmlingua_qwen,0.7,1.0,0.0,1.0,1.0,1.0,True,77,54,3.8571,0,2.0
creat-025,creative,llmlingua2,0.7,0.7407,0.2593,0.818,0.6353,0.754,True,77,54,3.8571,0,2.0
creat-025,creative,random_deletion,0.5,0.5741,0.4259,0.7137,0.5821,0.6865,False,77,54,3.8571,0,2.0
creat-025,creative,llmlingua_qwen,0.5,1.0,0.0,1.0,1.0,1.0,True,77,54,3.8571,0,2.0
creat-025,creative,llmlingua2,0.5,0.4259,0.5741,0.6148,0.585,0.7097,True,77,54,3.8571,0,2.0
creat-025,creative,random_deletion,0.3,0.2037,0.7963,0.5107,0.4585,0.6332,True,77,54,3.8571,0,2.0
creat-025,creative,llmlingua_qwen,0.3,1.0,0.0,1.0,1.0,1.0,True,77,54,3.8571,0,2.0
creat-025,creative,llmlingua2,0.3,0.2407,0.7593,0.5625,0.4257,0.618,False,77,54,3.8571,0,2.0
creat-026,creative,noop,1.0,1.0,0.0,1.0,1.0,1.0,True,72,53,3.7857,0,1.7857
creat-026,creative,random_deletion,0.7,0.7925,0.2075,0.8229,0.8194,0.7694,False,72,53,3.7857,0,1.7857
creat-026,creative,llmlingua_qwen,0.7,1.0,0.0,1.0,1.0,1.0,True,72,53,3.7857,0,1.7857
creat-026,creative,llmlingua2,0.7,0.6792,0.3208,0.7792,0.8255,0.7148,True,72,53,3.7857,0,1.7857
creat-026,creative,random_deletion,0.5,0.4717,0.5283,0.7171,0.5787,0.713,False,72,53,3.7857,0,1.7857
creat-026,creative,llmlingua_qwen,0.5,1.0,0.0,1.0,1.0,1.0,True,72,53,3.7857,0,1.7857
creat-026,creative,llmlingua2,0.5,0.4528,0.5472,0.6421,0.5668,0.7081,False,72,53,3.7857,0,1.7857
creat-026,creative,random_deletion,0.3,0.283,0.717,0.5958,0.4345,0.6171,True,72,53,3.7857,0,1.7857
creat-026,creative,llmlingua_qwen,0.3,1.0,0.0,1.0,1.0,1.0,True,72,53,3.7857,0,1.7857
creat-026,creative,llmlingua2,0.3,0.3019,0.6981,0.5837,0.6062,0.7323,True,72,53,3.7857,0,1.7857
creat-027,creative,noop,1.0,1.0,0.0,1.0,1.0,1.0,True,67,54,3.8571,0,1.3571
creat-027,creative,random_deletion,0.7,0.6852,0.3148,0.8135,0.4929,0.6716,False,67,54,3.8571,0,1.3571
creat-027,creative,llmlingua_qwen,0.7,1.0,0.0,1.0,1.0,1.0,True,67,54,3.8571,0,1.3571
creat-027,creative,llmlingua2,0.7,0.6667,0.3333,0.7278,0.6082,0.7228,True,67,54,3.8571,0,1.3571
creat-027,creative,random_deletion,0.5,0.4815,0.5185,0.6939,0.3525,0.6402,False,67,54,3.8571,0,1.3571
creat-027,creative,llmlingua_qwen,0.5,1.0,0.0,1.0,1.0,1.0,True,67,54,3.8571,0,1.3571
creat-027,creative,llmlingua2,0.5,0.463,0.537,0.6616,0.5936,0.7024,True,67,54,3.8571,0,1.3571
creat-027,creative,random_deletion,0.3,0.3519,0.6481,0.6193,0.5131,0.6561,False,67,54,3.8571,0,1.3571
creat-027,creative,llmlingua_qwen,0.3,1.0,0.0,1.0,1.0,1.0,True,67,54,3.8571,0,1.3571
creat-027,creative,llmlingua2,0.3,0.2593,0.7407,0.5503,0.5498,0.6971,True,67,54,3.8571,0,1.3571
creat-028,creative,noop,1.0,1.0,0.0,1.0,1.0,1.0,True,72,55,3.9286,0,1.7143
creat-028,creative,random_deletion,0.7,0.7455,0.2545,0.8585,0.6138,0.706,True,72,55,3.9286,0,1.7143
creat-028,creative,llmlingua_qwen,0.7,1.0,0.0,1.0,1.0,1.0,True,72,55,3.9286,0,1.7143
creat-028,creative,llmlingua2,0.7,0.6727,0.3273,0.7134,0.5835,0.7148,True,72,55,3.9286,0,1.7143
creat-028,creative,random_deletion,0.5,0.3455,0.6545,0.6262,0.5217,0.6471,False,72,55,3.9286,0,1.7143
creat-028,creative,llmlingua_qwen,0.5,1.0,0.0,1.0,1.0,1.0,True,72,55,3.9286,0,1.7143
creat-028,creative,llmlingua2,0.5,0.4182,0.5818,0.6008,0.4701,0.6218,False,72,55,3.9286,0,1.7143
creat-028,creative,random_deletion,0.3,0.2909,0.7091,0.6117,0.5472,0.6981,True,72,55,3.9286,0,1.7143
creat-028,creative,llmlingua_qwen,0.3,1.0,0.0,1.0,1.0,1.0,True,72,55,3.9286,0,1.7143
creat-028,creative,llmlingua2,0.3,0.2545,0.7455,0.5791,0.4678,0.604,True,72,55,3.9286,0,1.7143
creat-029,creative,noop,1.0,1.0,0.0,1.0,1.0,1.0,True,85,66,4.4,0,1.9333
creat-029,creative,random_deletion,0.7,0.6515,0.3485,0.8543,0.6331,0.7354,True,85,66,4.4,0,1.9333
creat-029,creative,llmlingua_qwen,0.7,1.0,0.0,1.0,1.0,1.0,True,85,66,4.4,0,1.9333
creat-029,creative,llmlingua2,0.7,0.697,0.303,0.7926,0.6636,0.7735,True,85,66,4.4,0,1.9333
creat-029,creative,random_deletion,0.5,0.5758,0.4242,0.8049,0.4543,0.647,False,85,66,4.4,0,1.9333
creat-029,creative,llmlingua_qwen,0.5,1.0,0.0,1.0,1.0,1.0,True,85,66,4.4,0,1.9333
creat-029,creative,llmlingua2,0.5,0.4242,0.5758,0.6144,0.4745,0.6622,False,85,66,4.4,0,1.9333
creat-029,creative,random_deletion,0.3,0.1667,0.8333,0.5879,0.4439,0.6603,True,85,66,4.4,0,1.9333
creat-029,creative,llmlingua_qwen,0.3,1.0,0.0,1.0,1.0,1.0,True,85,66,4.4,0,1.9333
creat-029,creative,llmlingua2,0.3,0.2273,0.7727,0.556,0.5652,0.704,True,85,66,4.4,0,1.9333
creat-030,creative,noop,1.0,1.0,0.0,1.0,1.0,1.0,True,78,58,4.1429,0,1.9286
creat-030,creative,random_deletion,0.7,0.7241,0.2759,0.8755,0.593,0.7136,False,78,58,4.1429,0,1.9286
creat-030,creative,llmlingua_qwen,0.7,1.0,0.0,1.0,1.0,1.0,True,78,58,4.1429,0,1.9286
creat-030,creative,llmlingua2,0.7,0.6897,0.3103,0.795,0.6245,0.7368,True,78,58,4.1429,0,1.9286
creat-030,creative,random_deletion,0.5,0.5517,0.4483,0.6731,0.5224,0.658,False,78,58,4.1429,0,1.9286
creat-030,creative,llmlingua_qwen,0.5,1.0,0.0,1.0,1.0,1.0,True,78,58,4.1429,0,1.9286
creat-030,creative,llmlingua2,0.5,0.4138,0.5862,0.69,0.5928,0.7129,True,78,58,4.1429,0,1.9286
creat-030,creative,random_deletion,0.3,0.2931,0.7069,0.6324,0.4948,0.6715,False,78,58,4.1429,0,1.9286
creat-030,creative,llmlingua_qwen,0.3,1.0,0.0,1.0,1.0,1.0,True,78,58,4.1429,0,1.9286
creat-030,creative,llmlingua2,0.3,0.2414,0.7586,0.6089,0.5661,0.7064,True,78,58,4.1429,0,1.9286
creat-031,creative,noop,1.0,1.0,0.0,1.0,1.0,1.0,True,95,68,4.0,0,1.5294
creat-031,creative,random_deletion,0.7,0.6912,0.3088,0.8434,0.6343,0.7246,False,95,68,4.0,0,1.5294
creat-031,creative,llmlingua_qwen,0.7,1.0,0.0,1.0,1.0,1.0,True,95,68,4.0,0,1.5294
creat-031,creative,llmlingua2,0.7,0.6471,0.3529,0.8004,0.6878,0.7835,True,95,68,4.0,0,1.5294
creat-031,creative,random_deletion,0.5,0.4706,0.5294,0.6547,0.6147,0.739,False,95,68,4.0,0,1.5294
creat-031,creative,llmlingua_qwen,0.5,1.0,0.0,1.0,1.0,1.0,True,95,68,4.0,0,1.5294
creat-031,creative,llmlingua2,0.5,0.4706,0.5294,0.6763,0.6503,0.7266,True,95,68,4.0,0,1.5294
creat-031,creative,random_deletion,0.3,0.25,0.75,0.6455,0.62,0.6904,True,95,68,4.0,0,1.5294
creat-031,creative,llmlingua_qwen,0.3,1.0,0.0,1.0,1.0,1.0,True,95,68,4.0,0,1.5294
creat-031,creative,llmlingua2,0.3,0.2941,0.7059,0.5523,0.6096,0.697,False,95,68,4.0,0,1.5294
creat-032,creative,noop,1.0,1.0,0.0,1.0,1.0,1.0,True,73,53,3.7857,0,1.8571
creat-032,creative,random_deletion,0.7,0.6792,0.3208,0.7636,0.5837,0.69,False,73,53,3.7857,0,1.8571
creat-032,creative,llmlingua_qwen,0.7,1.0,0.0,1.0,1.0,1.0,True,73,53,3.7857,0,1.8571
creat-032,creative,llmlingua2,0.7,0.6604,0.3396,0.7802,0.5775,0.689,False,73,53,3.7857,0,1.8571
creat-032,creative,random_deletion,0.5,0.4528,0.5472,0.6799,0.6157,0.6992,True,73,53,3.7857,0,1.8571
creat-032,creative,llmlingua_qwen,0.5,1.0,0.0,1.0,1.0,1.0,True,73,53,3.7857,0,1.8571
creat-032,creative,llmlingua2,0.5,0.4906,0.5094,0.6603,0.5484,0.6789,False,73,53,3.7857,0,1.8571
creat-032,creative,random_deletion,0.3,0.2642,0.7358,0.5675,0.6138,0.7011,True,73,53,3.7857,0,1.8571
creat-032,creative,llmlingua_qwen,0.3,1.0,0.0,1.0,1.0,1.0,True,73,53,3.7857,0,1.8571
creat-032,creative,llmlingua2,0.3,0.3019,0.6981,0.5734,0.6132,0.7167,False,73,53,3.7857,0,1.8571
creat-033,creative,noop,1.0,1.0,0.0,1.0,1.0,1.0,True,65,49,3.7692,0,1.6154
creat-033,creative,random_deletion,0.7,0.6531,0.3469,0.8517,0.6304,0.729,True,65,49,3.7692,0,1.6154
creat-033,creative,llmlingua_qwen,0.7,1.0,0.0,1.0,1.0,1.0,True,65,49,3.7692,0,1.6154
creat-033,creative,llmlingua2,0.7,0.6735,0.3265,0.8022,0.6686,0.7754,True,65,49,3.7692,0,1.6154
creat-033,creative,random_deletion,0.5,0.4898,0.5102,0.7863,0.5749,0.6742,True,65,49,3.7692,0,1.6154
creat-033,creative,llmlingua_qwen,0.5,1.0,0.0,1.0,1.0,1.0,True,65,49,3.7692,0,1.6154
creat-033,creative,llmlingua2,0.5,0.4286,0.5714,0.68,0.4939,0.7054,False,65,49,3.7692,0,1.6154
creat-033,creative,random_deletion,0.3,0.3265,0.6735,0.6391,0.459,0.6442,False,65,49,3.7692,0,1.6154
creat-033,creative,llmlingua_qwen,0.3,1.0,0.0,1.0,1.0,1.0,True,65,49,3.7692,0,1.6154
creat-033,creative,llmlingua2,0.3,0.2449,0.7551,0.5939,0.5204,0.71,True,65,49,3.7692,0,1.6154
creat-034,creative,noop,1.0,1.0,0.0,1.0,1.0,1.0,True,71,57,4.3846,0,2.0
creat-034,creative,random_deletion,0.7,0.7193,0.2807,0.8443,0.7226,0.7879,True,71,57,4.3846,0,2.0
creat-034,creative,llmlingua_qwen,0.7,1.0,0.0,1.0,1.0,1.0,True,71,57,4.3846,0,2.0
creat-034,creative,llmlingua2,0.7,0.6491,0.3509,0.7601,0.6913,0.7575,True,71,57,4.3846,0,2.0
creat-034,creative,random_deletion,0.5,0.5088,0.4912,0.6987,0.5791,0.6789,False,71,57,4.3846,0,2.0
creat-034,creative,llmlingua_qwen,0.5,1.0,0.0,1.0,1.0,1.0,True,71,57,4.3846,0,2.0
creat-034,creative,llmlingua2,0.5,0.4737,0.5263,0.6883,0.6536,0.731,True,71,57,4.3846,0,2.0
creat-034,creative,random_deletion,0.3,0.3333,0.6667,0.6702,0.5551,0.6708,False,71,57,4.3846,0,2.0
creat-034,creative,llmlingua_qwen,0.3,1.0,0.0,1.0,1.0,1.0,True,71,57,4.3846,0,2.0
creat-034,creative,llmlingua2,0.3,0.2807,0.7193,0.5392,0.5721,0.6885,True,71,57,4.3846,0,2.0
creat-035,creative,noop,1.0,1.0,0.0,1.0,1.0,1.0,True,86,69,4.0588,0,1.5294
creat-035,creative,random_deletion,0.7,0.7681,0.2319,0.8305,0.6196,0.7222,False,86,69,4.0588,0,1.5294
creat-035,creative,llmlingua_qwen,0.7,1.0,0.0,1.0,1.0,1.0,True,86,69,4.0588,0,1.5294
creat-035,creative,llmlingua2,0.7,0.6232,0.3768,0.8001,0.694,0.78,True,86,69,4.0588,0,1.5294
creat-035,creative,random_deletion,0.5,0.4638,0.5362,0.7585,0.5967,0.7117,False,86,69,4.0588,0,1.5294
creat-035,creative,llmlingua_qwen,0.5,1.0,0.0,1.0,1.0,1.0,True,86,69,4.0588,0,1.5294
creat-035,creative,llmlingua2,0.5,0.4493,0.5507,0.6416,0.6806,0.7564,True,86,69,4.0588,0,1.5294
creat-035,creative,random_deletion,0.3,0.2609,0.7391,0.5334,0.5844,0.6971,True,86,69,4.0588,0,1.5294
creat-035,creative,llmlingua_qwen,0.3,1.0,0.0,1.0,1.0,1.0,True,86,69,4.0588,0,1.5294
creat-035,creative,llmlingua2,0.3,0.2609,0.7391,0.4444,0.4632,0.6345,False,86,69,4.0588,0,1.5294
creat-036,creative,noop,1.0,1.0,0.0,1.0,1.0,1.0,True,75,55,4.2308,0,1.8462
creat-036,creative,random_deletion,0.7,0.6909,0.3091,0.775,0.7133,0.8036,True,75,55,4.2308,0,1.8462
creat-036,creative,llmlingua_qwen,0.7,1.0,0.0,1.0,1.0,1.0,True,75,55,4.2308,0,1.8462
creat-036,creative,llmlingua2,0.7,0.6909,0.3091,0.8345,0.6576,0.7299,False,75,55,4.2308,0,1.8462
creat-036,creative,random_deletion,0.5,0.4,0.6,0.7228,0.6278,0.7505,True,75,55,4.2308,0,1.8462
creat-036,creative,llmlingua_qwen,0.5,1.0,0.0,1.0,1.0,1.0,True,75,55,4.2308,0,1.8462
creat-036,creative,llmlingua2,0.5,0.4727,0.5273,0.7058,0.6383,0.7123,True,75,55,4.2308,0,1.8462
creat-036,creative,random_deletion,0.3,0.2727,0.7273,0.5875,0.4755,0.6743,False,75,55,4.2308,0,1.8462
creat-036,creative,llmlingua_qwen,0.3,1.0,0.0,1.0,1.0,1.0,True,75,55,4.2308,0,1.8462
creat-036,creative,llmlingua2,0.3,0.2182,0.7818,0.6319,0.6048,0.7512,True,75,55,4.2308,0,1.8462
creat-037,creative,noop,1.0,1.0,0.0,1.0,1.0,1.0,True,83,61,4.0667,0,2.0
creat-037,creative,random_deletion,0.7,0.6885,0.3115,0.8467,0.652,0.7281,False,83,61,4.0667,0,2.0
creat-037,creative,llmlingua_qwen,0.7,1.0,0.0,1.0,1.0,1.0,True,83,61,4.0667,0,2.0
creat-037,creative,llmlingua2,0.7,0.6557,0.3443,0.7647,0.6903,0.7604,True,83,61,4.0667,0,2.0
creat-037,creative,random_deletion,0.5,0.5246,0.4754,0.7329,0.5702,0.6905,False,83,61,4.0667,0,2.0
creat-037,creative,llmlingua_qwen,0.5,1.0,0.0,1.0,1.0,1.0,True,83,61,4.0667,0,2.0
creat-037,creative,llmlingua2,0.5,0.4754,0.5246,0.6174,0.6493,0.7206,True,83,61,4.0667,0,2.0
creat-037,creative,random_deletion,0.3,0.2623,0.7377,0.5636,0.4919,0.6609,True,83,61,4.0667,0,2.0
creat-037,creative,llmlingua_qwen,0.3,1.0,0.0,1.0,1.0,1.0,True,83,61,4.0667,0,2.0
creat-037,creative,llmlingua2,0.3,0.2787,0.7213,0.5783,0.6046,0.6993,True,83,61,4.0667,0,2.0
creat-038,creative,noop,1.0,1.0,0.0,1.0,1.0,1.0,True,92,64,4.0,0,1.875
creat-038,creative,random_deletion,0.7,0.625,0.375,0.7134,0.6108,0.6811,False,92,64,4.0,0,1.875
creat-038,creative,llmlingua_qwen,0.7,1.0,0.0,1.0,1.0,1.0,True,92,64,4.0,0,1.875
creat-038,creative,llmlingua2,0.7,0.7031,0.2969,0.79,0.6518,0.7529,True,92,64,4.0,0,1.875
creat-038,creative,random_deletion,0.5,0.4062,0.5938,0.6194,0.6161,0.6848,True,92,64,4.0,0,1.875
creat-038,creative,llmlingua_qwen,0.5,1.0,0.0,1.0,1.0,1.0,True,92,64,4.0,0,1.875
creat-038,creative,llmlingua2,0.5,0.4688,0.5312,0.6922,0.5281,0.6877,False,92,64,4.0,0,1.875
creat-038,creative,random_deletion,0.3,0.3438,0.6562,0.6788,0.5976,0.6776,True,92,64,4.0,0,1.875
creat-038,creative,llmlingua_qwen,0.3,1.0,0.0,1.0,1.0,1.0,True,92,64,4.0,0,1.875
creat-038,creative,llmlingua2,0.3,0.2812,0.7188,0.5773,0.5825,0.7142,True,92,64,4.0,0,1.875
creat-039,creative,noop,1.0,1.0,0.0,1.0,1.0,1.0,True,84,62,4.1333,0,1.8
creat-039,creative,random_deletion,0.7,0.6935,0.3065,0.7929,0.6734,0.7206,False,84,62,4.1333,0,1.8
creat-039,creative,llmlingua_qwen,0.7,1.0,0.0,1.0,1.0,1.0,True,84,62,4.1333,0,1.8
creat-039,creative,llmlingua2,0.7,0.6935,0.3065,0.8206,0.706,0.7817,True,84,62,4.1333,0,1.8
creat-039,creative,random_deletion,0.5,0.5323,0.4677,0.675,0.6823,0.731,True,84,62,4.1333,0,1.8
creat-039,creative,llmlingua_qwen,0.5,1.0,0.0,1.0,1.0,1.0,True,84,62,4.1333,0,1.8
creat-039,creative,llmlingua2,0.5,0.4516,0.5484,0.6698,0.5305,0.6519,True,84,62,4.1333,0,1.8
creat-039,creative,random_deletion,0.3,0.3065,0.6935,0.5011,0.5071,0.6254,True,84,62,4.1333,0,1.8
creat-039,creative,llmlingua_qwen,0.3,1.0,0.0,1.0,1.0,1.0,True,84,62,4.1333,0,1.8
creat-039,creative,llmlingua2,0.3,0.2742,0.7258,0.5548,0.4609,0.6334,True,84,62,4.1333,0,1.8
creat-040,creative,noop,1.0,1.0,0.0,1.0,1.0,1.0,True,80,60,4.2857,0,1.6429
creat-040,creative,random_deletion,0.7,0.7167,0.2833,0.8998,0.6413,0.7466,False,80,60,4.2857,0,1.6429
creat-040,creative,llmlingua_qwen,0.7,1.0,0.0,1.0,1.0,1.0,True,80,60,4.2857,0,1.6429
creat-040,creative,llmlingua2,0.7,0.6,0.4,0.7383,0.6829,0.7718,True,80,60,4.2857,0,1.6429
creat-040,creative,random_deletion,0.5,0.4167,0.5833,0.6438,0.507,0.6475,True,80,60,4.2857,0,1.6429
creat-040,creative,llmlingua_qwen,0.5,1.0,0.0,1.0,1.0,1.0,True,80,60,4.2857,0,1.6429
creat-040,creative,llmlingua2,0.5,0.45,0.55,0.6698,0.6804,0.7286,True,80,60,4.2857,0,1.6429
creat-040,creative,random_deletion,0.3,0.1833,0.8167,0.5125,0.4849,0.6176,True,80,60,4.2857,0,1.6429
creat-040,creative,llmlingua_qwen,0.3,1.0,0.0,1.0,1.0,1.0,True,80,60,4.2857,0,1.6429
creat-040,creative,llmlingua2,0.3,0.2667,0.7333,0.5697,0.4904,0.641,True,80,60,4.2857,0,1.6429
creat-041,creative,noop,1.0,1.0,0.0,1.0,1.0,1.0,True,87,63,4.5,0,2.2857
creat-041,creative,random_deletion,0.7,0.6984,0.3016,0.7993,0.6761,0.7638,False,87,63,4.5,0,2.2857
creat-041,creative,llmlingua_qwen,0.7,1.0,0.0,1.0,1.0,1.0,True,87,63,4.5,0,2.2857
creat-041,creative,llmlingua2,0.7,0.6508,0.3492,0.6982,0.5972,0.7166,False,87,63,4.5,0,2.2857
creat-041,creative,random_deletion,0.5,0.5714,0.4286,0.7638,0.7135,0.7777,True,87,63,4.5,0,2.2857
creat-041,creative,llmlingua_qwen,0.5,1.0,0.0,1.0,1.0,1.0,True,87,63,4.5,0,2.2857
creat-041,creative,llmlingua2,0.5,0.4762,0.5238,0.6207,0.6471,0.7407,True,87,63,4.5,0,2.2857
creat-041,creative,random_deletion,0.3,0.3016,0.6984,0.5944,0.6384,0.7292,True,87,63,4.5,0,2.2857
creat-041,creative,llmlingua_qwen,0.3,1.0,0.0,1.0,1.0,1.0,True,87,63,4.5,0,2.2857
creat-041,creative,llmlingua2,0.3,0.2857,0.7143,0.5018,0.6095,0.7147,True,87,63,4.5,0,2.2857
creat-042,creative,noop,1.0,1.0,0.0,1.0,1.0,1.0,True,71,59,4.9167,0,2.0833
creat-042,creative,random_deletion,0.7,0.6441,0.3559,0.8481,0.5984,0.7102,True,71,59,4.9167,0,2.0833
creat-042,creative,llmlingua_qwen,0.7,1.0,0.0,1.0,1.0,1.0,True,71,59,4.9167,0,2.0833
creat-042,creative,llmlingua2,0.7,0.6949,0.3051,0.7852,0.6117,0.7114,True,71,59,4.9167,0,2.0833
creat-042,creative,random_deletion,0.5,0.5254,0.4746,0.7299,0.5021,0.6184,False,71,59,4.9167,0,2.0833
creat-042,creative,llmlingua_qwen,0.5,1.0,0.0,1.0,1.0,1.0,True,71,59,4.9167,0,2.0833
creat-042,creative,llmlingua2,0.5,0.3729,0.6271,0.5834,0.4894,0.607,False,71,59,4.9167,0,2.0833
creat-042,creative,random_deletion,0.3,0.339,0.661,0.6113,0.5497,0.6356,True,71,59,4.9167,0,2.0833
creat-042,creative,llmlingua_qwen,0.3,1.0,0.0,1.0,1.0,1.0,True,71,59,4.9167,0,2.0833
creat-042,creative,llmlingua2,0.3,0.2203,0.7797,0.5448,0.4742,0.605,True,71,59,4.9167,0,2.0833
creat-043,creative,noop,1.0,1.0,0.0,1.0,1.0,1.0,True,99,69,4.3125,0,2.3125
creat-043,creative,random_deletion,0.7,0.6957,0.3043,0.7855,0.7139,0.7859,False,99,69,4.3125,0,2.3125
creat-043,creative,llmlingua_qwen,0.7,1.0,0.0,1.0,1.0,1.0,True,99,69,4.3125,0,2.3125
creat-043,creative,llmlingua2,0.7,0.6377,0.3623,0.7629,0.7023,0.7812,False,99,69,4.3125,0,2.3125
creat-043,creative,random_deletion,0.5,0.4638,0.5362,0.6858,0.726,0.807,True,99,69,4.3125,0,2.3125
creat-043,creative,llmlingua_qwen,0.5,1.0,0.0,1.0,1.0,1.0,True,99,69,4.3125,0,2.3125
creat-043,creative,llmlingua2,0.5,0.4348,0.5652,0.6716,0.693,0.7791,True,99,69,4.3125,0,2.3125
creat-043,creative,random_deletion,0.3,0.3768,0.6232,0.691,0.5746,0.6827,False,99,69,4.3125,0,2.3125
creat-043,creative,llmlingua_qwen,0.3,1.0,0.0,1.0,1.0,1.0,True,99,69,4.3125,0,2.3125
creat-043,creative,llmlingua2,0.3,0.2464,0.7536,0.5716,0.5872,0.6796,True,99,69,4.3125,0,2.3125
creat-044,creative,noop,1.0,1.0,0.0,1.0,1.0,1.0,True,75,55,4.2308,0,1.9231
creat-044,creative,random_deletion,0.7,0.6909,0.3091,0.8168,0.7233,0.788,True,75,55,4.2308,0,1.9231
creat-044,creative,llmlingua_qwen,0.7,1.0,0.0,1.0,1.0,1.0,True,75,55,4.2308,0,1.9231
creat-044,creative,llmlingua2,0.7,0.6364,0.3636,0.7014,0.577,0.6917,False,75,55,4.2308,0,1.9231
creat-044,creative,random_deletion,0.5,0.4727,0.5273,0.62,0.663,0.7538,True,75,55,4.2308,0,1.9231
creat-044,creative,llmlingua_qwen,0.5,1.0,0.0,1.0,1.0,1.0,True,75,55,4.2308,0,1.9231
creat-044,creative,llmlingua2,0.5,0.4909,0.5091,0.6528,0.5736,0.6989,False,75,55,4.2308,0,1.9231
creat-044,creative,random_deletion,0.3,0.2364,0.7636,0.545,0.5079,0.6304,True,75,55,4.2308,0,1.9231
creat-044,creative,llmlingua_qwen,0.3,1.0,0.0,1.0,1.0,1.0,True,75,55,4.2308,0,1.9231
creat-044,creative,llmlingua2,0.3,0.2909,0.7091,0.5771,0.5835,0.7069,True,75,55,4.2308,0,1.9231
creat-045,creative,noop,1.0,1.0,0.0,1.0,1.0,1.0,True,79,55,3.9286,0,1.9286
creat-045,creative,random_deletion,0.7,0.6727,0.3273,0.7924,0.7099,0.7881,False,79,55,3.9286,0,1.9286
creat-045,creative,llmlingua_qwen,0.7,1.0,0.0,1.0,1.0,1.0,True,79,55,3.9286,0,1.9286
creat-045,creative,llmlingua2,0.7,0.7091,0.2909,0.7371,0.7385,0.8098,False,79,55,3.9286,0,1.9286
creat-045,creative,random_deletion,0.5,0.4909,0.5091,0.7146,0.7043,0.7902,False,79,55,3.9286,0,1.9286
creat-045,creative,llmlingua_qwen,0.5,1.0,0.0,1.0,1.0,1.0,True,79,55,3.9286,0,1.9286
creat-045,creative,llmlingua2,0.5,0.4909,0.5091,0.6708,0.743,0.8151,True,79,55,3.9286,0,1.9286
creat-045,creative,random_deletion,0.3,0.2727,0.7273,0.5728,0.4504,0.6214,True,79,55,3.9286,0,1.9286
creat-045,creative,llmlingua_qwen,0.3,1.0,0.0,1.0,1.0,1.0,True,79,55,3.9286,0,1.9286
creat-045,creative,llmlingua2,0.3,0.3091,0.6909,0.6133,0.698,0.7878,True,79,55,3.9286,0,1.9286
creat-046,creative,noop,1.0,1.0,0.0,1.0,1.0,1.0,True,90,66,4.125,0,1.75
creat-046,creative,random_deletion,0.7,0.6667,0.3333,0.8135,0.5606,0.7035,False,90,66,4.125,0,1.75
creat-046,creative,llmlingua_qwen,0.7,1.0,0.0,1.0,1.0,1.0,True,90,66,4.125,0,1.75
creat-046,creative,llmlingua2,0.7,0.6667,0.3333,0.7494,0.6591,0.7724,False,90,66,4.125,0,1.75
creat-046,creative,random_deletion,0.5,0.5152,0.4848,0.7444,0.6271,0.7379,False,90,66,4.125,0,1.75
creat-046,creative,llmlingua_qwen,0.5,1.0,0.0,1.0,1.0,1.0,True,90,66,4.125,0,1.75
creat-046,creative,llmlingua2,0.5,0.4848,0.5152,0.6537,0.6553,0.7672,False,90,66,4.125,0,1.75
creat-046,creative,random_deletion,0.3,0.3636,0.6364,0.5846,0.6717,0.7393,True,90,66,4.125,0,1.75
creat-046,creative,llmlingua_qwen,0.3,1.0,0.0,1.0,1.0,1.0,True,90,66,4.125,0,1.75
creat-046,creative,llmlingua2,0.3,0.2879,0.7121,0.5866,0.578,0.7112,True,90,66,4.125,0,1.75
creat-047,creative,noop,1.0,1.0,0.0,1.0,1.0,1.0,True,86,61,4.0667,0,1.7333
creat-047,creative,random_deletion,0.7,0.6885,0.3115,0.8056,0.7053,0.8092,False,86,61,4.0667,0,1.7333
creat-047,creative,llmlingua_qwen,0.7,1.0,0.0,1.0,1.0,1.0,True,86,61,4.0667,0,1.7333
creat-047,creative,llmlingua2,0.7,0.6885,0.3115,0.7481,0.7061,0.7829,True,86,61,4.0667,0,1.7333
creat-047,creative,random_deletion,0.5,0.541,0.459,0.7093,0.6972,0.8082,True,86,61,4.0667,0,1.7333
creat-047,creative,llmlingua_qwen,0.5,1.0,0.0,1.0,1.0,1.0,True,86,61,4.0667,0,1.7333
creat-047,creative,llmlingua2,0.5,0.4426,0.5574,0.6311,0.6948,0.7831,True,86,61,4.0667,0,1.7333
creat-047,creative,random_deletion,0.3,0.3279,0.6721,0.5785,0.6146,0.7256,True,86,61,4.0667,0,1.7333
creat-047,creative,llmlingua_qwen,0.3,1.0,0.0,1.0,1.0,1.0,True,86,61,4.0667,0,1.7333
creat-047,creative,llmlingua2,0.3,0.2131,0.7869,0.5015,0.5967,0.727,True,86,61,4.0667,0,1.7333
creat-048,creative,noop,1.0,1.0,0.0,1.0,1.0,1.0,True,82,60,4.2857,0,2.0
creat-048,creative,random_deletion,0.7,0.75,0.25,0.8046,0.6824,0.8066,False,82,60,4.2857,0,2.0
creat-048,creative,llmlingua_qwen,0.7,1.0,0.0,1.0,1.0,1.0,True,82,60,4.2857,0,2.0
creat-048,creative,llmlingua2,0.7,0.6833,0.3167,0.739,0.6925,0.8048,True,82,60,4.2857,0,2.0
creat-048,creative,random_deletion,0.5,0.45,0.55,0.67,0.6759,0.7753,True,82,60,4.2857,0,2.0
creat-048,creative,llmlingua_qwen,0.5,1.0,0.0,1.0,1.0,1.0,True,82,60,4.2857,0,2.0
creat-048,creative,llmlingua2,0.5,0.4833,0.5167,0.6122,0.6726,0.7906,False,82,60,4.2857,0,2.0
creat-048,creative,random_deletion,0.3,0.25,0.75,0.5814,0.5703,0.6664,False,82,60,4.2857,0,2.0
creat-048,creative,llmlingua_qwen,0.3,1.0,0.0,1.0,1.0,1.0,True,82,60,4.2857,0,2.0
creat-048,creative,llmlingua2,0.3,0.25,0.75,0.5708,0.6485,0.7758,True,82,60,4.2857,0,2.0
creat-049,creative,noop,1.0,1.0,0.0,1.0,1.0,1.0,True,85,61,3.8125,0,1.625
creat-049,creative,random_deletion,0.7,0.6885,0.3115,0.7866,0.6389,0.7507,False,85,61,3.8125,0,1.625
creat-049,creative,llmlingua_qwen,0.7,1.0,0.0,1.0,1.0,1.0,True,85,61,3.8125,0,1.625
creat-049,creative,llmlingua2,0.7,0.7377,0.2623,0.766,0.6384,0.7515,False,85,61,3.8125,0,1.625
creat-049,creative,random_deletion,0.5,0.5246,0.4754,0.6821,0.5745,0.6937,False,85,61,3.8125,0,1.625
creat-049,creative,llmlingua_qwen,0.5,1.0,0.0,1.0,1.0,1.0,True,85,61,3.8125,0,1.625
creat-049,creative,llmlingua2,0.5,0.5082,0.4918,0.656,0.6361,0.7497,False,85,61,3.8125,0,1.625
creat-049,creative,random_deletion,0.3,0.3607,0.6393,0.6121,0.6489,0.7019,True,85,61,3.8125,0,1.625
creat-049,creative,llmlingua_qwen,0.3,1.0,0.0,1.0,1.0,1.0,True,85,61,3.8125,0,1.625
creat-049,creative,llmlingua2,0.3,0.2623,0.7377,0.547,0.5032,0.6516,True,85,61,3.8125,0,1.625
creat-050,creative,noop,1.0,1.0,0.0,1.0,1.0,1.0,True,90,64,4.5714,0,2.4286
creat-050,creative,random_deletion,0.7,0.7188,0.2812,0.7797,0.7542,0.8134,True,90,64,4.5714,0,2.4286
creat-050,creative,llmlingua_qwen,0.7,1.0,0.0,1.0,1.0,1.0,True,90,64,4.5714,0,2.4286
creat-050,creative,llmlingua2,0.7,0.6719,0.3281,0.7594,0.7033,0.7828,True,90,64,4.5714,0,2.4286
creat-050,creative,random_deletion,0.5,0.4531,0.5469,0.6519,0.6578,0.7579,False,90,64,4.5714,0,2.4286
creat-050,creative,llmlingua_qwen,0.5,1.0,0.0,1.0,1.0,1.0,True,90,64,4.5714,0,2.4286
creat-050,creative,llmlingua2,0.5,0.4375,0.5625,0.6542,0.6772,0.7659,True,90,64,4.5714,0,2.4286
creat-050,creative,random_deletion,0.3,0.3281,0.6719,0.5765,0.5902,0.6897,False,90,64,4.5714,0,2.4286
creat-050,creative,llmlingua_qwen,0.3,1.0,0.0,1.0,1.0,1.0,True,90,64,4.5714,0,2.4286
creat-050,creative,llmlingua2,0.3,0.2812,0.7188,0.5863,0.6149,0.7234,True,90,64,4.5714,0,2.4286
creat-051,creative,noop,1.0,1.0,0.0,1.0,1.0,1.0,True,101,85,4.7222,0,1.7222
creat-051,creative,random_deletion,0.7,0.6706,0.3294,0.8014,0.724,0.7895,True,101,85,4.7222,0,1.7222
creat-051,creative,llmlingua_qwen,0.7,1.0,0.0,1.0,1.0,1.0,True,101,85,4.7222,0,1.7222
creat-051,creative,llmlingua2,0.7,0.6941,0.3059,0.7901,0.7747,0.8259,True,101,85,4.7222,0,1.7222
creat-051,creative,random_deletion,0.5,0.4824,0.5176,0.7177,0.6436,0.7376,True,101,85,4.7222,0,1.7222
creat-051,creative,llmlingua_qwen,0.5,1.0,0.0,1.0,1.0,1.0,True,101,85,4.7222,0,1.7222
creat-051,creative,llmlingua2,0.5,0.4588,0.5412,0.6277,0.593,0.723,True,101,85,4.7222,0,1.7222
creat-051,creative,random_deletion,0.3,0.2118,0.7882,0.5827,0.4473,0.6304,True,101,85,4.7222,0,1.7222
creat-051,creative,llmlingua_qwen,0.3,1.0,0.0,1.0,1.0,1.0,True,101,85,4.7222,0,1.7222
creat-051,creative,llmlingua2,0.3,0.2941,0.7059,0.5412,0.5809,0.7053,True,101,85,4.7222,0,1.7222
creat-052,creative,noop,1.0,1.0,0.0,1.0,1.0,1.0,True,99,75,4.6875,0,2.1875
creat-052,creative,random_deletion,0.7,0.72,0.28,0.8355,0.6403,0.6888,False,99,75,4.6875,0,2.1875
creat-052,creative,llmlingua_qwen,0.7,1.0,0.0,1.0,1.0,1.0,True,99,75,4.6875,0,2.1875
creat-052,creative,llmlingua2,0.7,0.6533,0.3467,0.7547,0.7153,0.7933,True,99,75,4.6875,0,2.1875
creat-052,creative,random_deletion,0.5,0.4667,0.5333,0.724,0.5932,0.6707,False,99,75,4.6875,0,2.1875
creat-052,creative,llmlingua_qwen,0.5,1.0,0.0,1.0,1.0,1.0,True,99,75,4.6875,0,2.1875
creat-052,creative,llmlingua2,0.5,0.4267,0.5733,0.659,0.6523,0.7447,True,99,75,4.6875,0,2.1875
creat-052,creative,random_deletion,0.3,0.3333,0.6667,0.6187,0.5491,0.6882,False,99,75,4.6875,0,2.1875
creat-052,creative,llmlingua_qwen,0.3,1.0,0.0,1.0,1.0,1.0,True,99,75,4.6875,0,2.1875
creat-052,creative,llmlingua2,0.3,0.2667,0.7333,0.615,0.5894,0.706,True,99,75,4.6875,0,2.1875
creat-053,creative,noop,1.0,1.0,0.0,1.0,1.0,1.0,True,103,85,4.7222,0,1.6111
creat-053,creative,random_deletion,0.7,0.7882,0.2118,0.8582,0.7503,0.8198,False,103,85,4.7222,0,1.6111
creat-053,creative,llmlingua_qwen,0.7,1.0,0.0,1.0,1.0,1.0,True,103,85,4.7222,0,1.6111
creat-053,creative,llmlingua2,0.7,0.6118,0.3882,0.7747,0.6042,0.7299,False,103,85,4.7222,0,1.6111
creat-053,creative,random_deletion,0.5,0.4588,0.5412,0.6809,0.6414,0.7458,False,103,85,4.7222,0,1.6111
creat-053,creative,llmlingua_qwen,0.5,1.0,0.0,1.0,1.0,1.0,True,103,85,4.7222,0,1.6111
creat-053,creative,llmlingua2,0.5,0.4824,0.5176,0.7177,0.751,0.8146,True,103,85,4.7222,0,1.6111
creat-053,creative,random_deletion,0.3,0.3529,0.6471,0.6295,0.7276,0.7998,True,103,85,4.7222,0,1.6111
creat-053,creative,llmlingua_qwen,0.3,1.0,0.0,1.0,1.0,1.0,True,103,85,4.7222,0,1.6111
creat-053,creative,llmlingua2,0.3,0.2471,0.7529,0.5494,0.6066,0.7108,True,103,85,4.7222,0,1.6111
creat-054,creative,noop,1.0,1.0,0.0,1.0,1.0,1.0,True,91,74,4.625,0,2.0
creat-054,creative,random_deletion,0.7,0.6757,0.3243,0.7695,0.7429,0.7638,True,91,74,4.625,0,2.0
creat-054,creative,llmlingua_qwen,0.7,1.0,0.0,1.0,1.0,1.0,True,91,74,4.625,0,2.0
creat-054,creative,llmlingua2,0.7,0.6081,0.3919,0.8073,0.6682,0.7219,False,91,74,4.625,0,2.0
creat-054,creative,random_deletion,0.5,0.4324,0.5676,0.6956,0.6498,0.7127,False,91,74,4.625,0,2.0
creat-054,creative,llmlingua_qwen,0.5,1.0,0.0,1.0,1.0,1.0,True,91,74,4.625,0,2.0
creat-054,creative,llmlingua2,0.5,0.473,0.527,0.7509,0.74,0.7544,True,91,74,4.625,0,2.0
creat-054,creative,random_deletion,0.3,0.2568,0.7432,0.6273,0.5096,0.647,False,91,74,4.625,0,2.0
creat-054,creative,llmlingua_qwen,0.3,1.0,0.0,1.0,1.0,1.0,True,91,74,4.625,0,2.0
creat-054,creative,llmlingua2,0.3,0.2297,0.7703,0.5642,0.6639,0.7321,True,91,74,4.625,0,2.0
creat-055,creative,noop,1.0,1.0,0.0,1.0,1.0,1.0,True,99,77,4.0526,0,1.4737
creat-055,creative,random_deletion,0.7,0.6753,0.3247,0.7794,0.6878,0.764,True,99,77,4.0526,0,1.4737
creat-055,creative,llmlingua_qwen,0.7,1.0,0.0,1.0,1.0,1.0,True,99,77,4.0526,0,1.4737
creat-055,creative,llmlingua2,0.7,0.6364,0.3636,0.7862,0.6315,0.74,True,99,77,4.0526,0,1.4737
creat-055,creative,random_deletion,0.5,0.5065,0.4935,0.7484,0.5656,0.6498,False,99,77,4.0526,0,1.4737
creat-055,creative,llmlingua_qwen,0.5,1.0,0.0,1.0,1.0,1.0,True,99,77,4.0526,0,1.4737
creat-055,creative,llmlingua2,0.5,0.4286,0.5714,0.6758,0.5903,0.7052,True,99,77,4.0526,0,1.4737
creat-055,creative,random_deletion,0.3,0.4026,0.5974,0.6881,0.5591,0.6986,False,99,77,4.0526,0,1.4737
creat-055,creative,llmlingua_qwen,0.3,1.0,0.0,1.0,1.0,1.0,True,99,77,4.0526,0,1.4737
creat-055,creative,llmlingua2,0.3,0.2597,0.7403,0.5877,0.5674,0.701,True,99,77,4.0526,0,1.4737
creat-056,creative,noop,1.0,1.0,0.0,1.0,1.0,1.0,True,84,69,4.9286,0,1.9286
creat-056,creative,random_deletion,0.7,0.8261,0.1739,0.8444,0.76,0.8247,False,84,69,4.9286,0,1.9286
creat-056,creative,llmlingua_qwen,0.7,1.0,0.0,1.0,1.0,1.0,True,84,69,4.9286,0,1.9286
creat-056,creative,llmlingua2,0.7,0.7101,0.2899,0.822,0.8072,0.8534,True,84,69,4.9286,0,1.9286
creat-056,creative,random_deletion,0.5,0.5507,0.4493,0.7198,0.7343,0.7951,True,84,69,4.9286,0,1.9286
creat-056,creative,llmlingua_qwen,0.5,1.0,0.0,1.0,1.0,1.0,True,84,69,4.9286,0,1.9286
creat-056,creative,llmlingua2,0.5,0.4783,0.5217,0.6853,0.6421,0.7543,True,84,69,4.9286,0,1.9286
creat-056,creative,random_deletion,0.3,0.2754,0.7246,0.6303,0.4838,0.6322,True,84,69,4.9286,0,1.9286
creat-056,creative,llmlingua_qwen,0.3,1.0,0.0,1.0,1.0,1.0,True,84,69,4.9286,0,1.9286
creat-056,creative,llmlingua2,0.3,0.2899,0.7101,0.5957,0.5352,0.6844,True,84,69,4.9286,0,1.9286
creat-057,creative,noop,1.0,1.0,0.0,1.0,1.0,1.0,True,84,67,4.4667,0,1.7333
creat-057,creative,random_deletion,0.7,0.6567,0.3433,0.7927,0.678,0.7216,False,84,67,4.4667,0,1.7333
creat-057,creative,llmlingua_qwen,0.7,1.0,0.0,1.0,1.0,1.0,True,84,67,4.4667,0,1.7333
creat-057,creative,llmlingua2,0.7,0.6716,0.3284,0.8143,0.7015,0.7574,True,84,67,4.4667,0,1.7333
creat-057,creative,random_deletion,0.5,0.5821,0.4179,0.7779,0.6858,0.7299,False,84,67,4.4667,0,1.7333
creat-057,creative,llmlingua_qwen,0.5,1.0,0.0,1.0,1.0,1.0,True,84,67,4.4667,0,1.7333
creat-057,creative,llmlingua2,0.5,0.4776,0.5224,0.6675,0.6505,0.7106,False,84,67,4.4667,0,1.7333
creat-057,creative,random_deletion,0.3,0.209,0.791,0.6165,0.6557,0.71,True,84,67,4.4667,0,1.7333
creat-057,creative,llmlingua_qwen,0.3,1.0,0.0,1.0,1.0,1.0,True,84,67,4.4667,0,1.7333
creat-057,creative,llmlingua2,0.3,0.2687,0.7313,0.6142,0.6885,0.7251,True,84,67,4.4667,0,1.7333
creat-058,creative,noop,1.0,1.0,0.0,1.0,1.0,1.0,True,83,71,5.4615,0,2.0
creat-058,creative,random_deletion,0.7,0.7465,0.2535,0.8224,0.7545,0.8087,True,83,71,5.4615,0,2.0
creat-058,creative,llmlingua_qwen,0.7,1.0,0.0,1.0,1.0,1.0,True,83,71,5.4615,0,2.0
creat-058,creative,llmlingua2,0.7,0.662,0.338,0.7532,0.602,0.7067,False,83,71,5.4615,0,2.0
creat-058,creative,random_deletion,0.5,0.4789,0.5211,0.6627,0.693,0.7549,True,83,71,5.4615,0,2.0
creat-058,creative,llmlingua_qwen,0.5,1.0,0.0,1.0,1.0,1.0,True,83,71,5.4615,0,2.0
creat-058,creative,llmlingua2,0.5,0.4789,0.5211,0.674,0.5923,0.7055,False,83,71,5.4615,0,2.0
creat-058,creative,random_deletion,0.3,0.3099,0.6901,0.5967,0.4622,0.6162,False,83,71,5.4615,0,2.0
creat-058,creative,llmlingua_qwen,0.3,1.0,0.0,1.0,1.0,1.0,True,83,71,5.4615,0,2.0
creat-058,creative,llmlingua2,0.3,0.1972,0.8028,0.5596,0.56,0.6561,True,83,71,5.4615,0,2.0
creat-059,creative,noop,1.0,1.0,0.0,1.0,1.0,1.0,True,98,76,4.4706,0,1.6471
creat-059,creative,random_deletion,0.7,0.7368,0.2632,0.7988,0.7009,0.7935,True,98,76,4.4706,0,1.6471
creat-059,creative,llmlingua_qwen,0.7,1.0,0.0,1.0,1.0,1.0,True,98,76,4.4706,0,1.6471
creat-059,creative,llmlingua2,0.7,0.6711,0.3289,0.7388,0.5338,0.6793,False,98,76,4.4706,0,1.6471
creat-059,creative,random_deletion,0.5,0.5395,0.4605,0.6785,0.5427,0.687,False,98,76,4.4706,0,1.6471
creat-059,creative,llmlingua_qwen,0.5,1.0,0.0,1.0,1.0,1.0,True,98,76,4.4706,0,1.6471
creat-059,creative,llmlingua2,0.5,0.4342,0.5658,0.5782,0.578,0.7017,False,98,76,4.4706,0,1.6471
creat-059,creative,random_deletion,0.3,0.3158,0.6842,0.577,0.5554,0.7,False,98,76,4.4706,0,1.6471
creat-059,creative,llmlingua_qwen,0.3,1.0,0.0,1.0,1.0,1.0,True,98,76,4.4706,0,1.6471
creat-059,creative,llmlingua2,0.3,0.2763,0.7237,0.5388,0.58,0.7098,True,98,76,4.4706,0,1.6471
creat-060,creative,noop,1.0,1.0,0.0,1.0,1.0,1.0,True,103,80,4.2105,0,1.8421
creat-060,creative,random_deletion,0.7,0.725,0.275,0.7909,0.7009,0.7414,True,103,80,4.2105,0,1.8421
creat-060,creative,llmlingua_qwen,0.7,1.0,0.0,1.0,1.0,1.0,True,103,80,4.2105,0,1.8421
creat-060,creative,llmlingua2,0.7,0.675,0.325,0.7862,0.6565,0.7443,False,103,80,4.2105,0,1.8421
creat-060,creative,random_deletion,0.5,0.5625,0.4375,0.8099,0.6824,0.7617,True,103,80,4.2105,0,1.8421
creat-060,creative,llmlingua_qwen,0.5,1.0,0.0,1.0,1.0,1.0,True,103,80,4.2105,0,1.8421
creat-060,creative,llmlingua2,0.5,0.475,0.525,0.7357,0.6508,0.7329,True,103,80,4.2105,0,1.8421
creat-060,creative,random_deletion,0.3,0.2875,0.7125,0.6451,0.5024,0.648,False,103,80,4.2105,0,1.8421
creat-060,creative,llmlingua_qwen,0.3,1.0,0.0,1.0,1.0,1.0,True,103,80,4.2105,0,1.8421
creat-060,creative,llmlingua2,0.3,0.25,0.75,0.6373,0.5963,0.6852,True,103,80,4.2105,0,1.8421
creat-061,creative,noop,1.0,1.0,0.0,1.0,1.0,1.0,True,110,89,5.2353,0,2.1176
creat-061,creative,random_deletion,0.7,0.6629,0.3371,0.8112,0.7445,0.8083,True,110,89,5.2353,0,2.1176
creat-061,creative,llmlingua_qwen,0.7,1.0,0.0,1.0,1.0,1.0,True,110,89,5.2353,0,2.1176
creat-061,creative,llmlingua2,0.7,0.6404,0.3596,0.7217,0.7346,0.7998,True,110,89,5.2353,0,2.1176
creat-061,creative,random_deletion,0.5,0.4494,0.5506,0.741,0.5785,0.7043,False,110,89,5.2353,0,2.1176
creat-061,creative,llmlingua_qwen,0.5,1.0,0.0,1.0,1.0,1.0,True,110,89,5.2353,0,2.1176
creat-061,creative,llmlingua2,0.5,0.427,0.573,0.6318,0.689,0.7757,True,110,89,5.2353,0,2.1176
creat-061,creative,random_deletion,0.3,0.3371,0.6629,0.5428,0.6584,0.7568,True,110,89,5.2353,0,2.1176
creat-061,creative,llmlingua_qwen,0.3,1.0,0.0,1.0,1.0,1.0,True,110,89,5.2353,0,2.1176
creat-061,creative,llmlingua2,0.3,0.2697,0.7303,0.5778,0.5469,0.6474,True,110,89,5.2353,0,2.1176
creat-062,creative,noop,1.0,1.0,0.0,1.0,1.0,1.0,True,88,69,3.8333,0,1.4444
creat-062,creative,random_deletion,0.7,0.6667,0.3333,0.8088,0.6781,0.746,True,88,69,3.8333,0,1.4444
creat-062,creative,llmlingua_qwen,0.7,1.0,0.0,1.0,1.0,1.0,True,88,69,3.8333,0,1.4444
creat-062,creative,llmlingua2,0.7,0.6812,0.3188,0.7262,0.7323,0.7575,True,88,69,3.8333,0,1.4444
creat-062,creative,random_deletion,0.5,0.3913,0.6087,0.6924,0.6682,0.7379,True,88,69,3.8333,0,1.4444
creat-062,creative,llmlingua_qwen,0.5,1.0,0.0,1.0,1.0,1.0,True,88,69,3.8333,0,1.4444
creat-062,creative,llmlingua2,0.5,0.5072,0.4928,0.6362,0.5669,0.6697,False,88,69,3.8333,0,1.4444
creat-062,creative,random_deletion,0.3,0.2609,0.7391,0.4318,0.2975,0.5075,True,88,69,3.8333,0,1.4444
creat-062,creative,llmlingua_qwen,0.3,1.0,0.0,1.0,1.0,1.0,True,88,69,3.8333,0,1.4444
creat-062,creative,llmlingua2,0.3,0.3043,0.6957,0.5786,0.487,0.6576,True,88,69,3.8333,0,1.4444
creat-063,creative,noop,1.0,1.0,0.0,1.0,1.0,1.0,True,80,63,3.9375,0,1.4375
creat-063,creative,random_deletion,0.7,0.6825,0.3175,0.7597,0.6861,0.7509,False,80,63,3.9375,0,1.4375
creat-063,creative,llmlingua_qwen,0.7,1.0,0.0,1.0,1.0,1.0,True,80,63,3.9375,0,1.4375
creat-063,creative,llmlingua2,0.7,0.6825,0.3175,0.7383,0.768,0.8193,True,80,63,3.9375,0,1.4375
creat-063,creative,random_deletion,0.5,0.5397,0.4603,0.769,0.6939,0.7715,True,80,63,3.9375,0,1.4375
creat-063,creative,llmlingua_qwen,0.5,1.0,0.0,1.0,1.0,1.0,True,80,63,3.9375,0,1.4375
creat-063,creative,llmlingua2,0.5,0.4286,0.5714,0.645,0.6343,0.6929,True,80,63,3.9375,0,1.4375
creat-063,creative,random_deletion,0.3,0.2381,0.7619,0.5807,0.5404,0.6501,True,80,63,3.9375,0,1.4375
creat-063,creative,llmlingua_qwen,0.3,1.0,0.0,1.0,1.0,1.0,True,80,63,3.9375,0,1.4375
creat-063,creative,llmlingua2,0.3,0.2698,0.7302,0.5851,0.6207,0.6839,True,80,63,3.9375,0,1.4375
creat-064,creative,noop,1.0,1.0,0.0,1.0,1.0,1.0,True,78,63,4.8462,0,1.9231
creat-064,creative,random_deletion,0.7,0.7302,0.2698,0.8612,0.6704,0.7621,True,78,63,4.8462,0,1.9231
creat-064,creative,llmlingua_qwen,0.7,1.0,0.0,1.0,1.0,1.0,True,78,63,4.8462,0,1.9231
creat-064,creative,llmlingua2,0.7,0.6349,0.3651,0.7673,0.6159,0.6901,True,78,63,4.8462,0,1.9231
creat-064,creative,random_deletion,0.5,0.3492,0.6508,0.6499,0.5667,0.6996,True,78,63,4.8462,0,1.9231
creat-064,creative,llmlingua_qwen,0.5,1.0,0.0,1.0,1.0,1.0,True,78,63,4.8462,0,1.9231
creat-064,creative,llmlingua2,0.5,0.4603,0.5397,0.6676,0.5315,0.6639,False,78,63,4.8462,0,1.9231
creat-064,creative,random_deletion,0.3,0.2857,0.7143,0.5817,0.5662,0.6802,True,78,63,4.8462,0,1.9231
creat-064,creative,llmlingua_qwen,0.3,1.0,0.0,1.0,1.0,1.0,True,78,63,4.8462,0,1.9231
creat-064,creative,llmlingua2,0.3,0.254,0.746,0.6542,0.5366,0.662,True,78,63,4.8462,0,1.9231
creat-065,creative,noop,1.0,1.0,0.0,1.0,1.0,1.0,True,83,64,4.9231,0,2.0769
creat-065,creative,random_deletion,0.7,0.6875,0.3125,0.7863,0.7374,0.7813,True,83,64,4.9231,0,2.0769
creat-065,creative,llmlingua_qwen,0.7,1.0,0.0,1.0,1.0,1.0,True,83,64,4.9231,0,2.0769
creat-065,creative,llmlingua2,0.7,0.6719,0.3281,0.8172,0.7329,0.8022,True,83,64,4.9231,0,2.0769
creat-065,creative,random_deletion,0.5,0.4688,0.5312,0.6971,0.6558,0.7492,True,83,64,4.9231,0,2.0769
creat-065,creative,llmlingua_qwen,0.5,1.0,0.0,1.0,1.0,1.0,True,83,64,4.9231,0,2.0769
creat-065,creative,llmlingua2,0.5,0.4375,0.5625,0.7045,0.5887,0.7181,False,83,64,4.9231,0,2.0769
creat-065,creative,random_deletion,0.3,0.3125,0.6875,0.5724,0.6077,0.7386,True,83,64,4.9231,0,2.0769
creat-065,creative,llmlingua_qwen,0.3,1.0,0.0,1.0,1.0,1.0,True,83,64,4.9231,0,2.0769
creat-065,creative,llmlingua2,0.3,0.2188,0.7812,0.5214,0.5272,0.6666,True,83,64,4.9231,0,2.0769
creat-066,creative,noop,1.0,1.0,0.0,1.0,1.0,1.0,True,88,68,4.8571,0,2.1429
creat-066,creative,random_deletion,0.7,0.75,0.25,0.8151,0.685,0.7725,False,88,68,4.8571,0,2.1429
creat-066,creative,llmlingua_qwen,0.7,1.0,0.0,1.0,1.0,1.0,True,88,68,4.8571,0,2.1429
creat-066,creative,llmlingua2,0.7,0.6471,0.3529,0.7338,0.7085,0.7438,False,88,68,4.8571,0,2.1429
creat-066,creative,random_deletion,0.5,0.6029,0.3971,0.7773,0.7238,0.7952,True,88,68,4.8571,0,2.1429
creat-066,creative,llmlingua_qwen,0.5,1.0,0.0,1.0,1.0,1.0,True,88,68,4.8571,0,2.1429
creat-066,creative,llmlingua2,0.5,0.4412,0.5588,0.6477,0.6503,0.7079,True,88,68,4.8571,0,2.1429
creat-066,creative,random_deletion,0.3,0.2647,0.7353,0.6051,0.5498,0.7054,True,88,68,4.8571,0,2.1429
creat-066,creative,llmlingua_qwen,0.3,1.0,0.0,1.0,1.0,1.0,True,88,68,4.8571,0,2.1429
creat-066,creative,llmlingua2,0.3,0.2794,0.7206,0.5579,0.6391,0.698,True,88,68,4.8571,0,2.1429
creat-067,creative,noop,1.0,1.0,0.0,1.0,1.0,1.0,True,79,58,4.8333,0,2.0
creat-067,creative,random_deletion,0.7,0.6379,0.3621,0.7807,0.5878,0.6776,False,79,58,4.8333,0,2.0
creat-067,creative,llmlingua_qwen,0.7,1.0,0.0,1.0,1.0,1.0,True,79,58,4.8333,0,2.0
creat-067,creative,llmlingua2,0.7,0.6034,0.3966,0.7155,0.5786,0.7079,False,79,58,4.8333,0,2.0
creat-067,creative,random_deletion,0.5,0.431,0.569,0.6648,0.5866,0.7166,False,79,58,4.8333,0,2.0
creat-067,creative,llmlingua_qwen,0.5,1.0,0.0,1.0,1.0,1.0,True,79,58,4.8333,0,2.0
creat-067,creative,llmlingua2,0.5,0.4828,0.5172,0.6539,0.5751,0.6596,False,79,58,4.8333,0,2.0
creat-067,creative,random_deletion,0.3,0.3103,0.6897,0.6573,0.675,0.7679,True,79,58,4.8333,0,2.0
creat-067,creative,llmlingua_qwen,0.3,1.0,0.0,1.0,1.0,1.0,True,79,58,4.8333,0,2.0
creat-067,creative,llmlingua2,0.3,0.2586,0.7414,0.5763,0.5225,0.6518,True,79,58,4.8333,0,2.0
creat-068,creative,noop,1.0,1.0,0.0,1.0,1.0,1.0,True,76,58,4.1429,0,1.7857
creat-068,creative,random_deletion,0.7,0.6207,0.3793,0.7852,0.6863,0.7398,True,76,58,4.1429,0,1.7857
creat-068,creative,llmlingua_qwen,0.7,1.0,0.0,1.0,1.0,1.0,True,76,58,4.1429,0,1.7857
creat-068,creative,llmlingua2,0.7,0.6724,0.3276,0.6943,0.6389,0.6862,False,76,58,4.1429,0,1.7857
creat-068,creative,random_deletion,0.5,0.5517,0.4483,0.7704,0.5023,0.6364,False,76,58,4.1429,0,1.7857
creat-068,creative,llmlingua_qwen,0.5,1.0,0.0,1.0,1.0,1.0,True,76,58,4.1429,0,1.7857
creat-068,creative,llmlingua2,0.5,0.431,0.569,0.595,0.5143,0.654,False,76,58,4.1429,0,1.7857
creat-068,creative,random_deletion,0.3,0.2414,0.7586,0.5593,0.5256,0.6451,False,76,58,4.1429,0,1.7857
creat-068,creative,llmlingua_qwen,0.3,1.0,0.0,1.0,1.0,1.0,True,76,58,4.1429,0,1.7857
creat-068,creative,llmlingua2,0.3,0.2414,0.7586,0.54,0.5566,0.6539,True,76,58,4.1429,0,1.7857
creat-069,creative,noop,1.0,1.0,0.0,1.0,1.0,1.0,True,78,60,4.2857,0,1.7143
creat-069,creative,random_deletion,0.7,0.75,0.25,0.7923,0.6481,0.7215,True,78,60,4.2857,0,1.7143
creat-069,creative,llmlingua_qwen,0.7,1.0,0.0,1.0,1.0,1.0,True,78,60,4.2857,0,1.7143
creat-069,creative,llmlingua2,0.7,0.6167,0.3833,0.7651,0.6206,0.7138,False,78,60,4.2857,0,1.7143
creat-069,creative,random_deletion,0.5,0.5167,0.4833,0.7307,0.5304,0.6603,False,78,60,4.2857,0,1.7143
creat-069,creative,llmlingua_qwen,0.5,1.0,0.0,1.0,1.0,1.0,True,78,60,4.2857,0,1.7143
creat-069,creative,llmlingua2,0.5,0.45,0.55,0.6653,0.6314,0.7214,True,78,60,4.2857,0,1.7143
creat-069,creative,random_deletion,0.3,0.3167,0.6833,0.6054,0.5148,0.6519,True,78,60,4.2857,0,1.7143
creat-069,creative,llmlingua_qwen,0.3,1.0,0.0,1.0,1.0,1.0,True,78,60,4.2857,0,1.7143
creat-069,creative,llmlingua2,0.3,0.2667,0.7333,0.5737,0.5114,0.6357,True,78,60,4.2857,0,1.7143
creat-070,creative,noop,1.0,1.0,0.0,1.0,1.0,1.0,True,85,62,4.4286,0,2.2857
creat-070,creative,random_deletion,0.7,0.6935,0.3065,0.886,0.6451,0.7471,False,85,62,4.4286,0,2.2857
creat-070,creative,llmlingua_qwen,0.7,1.0,0.0,1.0,1.0,1.0,True,85,62,4.4286,0,2.2857
creat-070,creative,llmlingua2,0.7,0.6613,0.3387,0.7145,0.6412,0.7428,False,85,62,4.4286,0,2.2857
creat-070,creative,random_deletion,0.5,0.5161,0.4839,0.7118,0.6869,0.7693,True,85,62,4.4286,0,2.2857
creat-070,creative,llmlingua_qwen,0.5,1.0,0.0,1.0,1.0,1.0,True,85,62,4.4286,0,2.2857
creat-070,creative,llmlingua2,0.5,0.4516,0.5484,0.5498,0.5829,0.6833,False,85,62,4.4286,0,2.2857
creat-070,creative,random_deletion,0.3,0.2742,0.7258,0.6011,0.5844,0.7095,True,85,62,4.4286,0,2.2857
creat-070,creative,llmlingua_qwen,0.3,1.0,0.0,1.0,1.0,1.0,True,85,62,4.4286,0,2.2857
creat-070,creative,llmlingua2,0.3,0.2258,0.7742,0.5042,0.5827,0.7281,True,85,62,4.4286,0,2.2857
creat-071,creative,noop,1.0,1.0,0.0,1.0,1.0,1.0,True,100,76,4.2222,0,1.8333
creat-071,creative,random_deletion,0.7,0.6579,0.3421,0.8583,0.6756,0.7538,True,100,76,4.2222,0,1.8333
creat-071,creative,llmlingua_qwen,0.7,1.0,0.0,1.0,1.0,1.0,True,100,76,4.2222,0,1.8333
creat-071,creative,llmlingua2,0.7,0.6579,0.3421,0.7407,0.6593,0.7328,False,100,76,4.2222,0,1.8333
creat-071,creative,random_deletion,0.5,0.4868,0.5132,0.7432,0.599,0.6886,True,100,76,4.2222,0,1.8333
creat-071,creative,llmlingua_qwen,0.5,1.0,0.0,1.0,1.0,1.0,True,100,76,4.2222,0,1.8333
creat-071,creative,llmlingua2,0.5,0.4868,0.5132,0.7064,0.5878,0.6929,False,100,76,4.2222,0,1.8333
creat-071,creative,random_deletion,0.3,0.3553,0.6447,0.6322,0.5876,0.7041,True,100,76,4.2222,0,1.8333
creat-071,creative,llmlingua_qwen,0.3,1.0,0.0,1.0,1.0,1.0,True,100,76,4.2222,0,1.8333
creat-071,creative,llmlingua2,0.3,0.25,0.75,0.5466,0.4937,0.6486,True,100,76,4.2222,0,1.8333
creat-072,creative,noop,1.0,1.0,0.0,1.0,1.0,1.0,True,85,65,4.3333,0,1.7333
creat-072,creative,random_deletion,0.7,0.6308,0.3692,0.8234,0.7738,0.7931,False,85,65,4.3333,0,1.7333
creat-072,creative,llmlingua_qwen,0.7,1.0,0.0,1.0,1.0,1.0,True,85,65,4.3333,0,1.7333
creat-072,creative,llmlingua2,0.7,0.6,0.4,0.7356,0.8167,0.8164,True,85,65,4.3333,0,1.7333
creat-072,creative,random_deletion,0.5,0.5385,0.4615,0.6899,0.7654,0.7603,False,85,65,4.3333,0,1.7333
creat-072,creative,llmlingua_qwen,0.5,1.0,0.0,1.0,1.0,1.0,True,85,65,4.3333,0,1.7333
creat-072,creative,llmlingua2,0.5,0.4,0.6,0.6393,0.7722,0.7967,True,85,65,4.3333,0,1.7333
creat-072,creative,random_deletion,0.3,0.2462,0.7538,0.5668,0.631,0.7139,False,85,65,4.3333,0,1.7333
creat-072,creative,llmlingua_qwen,0.3,1.0,0.0,1.0,1.0,1.0,True,85,65,4.3333,0,1.7333
creat-072,creative,llmlingua2,0.3,0.2154,0.7846,0.6141,0.756,0.7527,True,85,65,4.3333,0,1.7333
creat-073,creative,noop,1.0,1.0,0.0,1.0,1.0,1.0,True,104,76,4.75,0,2.25
creat-073,creative,random_deletion,0.7,0.6053,0.3947,0.8249,0.6379,0.7274,True,104,76,4.75,0,2.25
creat-073,creative,llmlingua_qwen,0.7,1.0,0.0,1.0,1.0,1.0,True,104,76,4.75,0,2.25
creat-073,creative,llmlingua2,0.7,0.6842,0.3158,0.712,0.66,0.7345,True,104,76,4.75,0,2.25
creat-073,creative,random_deletion,0.5,0.5132,0.4868,0.7405,0.6122,0.672,True,104,76,4.75,0,2.25
creat-073,creative,llmlingua_qwen,0.5,1.0,0.0,1.0,1.0,1.0,True,104,76,4.75,0,2.25
creat-073,creative,llmlingua2,0.5,0.4868,0.5132,0.6175,0.5878,0.6899,True,104,76,4.75,0,2.25
creat-073,creative,random_deletion,0.3,0.25,0.75,0.6238,0.515,0.646,True,104,76,4.75,0,2.25
creat-073,creative,llmlingua_qwen,0.3,1.0,0.0,1.0,1.0,1.0,True,104,76,4.75,0,2.25
creat-073,creative,llmlingua2,0.3,0.25,0.75,0.5727,0.4205,0.617,False,104,76,4.75,0,2.25
creat-074,creative,noop,1.0,1.0,0.0,1.0,1.0,1.0,True,104,76,4.0,0,1.8947
creat-074,creative,random_deletion,0.7,0.8026,0.1974,0.8231,0.6621,0.7383,False,104,76,4.0,0,1.8947
creat-074,creative,llmlingua_qwen,0.7,1.0,0.0,1.0,1.0,1.0,True,104,76,4.0,0,1.8947
creat-074,creative,llmlingua2,0.7,0.6974,0.3026,0.7656,0.6414,0.7287,False,104,76,4.0,0,1.8947
creat-074,creative,random_deletion,0.5,0.6316,0.3684,0.7073,0.7268,0.7764,True,104,76,4.0,0,1.8947
creat-074,creative,llmlingua_qwen,0.5,1.0,0.0,1.0,1.0,1.0,True,104,76,4.0,0,1.8947
creat-074,creative,llmlingua2,0.5,0.4868,0.5132,0.6425,0.6209,0.7298,False,104,76,4.0,0,1.8947
creat-074,creative,random_deletion,0.3,0.3158,0.6842,0.5786,0.5887,0.6955,False,104,76,4.0,0,1.8947
creat-074,creative,llmlingua_qwen,0.3,1.0,0.0,1.0,1.0,1.0,True,104,76,4.0,0,1.8947
creat-074,creative,llmlingua2,0.3,0.3026,0.6974,0.5619,0.6743,0.7462,True,104,76,4.0,0,1.8947
creat-075,creative,noop,1.0,1.0,0.0,1.0,1.0,1.0,True,111,80,4.4444,0,2.0556
creat-075,creative,random_deletion,0.7,0.7875,0.2125,0.8815,0.6112,0.7156,True,111,80,4.4444,0,2.0556
creat-075,creative,llmlingua_qwen,0.7,1.0,0.0,1.0,1.0,1.0,True,111,80,4.4444,0,2.0556
creat-075,creative,llmlingua2,0.7,0.6875,0.3125,0.7478,0.6045,0.7048,True,111,80,4.4444,0,2.0556
creat-075,creative,random_deletion,0.5,0.45,0.55,0.703,0.5399,0.6563,False,111,80,4.4444,0,2.0556
creat-075,creative,llmlingua_qwen,0.5,1.0,0.0,1.0,1.0,1.0,True,111,80,4.4444,0,2.0556
creat-075,creative,llmlingua2,0.5,0.475,0.525,0.6617,0.5121,0.6637,False,111,80,4.4444,0,2.0556
creat-075,creative,random_deletion,0.3,0.275,0.725,0.6912,0.4925,0.644,False,111,80,4.4444,0,2.0556
creat-075,creative,llmlingua_qwen,0.3,1.0,0.0,1.0,1.0,1.0,True,111,80,4.4444,0,2.0556
creat-075,creative,llmlingua2,0.3,0.2625,0.7375,0.5459,0.5945,0.7092,True,111,80,4.4444,0,2.0556
creat-076,creative,noop,1.0,1.0,0.0,1.0,1.0,1.0,True,103,74,3.7,0,1.7
creat-076,creative,random_deletion,0.7,0.7027,0.2973,0.8158,0.7182,0.7778,True,103,74,3.7,0,1.7
creat-076,creative,llmlingua_qwen,0.7,1.0,0.0,1.0,1.0,1.0,True,103,74,3.7,0,1.7
creat-076,creative,llmlingua2,0.7,0.6622,0.3378,0.7266,0.5808,0.6943,False,103,74,3.7,0,1.7
creat-076,creative,random_deletion,0.5,0.4595,0.5405,0.6809,0.6089,0.7056,True,103,74,3.7,0,1.7
creat-076,creative,llmlingua_qwen,0.5,1.0,0.0,1.0,1.0,1.0,True,103,74,3.7,0,1.7
creat-076,creative,llmlingua2,0.5,0.5,0.5,0.6624,0.5289,0.676,False,103,74,3.7,0,1.7
creat-076,creative,random_deletion,0.3,0.2973,0.7027,0.56,0.5958,0.7146,True,103,74,3.7,0,1.7
creat-076,creative,llmlingua_qwen,0.3,1.0,0.0,1.0,1.0,1.0,True,103,74,3.7,0,1.7
creat-076,creative,llmlingua2,0.3,0.2703,0.7297,0.5314,0.535,0.6581,True,103,74,3.7,0,1.7
creat-077,creative,noop,1.0,1.0,0.0,1.0,1.0,1.0,True,107,78,4.5882,0,2.0
creat-077,creative,random_deletion,0.7,0.7308,0.2692,0.8193,0.6631,0.7512,False,107,78,4.5882,0,2.0
creat-077,creative,llmlingua_qwen,0.7,1.0,0.0,1.0,1.0,1.0,True,107,78,4.5882,0,2.0
creat-077,creative,llmlingua2,0.7,0.6795,0.3205,0.7461,0.6835,0.7185,True,107,78,4.5882,0,2.0
creat-077,creative,random_deletion,0.5,0.4487,0.5513,0.7192,0.6132,0.6835,False,107,78,4.5882,0,2.0
creat-077,creative,llmlingua_qwen,0.5,1.0,0.0,1.0,1.0,1.0,True,107,78,4.5882,0,2.0
creat-077,creative,llmlingua2,0.5,0.4487,0.5513,0.6991,0.6115,0.7154,False,107,78,4.5882,0,2.0
creat-077,creative,random_deletion,0.3,0.2949,0.7051,0.611,0.6236,0.7376,True,107,78,4.5882,0,2.0
creat-077,creative,llmlingua_qwen,0.3,1.0,0.0,1.0,1.0,1.0,True,107,78,4.5882,0,2.0
creat-077,creative,llmlingua2,0.3,0.2436,0.7564,0.6109,0.6206,0.7297,True,107,78,4.5882,0,2.0
creat-078,creative,noop,1.0,1.0,0.0,1.0,1.0,1.0,True,98,76,5.0667,0,2.1333
creat-078,creative,random_deletion,0.7,0.6579,0.3421,0.8195,0.7039,0.789,False,98,76,5.0667,0,2.1333
creat-078,creative,llmlingua_qwen,0.7,1.0,0.0,1.0,1.0,1.0,True,98,76,5.0667,0,2.1333
creat-078,creative,llmlingua2,0.7,0.6316,0.3684,0.7592,0.5959,0.7208,False,98,76,5.0667,0,2.1333
creat-078,creative,random_deletion,0.5,0.5789,0.4211,0.7655,0.7303,0.8044,True,98,76,5.0667,0,2.1333
creat-078,creative,llmlingua_qwen,0.5,1.0,0.0,1.0,1.0,1.0,True,98,76,5.0667,0,2.1333
creat-078,creative,llmlingua2,0.5,0.5132,0.4868,0.6637,0.6148,0.7288,True,98,76,5.0667,0,2.1333
creat-078,creative,random_deletion,0.3,0.3684,0.6316,0.6777,0.5716,0.711,True,98,76,5.0667,0,2.1333
creat-078,creative,llmlingua_qwen,0.3,1.0,0.0,1.0,1.0,1.0,True,98,76,5.0667,0,2.1333
creat-078,creative,llmlingua2,0.3,0.3026,0.6974,0.6088,0.5681,0.6976,True,98,76,5.0667,0,2.1333
creat-079,creative,noop,1.0,1.0,0.0,1.0,1.0,1.0,True,91,68,4.8571,0,2.1429
creat-079,creative,random_deletion,0.7,0.7206,0.2794,0.8738,0.7102,0.7395,True,91,68,4.8571,0,2.1429
creat-079,creative,llmlingua_qwen,0.7,1.0,0.0,1.0,1.0,1.0,True,91,68,4.8571,0,2.1429
creat-079,creative,llmlingua2,0.7,0.6324,0.3676,0.6965,0.6384,0.7198,True,91,68,4.8571,0,2.1429
creat-079,creative,random_deletion,0.5,0.4265,0.5735,0.704,0.5821,0.6723,True,91,68,4.8571,0,2.1429
creat-079,creative,llmlingua_qwen,0.5,1.0,0.0,1.0,1.0,1.0,True,91,68,4.8571,0,2.1429
creat-079,creative,llmlingua2,0.5,0.4265,0.5735,0.6648,0.5549,0.6739,False,91,68,4.8571,0,2.1429
creat-079,creative,random_deletion,0.3,0.3529,0.6471,0.6052,0.4978,0.6444,True,91,68,4.8571,0,2.1429
creat-079,creative,llmlingua_qwen,0.3,1.0,0.0,1.0,1.0,1.0,True,91,68,4.8571,0,2.1429
creat-079,creative,llmlingua2,0.3,0.2941,0.7059,0.6077,0.483,0.6499,True,91,68,4.8571,0,2.1429
creat-080,creative,noop,1.0,1.0,0.0,1.0,1.0,1.0,True,98,72,4.8,0,2.2
creat-080,creative,random_deletion,0.7,0.7222,0.2778,0.7915,0.7513,0.8031,True,98,72,4.8,0,2.2
creat-080,creative,llmlingua_qwen,0.7,1.0,0.0,1.0,1.0,1.0,True,98,72,4.8,0,2.2
creat-080,creative,llmlingua2,0.7,0.6389,0.3611,0.6878,0.6825,0.7204,True,98,72,4.8,0,2.2
creat-080,creative,random_deletion,0.5,0.5694,0.4306,0.6859,0.6349,0.6927,True,98,72,4.8,0,2.2
creat-080,creative,llmlingua_qwen,0.5,1.0,0.0,1.0,1.0,1.0,True,98,72,4.8,0,2.2
creat-080,creative,llmlingua2,0.5,0.4722,0.5278,0.6577,0.633,0.6992,True,98,72,4.8,0,2.2
creat-080,creative,random_deletion,0.3,0.25,0.75,0.6176,0.5144,0.6486,True,98,72,4.8,0,2.2
creat-080,creative,llmlingua_qwen,0.3,1.0,0.0,1.0,1.0,1.0,True,98,72,4.8,0,2.2
creat-080,creative,llmlingua2,0.3,0.2778,0.7222,0.5842,0.5947,0.7038,True,98,72,4.8,0,2.2
creat-081,creative,noop,1.0,1.0,0.0,1.0,1.0,1.0,True,84,62,4.4286,0,2.1429
creat-081,creative,random_deletion,0.7,0.629,0.371,0.8183,0.7581,0.8166,True,84,62,4.4286,0,2.1429
creat-081,creative,llmlingua_qwen,0.7,1.0,0.0,1.0,1.0,1.0,True,84,62,4.4286,0,2.1429
creat-081,creative,llmlingua2,0.7,0.5968,0.4032,0.7662,0.7506,0.8083,True,84,62,4.4286,0,2.1429
creat-081,creative,random_deletion,0.5,0.5645,0.4355,0.7346,0.6672,0.7581,True,84,62,4.4286,0,2.1429
creat-081,creative,llmlingua_qwen,0.5,1.0,0.0,1.0,1.0,1.0,True,84,62,4.4286,0,2.1429
creat-081,creative,llmlingua2,0.5,0.4677,0.5323,0.7026,0.575,0.6659,True,84,62,4.4286,0,2.1429
creat-081,creative,random_deletion,0.3,0.3065,0.6935,0.5623,0.4271,0.6345,False,84,62,4.4286,0,2.1429
creat-081,creative,llmlingua_qwen,0.3,1.0,0.0,1.0,1.0,1.0,True,84,62,4.4286,0,2.1429
creat-081,creative,llmlingua2,0.3,0.2258,0.7742,0.5012,0.5036,0.6308,True,84,62,4.4286,0,2.1429
creat-082,creative,noop,1.0,1.0,0.0,1.0,1.0,1.0,True,95,68,3.7778,0,1.6667
creat-082,creative,random_deletion,0.7,0.7353,0.2647,0.8139,0.6832,0.782,False,95,68,3.7778,0,1.6667
creat-082,creative,llmlingua_qwen,0.7,1.0,0.0,1.0,1.0,1.0,True,95,68,3.7778,0,1.6667
creat-082,creative,llmlingua2,0.7,0.6765,0.3235,0.7562,0.7,0.7906,True,95,68,3.7778,0,1.6667
creat-082,creative,random_deletion,0.5,0.5294,0.4706,0.7096,0.6686,0.7635,False,95,68,3.7778,0,1.6667
creat-082,creative,llmlingua_qwen,0.5,1.0,0.0,1.0,1.0,1.0,True,95,68,3.7778,0,1.6667
creat-082,creative,llmlingua2,0.5,0.4559,0.5441,0.6822,0.6779,0.7655,True,95,68,3.7778,0,1.6667
creat-082,creative,random_deletion,0.3,0.2794,0.7206,0.6079,0.5289,0.6369,False,95,68,3.7778,0,1.6667
creat-082,creative,llmlingua_qwen,0.3,1.0,0.0,1.0,1.0,1.0,True,95,68,3.7778,0,1.6667
creat-082,creative,llmlingua2,0.3,0.2647,0.7353,0.571,0.5411,0.6812,True,95,68,3.7778,0,1.6667
creat-083,creative,noop,1.0,1.0,0.0,1.0,1.0,1.0,True,83,60,4.0,0,1.7333
creat-083,creative,random_deletion,0.7,0.6167,0.3833,0.7908,0.6555,0.7663,False,83,60,4.0,0,1.7333
creat-083,creative,llmlingua_qwen,0.7,1.0,0.0,1.0,1.0,1.0,True,83,60,4.0,0,1.7333
creat-083,creative,llmlingua2,0.7,0.7,0.3,0.7911,0.701,0.7874,True,83,60,4.0,0,1.7333
creat-083,creative,random_deletion,0.5,0.55,0.45,0.7236,0.6897,0.7731,True,83,60,4.0,0,1.7333
creat-083,creative,llmlingua_qwen,0.5,1.0,0.0,1.0,1.0,1.0,True,83,60,4.0,0,1.7333
creat-083,creative,llmlingua2,0.5,0.5,0.5,0.6676,0.6389,0.7388,True,83,60,4.0,0,1.7333
creat-083,creative,random_deletion,0.3,0.2667,0.7333,0.5735,0.5122,0.6289,True,83,60,4.0,0,1.7333
creat-083,creative,llmlingua_qwen,0.3,1.0,0.0,1.0,1.0,1.0,True,83,60,4.0,0,1.7333
creat-083,creative,llmlingua2,0.3,0.2833,0.7167,0.5735,0.5112,0.6365,False,83,60,4.0,0,1.7333
creat-084,creative,noop,1.0,1.0,0.0,1.0,1.0,1.0,True,82,63,4.2,0,1.6667
creat-084,creative,random_deletion,0.7,0.6349,0.3651,0.8239,0.6807,0.7644,False,82,63,4.2,0,1.6667
creat-084,creative,llmlingua_qwen,0.7,1.0,0.0,1.0,1.0,1.0,True,82,63,4.2,0,1.6667
creat-084,creative,llmlingua2,0.7,0.6667,0.3333,0.7114,0.7161,0.7881,False,82,63,4.2,0,1.6667
creat-084,creative,random_deletion,0.5,0.5079,0.4921,0.7289,0.6415,0.7403,False,82,63,4.2,0,1.6667
creat-084,creative,llmlingua_qwen,0.5,1.0,0.0,1.0,1.0,1.0,True,82,63,4.2,0,1.6667
creat-084,creative,llmlingua2,0.5,0.4921,0.5079,0.6566,0.7145,0.7929,False,82,63,4.2,0,1.6667
creat-084,creative,random_deletion,0.3,0.2222,0.7778,0.5221,0.5496,0.6595,True,82,63,4.2,0,1.6667
creat-084,creative,llmlingua_qwen,0.3,1.0,0.0,1.0,1.0,1.0,True,82,63,4.2,0,1.6667
creat-084,creative,llmlingua2,0.3,0.3016,0.6984,0.5999,0.7283,0.7956,True,82,63,4.2,0,1.6667
creat-085,creative,noop,1.0,1.0,0.0,1.0,1.0,1.0,True,99,66,3.6667,0,1.6111
creat-085,creative,random_deletion,0.7,0.6818,0.3182,0.8053,0.6602,0.7474,False,99,66,3.6667,0,1.6111
creat-085,creative,llmlingua_qwen,0.7,1.0,0.0,1.0,1.0,1.0,True,99,66,3.6667,0,1.6111
creat-085,creative,llmlingua2,0.7,0.6818,0.3182,0.7756,0.734,0.8029,True,99,66,3.6667,0,1.6111
creat-085,creative,random_deletion,0.5,0.4394,0.5606,0.6126,0.645,0.7457,True,99,66,3.6667,0,1.6111
creat-085,creative,llmlingua_qwen,0.5,1.0,0.0,1.0,1.0,1.0,True,99,66,3.6667,0,1.6111
creat-085,creative,llmlingua2,0.5,0.5,0.5,0.5972,0.7027,0.7712,True,99,66,3.6667,0,1.6111
creat-085,creative,random_deletion,0.3,0.3333,0.6667,0.6372,0.5652,0.6615,True,99,66,3.6667,0,1.6111
creat-085,creative,llmlingua_qwen,0.3,1.0,0.0,1.0,1.0,1.0,True,99,66,3.6667,0,1.6111
creat-085,creative,llmlingua2,0.3,0.2727,0.7273,0.5512,0.4639,0.6366,True,99,66,3.6667,0,1.6111
creat-086,creative,noop,1.0,1.0,0.0,1.0,1.0,1.0,True,73,53,3.7857,0,1.8571
creat-086,creative,random_deletion,0.7,0.7547,0.2453,0.8143,0.7365,0.8005,True,73,53,3.7857,0,1.8571
creat-086,creative,llmlingua_qwen,0.7,1.0,0.0,1.0,1.0,1.0,True,73,53,3.7857,0,1.8571
creat-086,creative,llmlingua2,0.7,0.6792,0.3208,0.7556,0.7029,0.7808,True,73,53,3.7857,0,1.8571
creat-086,creative,random_deletion,0.5,0.5472,0.4528,0.6899,0.6648,0.7458,True,73,53,3.7857,0,1.8571
creat-086,creative,llmlingua_qwen,0.5,1.0,0.0,1.0,1.0,1.0,True,73,53,3.7857,0,1.8571
creat-086,creative,llmlingua2,0.5,0.434,0.566,0.6136,0.6619,0.7146,True,73,53,3.7857,0,1.8571
creat-086,creative,random_deletion,0.3,0.283,0.717,0.5792,0.6333,0.7354,False,73,53,3.7857,0,1.8571
creat-086,creative,llmlingua_qwen,0.3,1.0,0.0,1.0,1.0,1.0,True,73,53,3.7857,0,1.8571
creat-086,creative,llmlingua2,0.3,0.2642,0.7358,0.554,0.6471,0.7498,True,73,53,3.7857,0,1.8571
creat-087,creative,noop,1.0,1.0,0.0,1.0,1.0,1.0,True,88,67,3.9412,0,1.6471
creat-087,creative,random_deletion,0.7,0.6716,0.3284,0.76,0.6845,0.7765,False,88,67,3.9412,0,1.6471
creat-087,creative,llmlingua_qwen,0.7,1.0,0.0,1.0,1.0,1.0,True,88,67,3.9412,0,1.6471
creat-087,creative,llmlingua2,0.7,0.6716,0.3284,0.7768,0.6692,0.7796,False,88,67,3.9412,0,1.6471
creat-087,creative,random_deletion,0.5,0.5522,0.4478,0.6955,0.6115,0.7263,False,88,67,3.9412,0,1.6471
creat-087,creative,llmlingua_qwen,0.5,1.0,0.0,1.0,1.0,1.0,True,88,67,3.9412,0,1.6471
creat-087,creative,llmlingua2,0.5,0.5075,0.4925,0.6678,0.6973,0.7868,True,88,67,3.9412,0,1.6471
creat-087,creative,random_deletion,0.3,0.3881,0.6119,0.6231,0.5918,0.6725,True,88,67,3.9412,0,1.6471
creat-087,creative,llmlingua_qwen,0.3,1.0,0.0,1.0,1.0,1.0,True,88,67,3.9412,0,1.6471
creat-087,creative,llmlingua2,0.3,0.2537,0.7463,0.556,0.5578,0.6729,True,88,67,3.9412,0,1.6471
creat-088,creative,noop,1.0,1.0,0.0,1.0,1.0,1.0,True,84,65,4.3333,0,1.7333
creat-088,creative,random_deletion,0.7,0.6308,0.3692,0.8077,0.6736,0.754,True,84,65,4.3333,0,1.7333
creat-088,creative,llmlingua_qwen,0.7,1.0,0.0,1.0,1.0,1.0,True,84,65,4.3333,0,1.7333
creat-088,creative,llmlingua2,0.7,0.6615,0.3385,0.777,0.7251,0.8132,True,84,65,4.3333,0,1.7333
creat-088,creative,random_deletion,0.5,0.5231,0.4769,0.7128,0.5984,0.6769,False,84,65,4.3333,0,1.7333
creat-088,creative,llmlingua_qwen,0.5,1.0,0.0,1.0,1.0,1.0,True,84,65,4.3333,0,1.7333
creat-088,creative,llmlingua2,0.5,0.4615,0.5385,0.6831,0.4134,0.6108,False,84,65,4.3333,0,1.7333
creat-088,creative,random_deletion,0.3,0.3077,0.6923,0.567,0.6567,0.7466,True,84,65,4.3333,0,1.7333
creat-088,creative,llmlingua_qwen,0.3,1.0,0.0,1.0,1.0,1.0,True,84,65,4.3333,0,1.7333
creat-088,creative,llmlingua2,0.3,0.2615,0.7385,0.5763,0.6223,0.7352,True,84,65,4.3333,0,1.7333
creat-089,creative,noop,1.0,1.0,0.0,1.0,1.0,1.0,True,80,55,3.6667,0,1.7333
creat-089,creative,random_deletion,0.7,0.6545,0.3455,0.6746,0.6856,0.7752,False,80,55,3.6667,0,1.7333
creat-089,creative,llmlingua_qwen,0.7,1.0,0.0,1.0,1.0,1.0,True,80,55,3.6667,0,1.7333
creat-089,creative,llmlingua2,0.7,0.7091,0.2909,0.7994,0.6598,0.7578,False,80,55,3.6667,0,1.7333
creat-089,creative,random_deletion,0.5,0.4545,0.5455,0.6557,0.6897,0.7749,True,80,55,3.6667,0,1.7333
creat-089,creative,llmlingua_qwen,0.5,1.0,0.0,1.0,1.0,1.0,True,80,55,3.6667,0,1.7333
creat-089,creative,llmlingua2,0.5,0.4727,0.5273,0.6531,0.6516,0.7499,False,80,55,3.6667,0,1.7333
creat-089,creative,random_deletion,0.3,0.3455,0.6545,0.5961,0.5931,0.6727,True,80,55,3.6667,0,1.7333
creat-089,creative,llmlingua_qwen,0.3,1.0,0.0,1.0,1.0,1.0,True,80,55,3.6667,0,1.7333
creat-089,creative,llmlingua2,0.3,0.2364,0.7636,0.5255,0.4563,0.6193,True,80,55,3.6667,0,1.7333
creat-090,creative,noop,1.0,1.0,0.0,1.0,1.0,1.0,True,90,62,3.6471,0,1.5294
creat-090,creative,random_deletion,0.7,0.7581,0.2419,0.7695,0.6991,0.7812,False,90,62,3.6471,0,1.5294
creat-090,creative,llmlingua_qwen,0.7,1.0,0.0,1.0,1.0,1.0,True,90,62,3.6471,0,1.5294
creat-090,creative,llmlingua2,0.7,0.6935,0.3065,0.7668,0.722,0.7906,True,90,62,3.6471,0,1.5294
creat-090,creative,random_deletion,0.5,0.5323,0.4677,0.6957,0.7189,0.7845,True,90,62,3.6471,0,1.5294
creat-090,creative,llmlingua_qwen,0.5,1.0,0.0,1.0,1.0,1.0,True,90,62,3.6471,0,1.5294
creat-090,creative,llmlingua2,0.5,0.4516,0.5484,0.6302,0.668,0.7545,True,90,62,3.6471,0,1.5294
creat-090,creative,random_deletion,0.3,0.2581,0.7419,0.5473,0.6638,0.7648,True,90,62,3.6471,0,1.5294
creat-090,creative,llmlingua_qwen,0.3,1.0,0.0,1.0,1.0,1.0,True,90,62,3.6471,0,1.5294
creat-090,creative,llmlingua2,0.3,0.2419,0.7581,0.5595,0.4829,0.6296,True,90,62,3.6471,0,1.5294
creat-091,creative,noop,1.0,1.0,0.0,1.0,1.0,1.0,True,122,88,4.4,0,2.0
creat-091,creative,random_deletion,0.7,0.6477,0.3523,0.7701,0.6377,0.7479,False,122,88,4.4,0,2.0
creat-091,creative,llmlingua_qwen,0.7,1.0,0.0,1.0,1.0,1.0,True,122,88,4.4,0,2.0
creat-091,creative,llmlingua2,0.7,0.6932,0.3068,0.7854,0.684,0.7702,True,122,88,4.4,0,2.0
creat-091,creative,random_deletion,0.5,0.4773,0.5227,0.6929,0.5844,0.709,False,122,88,4.4,0,2.0
creat-091,creative,llmlingua_qwen,0.5,1.0,0.0,1.0,1.0,1.0,True,122,88,4.4,0,2.0
creat-091,creative,llmlingua2,0.5,0.5,0.5,0.6306,0.6652,0.7601,True,122,88,4.4,0,2.0
creat-091,creative,random_deletion,0.3,0.2955,0.7045,0.6166,0.651,0.7583,True,122,88,4.4,0,2.0
creat-091,creative,llmlingua_qwen,0.3,1.0,0.0,1.0,1.0,1.0,True,122,88,4.4,0,2.0
creat-091,creative,llmlingua2,0.3,0.2955,0.7045,0.5728,0.5883,0.7094,False,122,88,4.4,0,2.0
creat-092,creative,noop,1.0,1.0,0.0,1.0,1.0,1.0,True,119,81,4.05,0,1.9
creat-092,creative,random_deletion,0.7,0.716,0.284,0.833,0.6902,0.7699,False,119,81,4.05,0,1.9
creat-092,creative,llmlingua_qwen,0.7,1.0,0.0,1.0,1.0,1.0,True,119,81,4.05,0,1.9
creat-092,creative,llmlingua2,0.7,0.6667,0.3333,0.7518,0.7493,0.8089,True,119,81,4.05,0,1.9
creat-092,creative,random_deletion,0.5,0.4691,0.5309,0.6613,0.7247,0.782,True,119,81,4.05,0,1.9
creat-092,creative,llmlingua_qwen,0.5,1.0,0.0,1.0,1.0,1.0,True,119,81,4.05,0,1.9
creat-092,creative,llmlingua2,0.5,0.4815,0.5185,0.6414,0.6124,0.7358,False,119,81,4.05,0,1.9
creat-092,creative,random_deletion,0.3,0.3333,0.6667,0.6308,0.6785,0.7651,True,119,81,4.05,0,1.9
creat-092,creative,llmlingua_qwen,0.3,1.0,0.0,1.0,1.0,1.0,True,119,81,4.05,0,1.9
creat-092,creative,llmlingua2,0.3,0.2469,0.7531,0.5183,0.5751,0.6658,True,119,81,4.05,0,1.9
creat-093,creative,noop,1.0,1.0,0.0,1.0,1.0,1.0,True,91,67,4.4667,0,1.8667
creat-093,creative,random_deletion,0.7,0.7313,0.2687,0.7768,0.6447,0.7425,False,91,67,4.4667,0,1.8667
creat-093,creative,llmlingua_qwen,0.7,1.0,0.0,1.0,1.0,1.0,True,91,67,4.4667,0,1.8667
creat-093,creative,llmlingua2,0.7,0.6418,0.3582,0.7351,0.6497,0.7459,False,91,67,4.4667,0,1.8667
creat-093,creative,random_deletion,0.5,0.3881,0.6119,0.6691,0.6653,0.7536,True,91,67,4.4667,0,1.8667
creat-093,creative,llmlingua_qwen,0.5,1.0,0.0,1.0,1.0,1.0,True,91,67,4.4667,0,1.8667
creat-093,creative,llmlingua2,0.5,0.5075,0.4925,0.7088,0.6111,0.7156,False,91,67,4.4667,0,1.8667
creat-093,creative,random_deletion,0.3,0.194,0.806,0.5946,0.5552,0.6592,True,91,67,4.4667,0,1.8667
creat-093,creative,llmlingua_qwen,0.3,1.0,0.0,1.0,1.0,1.0,True,91,67,4.4667,0,1.8667
creat-093,creative,llmlingua2,0.3,0.2537,0.7463,0.5508,0.5438,0.6484,False,91,67,4.4667,0,1.8667
creat-094,creative,noop,1.0,1.0,0.0,1.0,1.0,1.0,True,108,82,4.3158,0,1.7895
creat-094,creative,random_deletion,0.7,0.7195,0.2805,0.7883,0.6885,0.7659,True,108,82,4.3158,0,1.7895
creat-094,creative,llmlingua_qwen,0.7,1.0,0.0,1.0,1.0,1.0,True,108,82,4.3158,0,1.7895
creat-094,creative,llmlingua2,0.7,0.6829,0.3171,0.7646,0.5879,0.7082,False,108,82,4.3158,0,1.7895
creat-094,creative,random_deletion,0.5,0.5,0.5,0.6869,0.5789,0.7043,False,108,82,4.3158,0,1.7895
creat-094,creative,llmlingua_qwen,0.5,1.0,0.0,1.0,1.0,1.0,True,108,82,4.3158,0,1.7895
creat-094,creative,llmlingua2,0.5,0.5,0.5,0.6503,0.5639,0.6481,False,108,82,4.3158,0,1.7895
creat-094,creative,random_deletion,0.3,0.3659,0.6341,0.5801,0.6096,0.7278,True,108,82,4.3158,0,1.7895
creat-094,creative,llmlingua_qwen,0.3,1.0,0.0,1.0,1.0,1.0,True,108,82,4.3158,0,1.7895
creat-094,creative,llmlingua2,0.3,0.2561,0.7439,0.5688,0.5392,0.6432,True,108,82,4.3158,0,1.7895
creat-095,creative,noop,1.0,1.0,0.0,1.0,1.0,1.0,True,105,79,4.3889,0,1.6667
creat-095,creative,random_deletion,0.7,0.7215,0.2785,0.8219,0.7361,0.8041,True,105,79,4.3889,0,1.6667
creat-095,creative,llmlingua_qwen,0.7,1.0,0.0,1.0,1.0,1.0,True,105,79,4.3889,0,1.6667
creat-095,creative,llmlingua2,0.7,0.6076,0.3924,0.7583,0.6406,0.7465,False,105,79,4.3889,0,1.6667
creat-095,creative,random_deletion,0.5,0.5316,0.4684,0.6957,0.6661,0.7459,False,105,79,4.3889,0,1.6667
creat-095,creative,llmlingua_qwen,0.5,1.0,0.0,1.0,1.0,1.0,True,105,79,4.3889,0,1.6667
creat-095,creative,llmlingua2,0.5,0.481,0.519,0.6726,0.67,0.7608,True,105,79,4.3889,0,1.6667
creat-095,creative,random_deletion,0.3,0.2785,0.7215,0.5457,0.5032,0.6525,True,105,79,4.3889,0,1.6667
creat-095,creative,llmlingua_qwen,0.3,1.0,0.0,1.0,1.0,1.0,True,105,79,4.3889,0,1.6667
creat-095,creative,llmlingua2,0.3,0.2911,0.7089,0.6436,0.5734,0.6466,True,105,79,4.3889,0,1.6667
creat-096,creative,noop,1.0,1.0,0.0,1.0,1.0,1.0,True,111,75,4.1667,0,1.9444
creat-096,creative,random_deletion,0.7,0.6933,0.3067,0.8176,0.6909,0.784,True,111,75,4.1667,0,1.9444
creat-096,creative,llmlingua_qwen,0.7,1.0,0.0,1.0,1.0,1.0,True,111,75,4.1667,0,1.9444
creat-096,creative,llmlingua2,0.7,0.6667,0.3333,0.7275,0.6443,0.7466,False,111,75,4.1667,0,1.9444
creat-096,creative,random_deletion,0.5,0.5467,0.4533,0.7327,0.6616,0.7297,True,111,75,4.1667,0,1.9444
creat-096,creative,llmlingua_qwen,0.5,1.0,0.0,1.0,1.0,1.0,True,111,75,4.1667,0,1.9444
creat-096,creative,llmlingua2,0.5,0.4533,0.5467,0.6662,0.615,0.7207,True,111,75,4.1667,0,1.9444
creat-096,creative,random_deletion,0.3,0.28,0.72,0.5313,0.4325,0.6318,False,111,75,4.1667,0,1.9444
creat-096,creative,llmlingua_qwen,0.3,1.0,0.0,1.0,1.0,1.0,True,111,75,4.1667,0,1.9444
creat-096,creative,llmlingua2,0.3,0.24,0.76,0.6456,0.567,0.6926,True,111,75,4.1667,0,1.9444
creat-097,creative,noop,1.0,1.0,0.0,1.0,1.0,1.0,True,97,70,4.375,0,1.875
creat-097,creative,random_deletion,0.7,0.6571,0.3429,0.8133,0.5982,0.7365,False,97,70,4.375,0,1.875
creat-097,creative,llmlingua_qwen,0.7,1.0,0.0,1.0,1.0,1.0,True,97,70,4.375,0,1.875
creat-097,creative,llmlingua2,0.7,0.6857,0.3143,0.777,0.6785,0.7654,False,97,70,4.375,0,1.875
creat-097,creative,random_deletion,0.5,0.5,0.5,0.7321,0.6921,0.7767,True,97,70,4.375,0,1.875
creat-097,creative,llmlingua_qwen,0.5,1.0,0.0,1.0,1.0,1.0,True,97,70,4.375,0,1.875
creat-097,creative,llmlingua2,0.5,0.4857,0.5143,0.6506,0.6516,0.7533,True,97,70,4.375,0,1.875
creat-097,creative,random_deletion,0.3,0.2857,0.7143,0.6045,0.6457,0.744,True,97,70,4.375,0,1.875
creat-097,creative,llmlingua_qwen,0.3,1.0,0.0,1.0,1.0,1.0,True,97,70,4.375,0,1.875
creat-097,creative,llmlingua2,0.3,0.2857,0.7143,0.6156,0.5817,0.6622,False,97,70,4.375,0,1.875
creat-098,creative,noop,1.0,1.0,0.0,1.0,1.0,1.0,True,119,83,3.9524,0,1.7143
creat-098,creative,random_deletion,0.7,0.6506,0.3494,0.8042,0.6864,0.7604,True,119,83,3.9524,0,1.7143
creat-098,creative,llmlingua_qwen,0.7,1.0,0.0,1.0,1.0,1.0,True,119,83,3.9524,0,1.7143
creat-098,creative,llmlingua2,0.7,0.6506,0.3494,0.7723,0.6448,0.7388,False,119,83,3.9524,0,1.7143
creat-098,creative,random_deletion,0.5,0.4699,0.5301,0.6665,0.6194,0.7134,False,119,83,3.9524,0,1.7143
creat-098,creative,llmlingua_qwen,0.5,1.0,0.0,1.0,1.0,1.0,True,119,83,3.9524,0,1.7143
creat-098,creative,llmlingua2,0.5,0.4699,0.5301,0.6956,0.6211,0.7193,True,119,83,3.9524,0,1.7143
creat-098,creative,random_deletion,0.3,0.3253,0.6747,0.6404,0.5813,0.7007,False,119,83,3.9524,0,1.7143
creat-098,creative,llmlingua_qwen,0.3,1.0,0.0,1.0,1.0,1.0,True,119,83,3.9524,0,1.7143
creat-098,creative,llmlingua2,0.3,0.241,0.759,0.5481,0.62,0.7248,True,119,83,3.9524,0,1.7143
creat-099,creative,noop,1.0,1.0,0.0,1.0,1.0,1.0,True,101,72,4.0,0,1.6667
creat-099,creative,random_deletion,0.7,0.7361,0.2639,0.7619,0.7007,0.7911,True,101,72,4.0,0,1.6667
creat-099,creative,llmlingua_qwen,0.7,1.0,0.0,1.0,1.0,1.0,True,101,72,4.0,0,1.6667
creat-099,creative,llmlingua2,0.7,0.6528,0.3472,0.7006,0.6806,0.7845,True,101,72,4.0,0,1.6667
creat-099,creative,random_deletion,0.5,0.5,0.5,0.6867,0.6216,0.7361,False,101,72,4.0,0,1.6667
creat-099,creative,llmlingua_qwen,0.5,1.0,0.0,1.0,1.0,1.0,True,101,72,4.0,0,1.6667
creat-099,creative,llmlingua2,0.5,0.4306,0.5694,0.6108,0.643,0.7431,True,101,72,4.0,0,1.6667
creat-099,creative,random_deletion,0.3,0.25,0.75,0.6001,0.6154,0.6953,True,101,72,4.0,0,1.6667
creat-099,creative,llmlingua_qwen,0.3,1.0,0.0,1.0,1.0,1.0,True,101,72,4.0,0,1.6667
creat-099,creative,llmlingua2,0.3,0.2639,0.7361,0.5221,0.5861,0.6712,False,101,72,4.0,0,1.6667
creat-100,creative,noop,1.0,1.0,0.0,1.0,1.0,1.0,True,119,84,4.4211,0,2.1053
creat-100,creative,random_deletion,0.7,0.6905,0.3095,0.7938,0.7495,0.8049,False,119,84,4.4211,0,2.1053
creat-100,creative,llmlingua_qwen,0.7,1.0,0.0,1.0,1.0,1.0,True,119,84,4.4211,0,2.1053
creat-100,creative,llmlingua2,0.7,0.6429,0.3571,0.8468,0.7548,0.8226,True,119,84,4.4211,0,2.1053
creat-100,creative,random_deletion,0.5,0.5595,0.4405,0.688,0.6959,0.7698,True,119,84,4.4211,0,2.1053
creat-100,creative,llmlingua_qwen,0.5,1.0,0.0,1.0,1.0,1.0,True,119,84,4.4211,0,2.1053
creat-100,creative,llmlingua2,0.5,0.4524,0.5476,0.6562,0.6542,0.76,False,119,84,4.4211,0,2.1053
creat-100,creative,random_deletion,0.3,0.2619,0.7381,0.568,0.6631,0.7064,True,119,84,4.4211,0,2.1053
creat-100,creative,llmlingua_qwen,0.3,1.0,0.0,1.0,1.0,1.0,True,119,84,4.4211,0,2.1053
creat-100,creative,llmlingua2,0.3,0.2619,0.7381,0.6121,0.6384,0.7413,False,119,84,4.4211,0,2.1053
inst-101,instruction,noop,1.0,1.0,0.0,1.0,1.0,1.0,True,212,159,4.6765,0,1.9412
inst-101,instruction,random_deletion,0.7,0.7799,0.2201,0.8566,0.6976,0.7789,True,212,159,4.6765,0,1.9412
inst-101,instruction,llmlingua_qwen,0.7,0.8176,0.1824,0.7983,0.687,0.7661,False,212,159,4.6765,0,1.9412
inst-101,instruction,llmlingua2,0.7,0.6918,0.3082,0.7231,0.6252,0.7425,False,212,159,4.6765,0,1.9412
inst-101,instruction,random_deletion,0.5,0.4843,0.5157,0.7397,0.6318,0.7131,False,212,159,4.6765,0,1.9412
inst-101,instruction,llmlingua_qwen,0.5,0.6981,0.3019,0.7788,0.5931,0.713,False,212,159,4.6765,0,1.9412
inst-101,instruction,llmlingua2,0.5,0.4717,0.5283,0.6974,0.6006,0.7244,False,212,159,4.6765,0,1.9412
inst-101,instruction,random_deletion,0.3,0.2642,0.7358,0.6353,0.5548,0.6959,True,212,159,4.6765,0,1.9412
inst-101,instruction,llmlingua_qwen,0.3,0.5912,0.4088,0.6997,0.5238,0.664,False,212,159,4.6765,0,1.9412
inst-101,instruction,llmlingua2,0.3,0.2893,0.7107,0.568,0.6958,0.7791,True,212,159,4.6765,0,1.9412
inst-102,instruction,noop,1.0,1.0,0.0,1.0,1.0,1.0,True,196,140,4.1176,0,1.7647
inst-102,instruction,random_deletion,0.7,0.7286,0.2714,0.8547,0.8528,0.8753,False,196,140,4.1176,0,1.7647
inst-102,instruction,llmlingua_qwen,0.7,0.7786,0.2214,0.774,0.6374,0.7,False,196,140,4.1176,0,1.7647
inst-102,instruction,llmlingua2,0.7,0.7,0.3,0.7961,0.8621,0.8956,True,196,140,4.1176,0,1.7647
inst-102,instruction,random_deletion,0.5,0.5429,0.4571,0.7494,0.6022,0.6809,False,196,140,4.1176,0,1.7647
inst-102,instruction,llmlingua_qwen,0.5,0.6571,0.3429,0.7143,0.474,0.6146,False,196,140,4.1176,0,1.7647
inst-102,instruction,llmlingua2,0.5,0.4786,0.5214,0.66,0.5961,0.7206,False,196,140,4.1176,0,1.7647
inst-102,instruction,random_deletion,0.3,0.25,0.75,0.5602,0.4321,0.5875,True,196,140,4.1176,0,1.7647
inst-102,instruction,llmlingua_qwen,0.3,0.4786,0.5214,0.6481,0.4629,0.6139,False,196,140,4.1176,0,1.7647
inst-102,instruction,llmlingua2,0.3,0.2929,0.7071,0.5785,0.6462,0.7328,True,196,140,4.1176,0,1.7647
inst-103,instruction,noop,1.0,1.0,0.0,1.0,1.0,1.0,True,168,128,4.9231,2,2.1538
inst-103,instruction,random_deletion,0.7,0.6953,0.3047,0.8398,0.6294,0.7146,False,168,128,4.9231,2,2.1538
inst-103,instruction,llmlingua_qwen,0.7,0.8359,0.1641,0.8423,0.7261,0.7748,False,168,128,4.9231,2,2.1538
inst-103,instruction,llmlingua2,0.7,0.6719,0.3281,0.7584,0.7343,0.7924,True,168,128,4.9231,2,2.1538
inst-103,instruction,random_deletion,0.5,0.5547,0.4453,0.7062,0.6053,0.7227,False,168,128,4.9231,2,2.1538
inst-103,instruction,llmlingua_qwen,0.5,0.7969,0.2031,0.815,0.6584,0.7256,False,168,128,4.9231,2,2.1538
inst-103,instruction,llmlingua2,0.5,0.4766,0.5234,0.6502,0.6204,0.7306,False,168,128,4.9231,2,2.1538
inst-103,instruction,random_deletion,0.3,0.2969,0.7031,0.6445,0.6588,0.7254,True,168,128,4.9231,2,2.1538
inst-103,instruction,llmlingua_qwen,0.3,0.7109,0.2891,0.8237,0.7254,0.7804,False,168,128,4.9231,2,2.1538
inst-103,instruction,llmlingua2,0.3,0.25,0.75,0.5509,0.6462,0.7366,True,168,128,4.9231,2,2.1538
inst-104,instruction,noop,1.0,1.0,0.0,1.0,1.0,1.0,True,181,134,4.3226,0,1.7742
inst-104,instruction,random_deletion,0.7,0.7388,0.2612,0.8245,0.6947,0.7581,False,181,134,4.3226,0,1.7742
inst-104,instruction,llmlingua_qwen,0.7,0.9328,0.0672,0.9506,0.816,0.8501,True,181,134,4.3226,0,1.7742
inst-104,instruction,llmlingua2,0.7,0.694,0.306,0.7638,0.7599,0.7976,True,181,134,4.3226,0,1.7742
inst-104,instruction,random_deletion,0.5,0.4627,0.5373,0.7506,0.6625,0.7491,False,181,134,4.3226,0,1.7742
inst-104,instruction,llmlingua_qwen,0.5,0.903,0.097,0.9401,0.8132,0.8606,False,181,134,4.3226,0,1.7742
inst-104,instruction,llmlingua2,0.5,0.4627,0.5373,0.6713,0.7398,0.7841,True,181,134,4.3226,0,1.7742
inst-104,instruction,random_deletion,0.3,0.2761,0.7239,0.5802,0.6562,0.7182,True,181,134,4.3226,0,1.7742
inst-104,instruction,llmlingua_qwen,0.3,0.8657,0.1343,0.9185,0.8136,0.8489,True,181,134,4.3226,0,1.7742
inst-104,instruction,llmlingua2,0.3,0.2687,0.7313,0.58,0.6455,0.7297,True,181,134,4.3226,0,1.7742
inst-105,instruction,noop,1.0,1.0,0.0,1.0,1.0,1.0,True,156,117,4.5,0,1.9615
inst-105,instruction,random_deletion,0.7,0.6923,0.3077,0.7704,0.6905,0.7718,True,156,117,4.5,0,1.9615
inst-105,instruction,llmlingua_qwen,0.7,1.0,0.0,1.0,1.0,1.0,True,156,117,4.5,0,1.9615
inst-105,instruction,llmlingua2,0.7,0.7009,0.2991,0.7877,0.691,0.759,True,156,117,4.5,0,1.9615
inst-105,instruction,random_deletion,0.5,0.4957,0.5043,0.7493,0.6867,0.7646,True,156,117,4.5,0,1.9615
inst-105,instruction,llmlingua_qwen,0.5,1.0,0.0,1.0,1.0,1.0,True,156,117,4.5,0,1.9615
inst-105,instruction,llmlingua2,0.5,0.4872,0.5128,0.6448,0.6049,0.6932,False,156,117,4.5,0,1.9615
inst-105,instruction,random_deletion,0.3,0.2564,0.7436,0.5653,0.5759,0.6897,True,156,117,4.5,0,1.9615
inst-105,instruction,llmlingua_qwen,0.3,1.0,0.0,1.0,1.0,1.0,True,156,117,4.5,0,1.9615
inst-105,instruction,llmlingua2,0.3,0.2735,0.7265,0.5399,0.6246,0.7077,True,156,117,4.5,0,1.9615
inst-106,instruction,noop,1.0,1.0,0.0,1.0,1.0,1.0,True,196,144,4.5,0,1.9688
inst-106,instruction,random_deletion,0.7,0.6806,0.3194,0.7975,0.7533,0.7865,False,196,144,4.5,0,1.9688
inst-106,instruction,llmlingua_qwen,0.7,0.8403,0.1597,0.9181,0.7932,0.7988,False,196,144,4.5,0,1.9688
inst-106,instruction,llmlingua2,0.7,0.6736,0.3264,0.8056,0.8134,0.8064,True,196,144,4.5,0,1.9688
inst-106,instruction,random_deletion,0.5,0.5,0.5,0.6321,0.5674,0.6648,False,196,144,4.5,0,1.9688
inst-106,instruction,llmlingua_qwen,0.5,0.7292,0.2708,0.853,0.7818,0.7866,False,196,144,4.5,0,1.9688
inst-106,instruction,llmlingua2,0.5,0.4722,0.5278,0.7044,0.7251,0.8329,True,196,144,4.5,0,1.9688
inst-106,instruction,random_deletion,0.3,0.3194,0.6806,0.5718,0.4821,0.6057,False,196,144,4.5,0,1.9688
inst-106,instruction,llmlingua_qwen,0.3,0.6597,0.3403,0.7927,0.6332,0.7139,False,196,144,4.5,0,1.9688
inst-106,instruction,llmlingua2,0.3,0.2708,0.7292,0.6228,0.5778,0.6783,True,196,144,4.5,0,1.9688
inst-107,instruction,noop,1.0,1.0,0.0,1.0,1.0,1.0,True,174,117,3.7742,0,1.6452
inst-107,instruction,random_deletion,0.7,0.6838,0.3162,0.865,0.7411,0.7964,False,174,117,3.7742,0,1.6452
inst-107,instruction,llmlingua_qwen,0.7,1.0,0.0,1.0,1.0,1.0,True,174,117,3.7742,0,1.6452
inst-107,instruction,llmlingua2,0.7,0.6838,0.3162,0.7714,0.7539,0.7815,True,174,117,3.7742,0,1.6452
inst-107,instruction,random_deletion,0.5,0.5897,0.4103,0.7497,0.6736,0.7373,False,174,117,3.7742,0,1.6452
inst-107,instruction,llmlingua_qwen,0.5,1.0,0.0,1.0,1.0,1.0,True,174,117,3.7742,0,1.6452
inst-107,instruction,llmlingua2,0.5,0.4615,0.5385,0.6869,0.7137,0.748,True,174,117,3.7742,0,1.6452
inst-107,instruction,random_deletion,0.3,0.2906,0.7094,0.6166,0.5349,0.6952,False,174,117,3.7742,0,1.6452
inst-107,instruction,llmlingua_qwen,0.3,1.0,0.0,1.0,1.0,1.0,True,174,117,3.7742,0,1.6452
inst-107,instruction,llmlingua2,0.3,0.2906,0.7094,0.6628,0.6953,0.7441,True,174,117,3.7742,0,1.6452
inst-108,instruction,noop,1.0,1.0,0.0,1.0,1.0,1.0,True,178,131,4.6786,0,1.8929
inst-108,instruction,random_deletion,0.7,0.7023,0.2977,0.8231,0.8401,0.8853,True,178,131,4.6786,0,1.8929
inst-108,instruction,llmlingua_qwen,0.7,0.8931,0.1069,0.9486,0.7966,0.8416,False,178,131,4.6786,0,1.8929
inst-108,instruction,llmlingua2,0.7,0.687,0.313,0.7885,0.7523,0.8333,False,178,131,4.6786,0,1.8929
inst-108,instruction,random_deletion,0.5,0.5038,0.4962,0.7256,0.7165,0.789,False,178,131,4.6786,0,1.8929
inst-108,instruction,llmlingua_qwen,0.5,0.8931,0.1069,0.9486,0.7966,0.8416,False,178,131,4.6786,0,1.8929
inst-108,instruction,llmlingua2,0.5,0.4733,0.5267,0.6811,0.7481,0.8187,False,178,131,4.6786,0,1.8929
inst-108,instruction,random_deletion,0.3,0.2748,0.7252,0.5884,0.6661,0.7553,True,178,131,4.6786,0,1.8929
inst-108,instruction,llmlingua_qwen,0.3,0.8473,0.1527,0.9004,0.7929,0.8354,False,178,131,4.6786,0,1.8929
inst-108,instruction,llmlingua2,0.3,0.2977,0.7023,0.6398,0.7599,0.8338,True,178,131,4.6786,0,1.8929
inst-109,instruction,noop,1.0,1.0,0.0,1.0,1.0,1.0,True,181,131,4.2258,0,1.871
inst-109,instruction,random_deletion,0.7,0.687,0.313,0.8078,0.7173,0.779,False,181,131,4.2258,0,1.871
inst-109,instruction,llmlingua_qwen,0.7,0.916,0.084,0.8888,0.8608,0.8867,True,181,131,4.2258,0,1.871
inst-109,instruction,llmlingua2,0.7,0.6565,0.3435,0.7826,0.7634,0.8067,True,181,131,4.2258,0,1.871
inst-109,instruction,random_deletion,0.5,0.5267,0.4733,0.7207,0.6701,0.7212,False,181,131,4.2258,0,1.871
inst-109,instruction,llmlingua_qwen,0.5,0.8321,0.1679,0.8284,0.7146,0.7833,False,181,131,4.2258,0,1.871
inst-109,instruction,llmlingua2,0.5,0.4733,0.5267,0.6961,0.7495,0.7851,True,181,131,4.2258,0,1.871
inst-109,instruction,random_deletion,0.3,0.2824,0.7176,0.5909,0.6504,0.7301,True,181,131,4.2258,0,1.871
inst-109,instruction,llmlingua_qwen,0.3,0.7252,0.2748,0.8121,0.7089,0.7601,False,181,131,4.2258,0,1.871
inst-109,instruction,llmlingua2,0.3,0.2824,0.7176,0.5524,0.6293,0.7428,False,181,131,4.2258,0,1.871
inst-110,instruction,noop,1.0,1.0,0.0,1.0,1.0,1.0,True,173,130,4.6429,0,2.1429
inst-110,instruction,random_deletion,0.7,0.7923,0.2077,0.8787,0.8705,0.9078,True,173,130,4.6429,0,2.1429
inst-110,instruction,llmlingua_qwen,0.7,0.8538,0.1462,0.867,0.7902,0.8425,False,173,130,4.6429,0,2.1429
inst-110,instruction,llmlingua2,0.7,0.6615,0.3385,0.7296,0.8143,0.8711,True,173,130,4.6429,0,2.1429
inst-110,instruction,random_deletion,0.5,0.5,0.5,0.7497,0.6427,0.7174,False,173,130,4.6429,0,2.1429
inst-110,instruction,llmlingua_qwen,0.5,0.7923,0.2077,0.823,0.8345,0.8772,False,173,130,4.6429,0,2.1429
inst-110,instruction,llmlingua2,0.5,0.4923,0.5077,0.718,0.8051,0.8572,True,173,130,4.6429,0,2.1429
inst-110,instruction,random_deletion,0.3,0.2692,0.7308,0.5963,0.6065,0.6898,False,173,130,4.6429,0,2.1429
inst-110,instruction,llmlingua_qwen,0.3,0.7231,0.2769,0.8127,0.7894,0.8402,False,173,130,4.6429,0,2.1429
inst-110,instruction,llmlingua2,0.3,0.2692,0.7308,0.6287,0.6322,0.7037,True,173,130,4.6429,0,2.1429
inst-111,instruction,noop,1.0,1.0,0.0,1.0,1.0,1.0,True,167,128,4.7407,0,1.8889
inst-111,instruction,random_deletion,0.7,0.7109,0.2891,0.8372,0.7808,0.8306,False,167,128,4.7407,0,1.8889
inst-111,instruction,llmlingua_qwen,0.7,0.9609,0.0391,0.9533,0.8006,0.8523,False,167,128,4.7407,0,1.8889
inst-111,instruction,llmlingua2,0.7,0.6641,0.3359,0.7388,0.824,0.8614,True,167,128,4.7407,0,1.8889
inst-111,instruction,random_deletion,0.5,0.5312,0.4688,0.7272,0.6846,0.7749,False,167,128,4.7407,0,1.8889
inst-111,instruction,llmlingua_qwen,0.5,0.9531,0.0469,0.9322,0.8003,0.8436,False,167,128,4.7407,0,1.8889
inst-111,instruction,llmlingua2,0.5,0.4688,0.5312,0.6659,0.7855,0.8292,True,167,128,4.7407,0,1.8889
inst-111,instruction,random_deletion,0.3,0.2969,0.7031,0.5471,0.6338,0.6921,False,167,128,4.7407,0,1.8889
inst-111,instruction,llmlingua_qwen,0.3,0.9375,0.0625,0.9166,0.808,0.8456,False,167,128,4.7407,0,1.8889
inst-111,instruction,llmlingua2,0.3,0.2734,0.7266,0.5774,0.7047,0.7783,True,167,128,4.7407,0,1.8889
inst-112,instruction,noop,1.0,1.0,0.0,1.0,1.0,1.0,True,167,128,4.7407,0,2.0
inst-112,instruction,random_deletion,0.7,0.7188,0.2812,0.8507,0.7376,0.7436,False,167,128,4.7407,0,2.0
inst-112,instruction,llmlingua_qwen,0.7,0.8906,0.1094,0.8831,0.7594,0.8039,False,167,128,4.7407,0,2.0
inst-112,instruction,llmlingua2,0.7,0.6562,0.3438,0.7612,0.7637,0.7797,True,167,128,4.7407,0,2.0
inst-112,instruction,random_deletion,0.5,0.4922,0.5078,0.7208,0.65,0.7231,True,167,128,4.7407,0,2.0
inst-112,instruction,llmlingua_qwen,0.5,0.8672,0.1328,0.8916,0.7272,0.8002,False,167,128,4.7407,0,2.0
inst-112,instruction,llmlingua2,0.5,0.4609,0.5391,0.6987,0.6037,0.685,True,167,128,4.7407,0,2.0
inst-112,instruction,random_deletion,0.3,0.2734,0.7266,0.6712,0.5612,0.6482,True,167,128,4.7407,0,2.0
inst-112,instruction,llmlingua_qwen,0.3,0.8359,0.1641,0.9013,0.7682,0.8027,True,167,128,4.7407,0,2.0
inst-112,instruction,llmlingua2,0.3,0.2812,0.7188,0.5949,0.3719,0.5568,False,167,128,4.7407,0,2.0
inst-113,instruction,noop,1.0,1.0,0.0,1.0,1.0,1.0,True,162,118,4.069,1,1.6897
inst-113,instruction,random_deletion,0.7,0.7119,0.2881,0.7806,0.7119,0.7754,False,162,118,4.069,1,1.6897
inst-113,instruction,llmlingua_qwen,0.7,0.9831,0.0169,0.9647,0.9313,0.9435,True,162,118,4.069,1,1.6897
inst-113,instruction,llmlingua2,0.7,0.678,0.322,0.7464,0.7545,0.809,True,162,118,4.069,1,1.6897
inst-113,instruction,random_deletion,0.5,0.4746,0.5254,0.6431,0.6283,0.7226,False,162,118,4.069,1,1.6897
inst-113,instruction,llmlingua_qwen,0.5,0.9831,0.0169,0.9647,0.9313,0.9435,True,162,118,4.069,1,1.6897
inst-113,instruction,llmlingua2,0.5,0.4661,0.5339,0.649,0.7378,0.8014,True,162,118,4.069,1,1.6897
inst-113,instruction,random_deletion,0.3,0.322,0.678,0.5866,0.6922,0.7648,False,162,118,4.069,1,1.6897
inst-113,instruction,llmlingua_qwen,0.3,0.9831,0.0169,0.9647,0.9313,0.9435,True,162,118,4.069,1,1.6897
inst-113,instruction,llmlingua2,0.3,0.2881,0.7119,0.6148,0.7027,0.7802,True,162,118,4.069,1,1.6897
inst-114,instruction,noop,1.0,1.0,0.0,1.0,1.0,1.0,True,185,144,4.5,1,1.9062
inst-114,instruction,random_deletion,0.7,0.6597,0.3403,0.738,0.525,0.6451,False,185,144,4.5,1,1.9062
inst-114,instruction,llmlingua_qwen,0.7,0.8194,0.1806,0.8668,0.75,0.7752,False,185,144,4.5,1,1.9062
inst-114,instruction,llmlingua2,0.7,0.6806,0.3194,0.8202,0.7637,0.8029,True,185,144,4.5,1,1.9062
inst-114,instruction,random_deletion,0.5,0.4792,0.5208,0.7528,0.661,0.7358,True,185,144,4.5,1,1.9062
inst-114,instruction,llmlingua_qwen,0.5,0.7569,0.2431,0.8552,0.7785,0.7886,True,185,144,4.5,1,1.9062
inst-114,instruction,llmlingua2,0.5,0.4583,0.5417,0.6828,0.6485,0.6978,True,185,144,4.5,1,1.9062
inst-114,instruction,random_deletion,0.3,0.2917,0.7083,0.5884,0.4036,0.5854,False,185,144,4.5,1,1.9062
inst-114,instruction,llmlingua_qwen,0.3,0.7083,0.2917,0.8481,0.7192,0.736,False,185,144,4.5,1,1.9062
inst-114,instruction,llmlingua2,0.3,0.2639,0.7361,0.5766,0.4773,0.6161,True,185,144,4.5,1,1.9062
inst-115,instruction,noop,1.0,1.0,0.0,1.0,1.0,1.0,True,162,123,4.7308,0,1.9231
inst-115,instruction,random_deletion,0.7,0.6992,0.3008,0.8142,0.7559,0.804,True,162,123,4.7308,0,1.9231
inst-115,instruction,llmlingua_qwen,0.7,0.935,0.065,0.9393,0.8564,0.8725,True,162,123,4.7308,0,1.9231
inst-115,instruction,llmlingua2,0.7,0.6829,0.3171,0.7974,0.7476,0.8034,True,162,123,4.7308,0,1.9231
inst-115,instruction,random_deletion,0.5,0.5041,0.4959,0.6539,0.6642,0.7569,False,162,123,4.7308,0,1.9231
inst-115,instruction,llmlingua_qwen,0.5,0.9268,0.0732,0.9429,0.8422,0.8599,True,162,123,4.7308,0,1.9231
inst-115,instruction,llmlingua2,0.5,0.4715,0.5285,0.6544,0.6951,0.7733,False,162,123,4.7308,0,1.9231
inst-115,instruction,random_deletion,0.3,0.3496,0.6504,0.5628,0.7346,0.7876,True,162,123,4.7308,0,1.9231
inst-115,instruction,llmlingua_qwen,0.3,0.9268,0.0732,0.9429,0.8422,0.8599,True,162,123,4.7308,0,1.9231
inst-115,instruction,llmlingua2,0.3,0.2683,0.7317,0.5339,0.7123,0.7638,True,162,123,4.7308,0,1.9231
inst-116,instruction,noop,1.0,1.0,0.0,1.0,1.0,1.0,True,250,188,4.0,7,1.8723
inst-116,instruction,random_deletion,0.7,0.6809,0.3191,0.8233,0.5772,0.6945,True,250,188,4.0,7,1.8723
inst-116,instruction,llmlingua_qwen,0.7,0.9894,0.0106,0.9875,0.9561,0.9553,False,250,188,4.0,7,1.8723
inst-116,instruction,llmlingua2,0.7,0.6915,0.3085,0.7862,0.8663,0.8863,True,250,188,4.0,7,1.8723
inst-116,instruction,random_deletion,0.5,0.5266,0.4734,0.7551,0.5399,0.6644,True,250,188,4.0,7,1.8723
inst-116,instruction,llmlingua_qwen,0.5,0.9894,0.0106,0.9875,0.9561,0.9553,False,250,188,4.0,7,1.8723
inst-116,instruction,llmlingua2,0.5,0.4787,0.5213,0.6608,0.4484,0.6131,True,250,188,4.0,7,1.8723
inst-116,instruction,random_deletion,0.3,0.3298,0.6702,0.6092,0.4102,0.5903,False,250,188,4.0,7,1.8723
inst-116,instruction,llmlingua_qwen,0.3,0.9787,0.0213,0.9825,0.9581,0.8959,True,250,188,4.0,7,1.8723
inst-116,instruction,llmlingua2,0.3,0.2766,0.7234,0.5471,0.4285,0.5968,True,250,188,4.0,7,1.8723
inst-117,instruction,noop,1.0,1.0,0.0,1.0,1.0,1.0,True,174,124,4.4286,1,2.0
inst-117,instruction,random_deletion,0.7,0.6935,0.3065,0.8286,0.8049,0.8327,True,174,124,4.4286,1,2.0
inst-117,instruction,llmlingua_qwen,0.7,0.8548,0.1452,0.8517,0.7508,0.7997,False,174,124,4.4286,1,2.0
inst-117,instruction,llmlingua2,0.7,0.6694,0.3306,0.7648,0.758,0.7723,True,174,124,4.4286,1,2.0
inst-117,instruction,random_deletion,0.5,0.4435,0.5565,0.6598,0.6597,0.7333,False,174,124,4.4286,1,2.0
inst-117,instruction,llmlingua_qwen,0.5,0.75,0.25,0.8246,0.8116,0.8329,False,174,124,4.4286,1,2.0
inst-117,instruction,llmlingua2,0.5,0.4677,0.5323,0.6432,0.7312,0.7507,True,174,124,4.4286,1,2.0
inst-117,instruction,random_deletion,0.3,0.2581,0.7419,0.5824,0.6686,0.7209,True,174,124,4.4286,1,2.0
inst-117,instruction,llmlingua_qwen,0.3,0.7097,0.2903,0.8323,0.8143,0.8315,True,174,124,4.4286,1,2.0
inst-117,instruction,llmlingua2,0.3,0.2661,0.7339,0.5798,0.7241,0.7453,True,174,124,4.4286,1,2.0
inst-118,instruction,noop,1.0,1.0,0.0,1.0,1.0,1.0,True,215,158,4.5143,2,2.0571
inst-118,instruction,random_deletion,0.7,0.6646,0.3354,0.7547,0.6406,0.7192,True,215,158,4.5143,2,2.0571
inst-118,instruction,llmlingua_qwen,0.7,0.6899,0.3101,0.6328,0.6067,0.6867,False,215,158,4.5143,2,2.0571
inst-118,instruction,llmlingua2,0.7,0.6962,0.3038,0.83,0.708,0.73,True,215,158,4.5143,2,2.0571
inst-118,instruction,random_deletion,0.5,0.4747,0.5253,0.7736,0.6145,0.678,True,215,158,4.5143,2,2.0571
inst-118,instruction,llmlingua_qwen,0.5,0.4937,0.5063,0.5687,0.5897,0.6685,False,215,158,4.5143,2,2.0571
inst-118,instruction,llmlingua2,0.5,0.481,0.519,0.7012,0.4906,0.6312,False,215,158,4.5143,2,2.0571
inst-118,instruction,random_deletion,0.3,0.3291,0.6709,0.6342,0.5662,0.6729,True,215,158,4.5143,2,2.0571
inst-118,instruction,llmlingua_qwen,0.3,0.3354,0.6646,0.5415,0.5116,0.6292,False,215,158,4.5143,2,2.0571
inst-118,instruction,llmlingua2,0.3,0.2785,0.7215,0.6394,0.4763,0.6186,True,215,158,4.5143,2,2.0571
inst-119,instruction,noop,1.0,1.0,0.0,1.0,1.0,1.0,True,197,139,4.2121,2,1.9394
inst-119,instruction,random_deletion,0.7,0.6978,0.3022,0.7585,0.5966,0.725,False,197,139,4.2121,2,1.9394
inst-119,instruction,llmlingua_qwen,0.7,0.8777,0.1223,0.91,0.9716,0.9762,False,197,139,4.2121,2,1.9394
inst-119,instruction,llmlingua2,0.7,0.6906,0.3094,0.7763,0.713,0.8324,False,197,139,4.2121,2,1.9394
inst-119,instruction,random_deletion,0.5,0.5396,0.4604,0.6727,0.7912,0.8574,True,197,139,4.2121,2,1.9394
inst-119,instruction,llmlingua_qwen,0.5,0.8058,0.1942,0.8766,0.8872,0.9598,False,197,139,4.2121,2,1.9394
inst-119,instruction,llmlingua2,0.5,0.482,0.518,0.7113,0.7129,0.8203,True,197,139,4.2121,2,1.9394
inst-119,instruction,random_deletion,0.3,0.3237,0.6763,0.537,0.491,0.6886,False,197,139,4.2121,2,1.9394
inst-119,instruction,llmlingua_qwen,0.3,0.7194,0.2806,0.8754,0.9716,0.9762,True,197,139,4.2121,2,1.9394
inst-119,instruction,llmlingua2,0.3,0.2734,0.7266,0.5837,0.5456,0.7004,True,197,139,4.2121,2,1.9394
inst-120,instruction,noop,1.0,1.0,0.0,1.0,1.0,1.0,True,226,153,4.3714,2,2.0286
inst-120,instruction,random_deletion,0.7,0.7124,0.2876,0.7817,0.7077,0.7516,True,226,153,4.3714,2,2.0286
inst-120,instruction,llmlingua_qwen,0.7,0.7712,0.2288,0.7991,0.6897,0.7468,False,226,153,4.3714,2,2.0286
inst-120,instruction,llmlingua2,0.7,0.7255,0.2745,0.7262,0.6133,0.6929,False,226,153,4.3714,2,2.0286
inst-120,instruction,random_deletion,0.5,0.4837,0.5163,0.6703,0.5695,0.6802,True,226,153,4.3714,2,2.0286
inst-120,instruction,llmlingua_qwen,0.5,0.6993,0.3007,0.7767,0.6035,0.6891,False,226,153,4.3714,2,2.0286
inst-120,instruction,llmlingua2,0.5,0.5098,0.4902,0.6361,0.6174,0.6946,True,226,153,4.3714,2,2.0286
inst-120,instruction,random_deletion,0.3,0.3137,0.6863,0.5478,0.5155,0.6592,False,226,153,4.3714,2,2.0286
inst-120,instruction,llmlingua_qwen,0.3,0.6078,0.3922,0.7233,0.6393,0.7145,True,226,153,4.3714,2,2.0286
inst-120,instruction,llmlingua2,0.3,0.268,0.732,0.5444,0.5536,0.663,True,226,153,4.3714,2,2.0286
inst-121,instruction,noop,1.0,1.0,0.0,1.0,1.0,1.0,True,207,146,4.0556,2,1.9167
inst-121,instruction,random_deletion,0.7,0.6781,0.3219,0.813,0.7482,0.7424,False,207,146,4.0556,2,1.9167
inst-121,instruction,llmlingua_qwen,0.7,0.7945,0.2055,0.8375,0.7627,0.856,False,207,146,4.0556,2,1.9167
inst-121,instruction,llmlingua2,0.7,0.6918,0.3082,0.8035,0.7846,0.7652,False,207,146,4.0556,2,1.9167
inst-121,instruction,random_deletion,0.5,0.5068,0.4932,0.7024,0.7255,0.7517,False,207,146,4.0556,2,1.9167
inst-121,instruction,llmlingua_qwen,0.5,0.5959,0.4041,0.7549,0.745,0.8038,False,207,146,4.0556,2,1.9167
inst-121,instruction,llmlingua2,0.5,0.4795,0.5205,0.695,0.7902,0.7796,True,207,146,4.0556,2,1.9167
inst-121,instruction,random_deletion,0.3,0.2534,0.7466,0.5645,0.4641,0.6377,True,207,146,4.0556,2,1.9167
inst-121,instruction,llmlingua_qwen,0.3,0.4521,0.5479,0.6355,0.6707,0.7069,True,207,146,4.0556,2,1.9167
inst-121,instruction,llmlingua2,0.3,0.274,0.726,0.6063,0.5898,0.6701,True,207,146,4.0556,2,1.9167
inst-122,instruction,noop,1.0,1.0,0.0,1.0,1.0,1.0,True,184,148,5.1034,0,1.8966
inst-122,instruction,random_deletion,0.7,0.6824,0.3176,0.8288,0.6927,0.7771,False,184,148,5.1034,0,1.8966
inst-122,instruction,llmlingua_qwen,0.7,0.8311,0.1689,0.8397,0.7499,0.7994,True,184,148,5.1034,0,1.8966
inst-122,instruction,llmlingua2,0.7,0.6486,0.3514,0.8208,0.6939,0.7751,False,184,148,5.1034,0,1.8966
inst-122,instruction,random_deletion,0.5,0.4527,0.5473,0.6727,0.6674,0.76,True,184,148,5.1034,0,1.8966
inst-122,instruction,llmlingua_qwen,0.5,0.7365,0.2635,0.8014,0.7007,0.7821,False,184,148,5.1034,0,1.8966
inst-122,instruction,llmlingua2,0.5,0.4662,0.5338,0.7143,0.6935,0.7808,True,184,148,5.1034,0,1.8966
inst-122,instruction,random_deletion,0.3,0.277,0.723,0.6515,0.667,0.7571,True,184,148,5.1034,0,1.8966
inst-122,instruction,llmlingua_qwen,0.3,0.6149,0.3851,0.8059,0.7445,0.7865,True,184,148,5.1034,0,1.8966
inst-122,instruction,llmlingua2,0.3,0.25,0.75,0.5325,0.6646,0.7346,True,184,148,5.1034,0,1.8966
inst-123,instruction,noop,1.0,1.0,0.0,1.0,1.0,1.0,True,189,136,4.8571,0,2.2143
inst-123,instruction,random_deletion,0.7,0.7132,0.2868,0.8454,0.7798,0.8396,False,189,136,4.8571,0,2.2143
inst-123,instruction,llmlingua_qwen,0.7,0.7868,0.2132,0.7921,0.8454,0.8728,True,189,136,4.8571,0,2.2143
inst-123,instruction,llmlingua2,0.7,0.6912,0.3088,0.8055,0.8121,0.8563,True,189,136,4.8571,0,2.2143
inst-123,instruction,random_deletion,0.5,0.5,0.5,0.7463,0.7616,0.82,False,189,136,4.8571,0,2.2143
inst-123,instruction,llmlingua_qwen,0.5,0.6176,0.3824,0.6962,0.7689,0.8171,False,189,136,4.8571,0,2.2143
inst-123,instruction,llmlingua2,0.5,0.4706,0.5294,0.7007,0.7744,0.8172,True,189,136,4.8571,0,2.2143
inst-123,instruction,random_deletion,0.3,0.2941,0.7059,0.5428,0.6065,0.6672,False,189,136,4.8571,0,2.2143
inst-123,instruction,llmlingua_qwen,0.3,0.5588,0.4412,0.7138,0.7618,0.811,False,189,136,4.8571,0,2.2143
inst-123,instruction,llmlingua2,0.3,0.2794,0.7206,0.5413,0.6265,0.7107,True,189,136,4.8571,0,2.2143
inst-124,instruction,noop,1.0,1.0,0.0,1.0,1.0,1.0,True,178,121,4.3214,0,1.9643
inst-124,instruction,random_deletion,0.7,0.7107,0.2893,0.8583,0.8754,0.8953,True,178,121,4.3214,0,1.9643
inst-124,instruction,llmlingua_qwen,0.7,1.0,0.0,1.0,1.0,1.0,True,178,121,4.3214,0,1.9643
inst-124,instruction,llmlingua2,0.7,0.6777,0.3223,0.7689,0.8289,0.8648,True,178,121,4.3214,0,1.9643
inst-124,instruction,random_deletion,0.5,0.4711,0.5289,0.6811,0.6403,0.7457,False,178,121,4.3214,0,1.9643
inst-124,instruction,llmlingua_qwen,0.5,1.0,0.0,1.0,1.0,1.0,True,178,121,4.3214,0,1.9643
inst-124,instruction,llmlingua2,0.5,0.4711,0.5289,0.7095,0.6581,0.7484,False,178,121,4.3214,0,1.9643
inst-124,instruction,random_deletion,0.3,0.3223,0.6777,0.5647,0.6971,0.7591,True,178,121,4.3214,0,1.9643
inst-124,instruction,llmlingua_qwen,0.3,1.0,0.0,1.0,1.0,1.0,True,178,121,4.3214,0,1.9643
inst-124,instruction,llmlingua2,0.3,0.2727,0.7273,0.6361,0.6013,0.7316,True,178,121,4.3214,0,1.9643
inst-125,instruction,noop,1.0,1.0,0.0,1.0,1.0,1.0,True,173,123,4.3929,0,2.0
inst-125,instruction,random_deletion,0.7,0.7724,0.2276,0.839,0.758,0.8178,True,173,123,4.3929,0,2.0
inst-125,instruction,llmlingua_qwen,0.7,1.0,0.0,1.0,1.0,1.0,True,173,123,4.3929,0,2.0
inst-125,instruction,llmlingua2,0.7,0.6585,0.3415,0.7817,0.6666,0.6982,False,173,123,4.3929,0,2.0
inst-125,instruction,random_deletion,0.5,0.4797,0.5203,0.6723,0.642,0.7128,False,173,123,4.3929,0,2.0
inst-125,instruction,llmlingua_qwen,0.5,1.0,0.0,1.0,1.0,1.0,True,173,123,4.3929,0,2.0
inst-125,instruction,llmlingua2,0.5,0.4715,0.5285,0.6775,0.6873,0.73,False,173,123,4.3929,0,2.0
inst-125,instruction,random_deletion,0.3,0.2846,0.7154,0.5942,0.5902,0.6696,False,173,123,4.3929,0,2.0
inst-125,instruction,llmlingua_qwen,0.3,1.0,0.0,1.0,1.0,1.0,True,173,123,4.3929,0,2.0
inst-125,instruction,llmlingua2,0.3,0.2683,0.7317,0.5742,0.6945,0.7694,True,173,123,4.3929,0,2.0
summ-101,summarisation,noop,1.0,1.0,0.0,1.0,1.0,1.0,False,514,374,4.506,2,2.0
summ-101,summarisation,random_deletion,0.7,0.6845,0.3155,0.7975,0.6261,0.7842,False,514,374,4.506,2,2.0
summ-101,summarisation,llmlingua_qwen,0.7,0.9893,0.0107,0.994,1.0,1.0,True,514,374,4.506,2,2.0
summ-101,summarisation,llmlingua2,0.7,0.6952,0.3048,0.776,0.8924,0.9226,True,514,374,4.506,2,2.0
summ-101,summarisation,random_deletion,0.5,0.5187,0.4813,0.6923,0.698,0.7806,True,514,374,4.506,2,2.0
summ-101,summarisation,llmlingua_qwen,0.5,0.9893,0.0107,0.994,1.0,1.0,True,514,374,4.506,2,2.0
summ-101,summarisation,llmlingua2,0.5,0.492,0.508,0.6617,0.6971,0.766,True,514,374,4.506,2,2.0
summ-101,summarisation,random_deletion,0.3,0.3048,0.6952,0.5926,0.4613,0.5983,False,514,374,4.506,2,2.0
summ-101,summarisation,llmlingua_qwen,0.3,0.9893,0.0107,0.994,1.0,1.0,True,514,374,4.506,2,2.0
summ-101,summarisation,llmlingua2,0.3,0.2968,0.7032,0.5884,0.5827,0.6972,True,514,374,4.506,2,2.0
summ-102,summarisation,noop,1.0,1.0,0.0,1.0,1.0,1.0,True,459,331,4.1375,3,1.75
summ-102,summarisation,random_deletion,0.7,0.7251,0.2749,0.7942,0.6938,0.7696,False,459,331,4.1375,3,1.75
summ-102,summarisation,llmlingua_qwen,0.7,1.0,0.0,1.0,1.0,1.0,True,459,331,4.1375,3,1.75
summ-102,summarisation,llmlingua2,0.7,0.7069,0.2931,0.7722,0.7876,0.7982,True,459,331,4.1375,3,1.75
summ-102,summarisation,random_deletion,0.5,0.4955,0.5045,0.6801,0.7341,0.7901,False,459,331,4.1375,3,1.75
summ-102,summarisation,llmlingua_qwen,0.5,0.994,0.006,0.9932,0.9621,0.9029,True,459,331,4.1375,3,1.75
summ-102,summarisation,llmlingua2,0.5,0.4985,0.5015,0.6614,0.7511,0.798,True,459,331,4.1375,3,1.75
summ-102,summarisation,random_deletion,0.3,0.2991,0.7009,0.5331,0.4928,0.6326,False,459,331,4.1375,3,1.75
summ-102,summarisation,llmlingua_qwen,0.3,0.994,0.006,0.9932,0.9621,0.9029,True,459,331,4.1375,3,1.75
summ-102,summarisation,llmlingua2,0.3,0.29,0.71,0.5938,0.7481,0.7849,True,459,331,4.1375,3,1.75
summ-103,summarisation,noop,1.0,1.0,0.0,1.0,1.0,1.0,True,432,304,3.9481,2,1.6623
summ-103,summarisation,random_deletion,0.7,0.7039,0.2961,0.8243,0.8226,0.8569,False,432,304,3.9481,2,1.6623
summ-103,summarisation,llmlingua_qwen,0.7,0.9967,0.0033,0.9899,0.982,0.9868,True,432,304,3.9481,2,1.6623
summ-103,summarisation,llmlingua2,0.7,0.7039,0.2961,0.7677,0.8661,0.8513,True,432,304,3.9481,2,1.6623
summ-103,summarisation,random_deletion,0.5,0.5,0.5,0.6543,0.7272,0.7814,False,432,304,3.9481,2,1.6623
summ-103,summarisation,llmlingua_qwen,0.5,0.9967,0.0033,0.9899,0.982,0.9868,True,432,304,3.9481,2,1.6623
summ-103,summarisation,llmlingua2,0.5,0.4934,0.5066,0.6588,0.777,0.8003,True,432,304,3.9481,2,1.6623
summ-103,summarisation,random_deletion,0.3,0.2895,0.7105,0.5672,0.5519,0.6537,True,432,304,3.9481,2,1.6623
summ-103,summarisation,llmlingua_qwen,0.3,0.9967,0.0033,0.9899,0.982,0.9868,True,432,304,3.9481,2,1.6623
summ-103,summarisation,llmlingua2,0.3,0.2993,0.7007,0.5719,0.5061,0.6574,False,432,304,3.9481,2,1.6623
summ-104,summarisation,noop,1.0,1.0,0.0,1.0,1.0,1.0,True,498,366,4.022,2,1.7582
summ-104,summarisation,random_deletion,0.7,0.6885,0.3115,0.8092,0.7738,0.8181,True,498,366,4.022,2,1.7582
summ-104,summarisation,llmlingua_qwen,0.7,0.724,0.276,0.7418,0.6905,0.7793,False,498,366,4.022,2,1.7582
summ-104,summarisation,llmlingua2,0.7,0.6885,0.3115,0.7904,0.7551,0.7794,False,498,366,4.022,2,1.7582
summ-104,summarisation,random_deletion,0.5,0.4699,0.5301,0.6837,0.7157,0.7786,True,498,366,4.022,2,1.7582
summ-104,summarisation,llmlingua_qwen,0.5,0.5546,0.4454,0.646,0.656,0.7305,False,498,366,4.022,2,1.7582
summ-104,summarisation,llmlingua2,0.5,0.5,0.5,0.6667,0.67,0.7448,False,498,366,4.022,2,1.7582
summ-104,summarisation,random_deletion,0.3,0.2923,0.7077,0.6277,0.6124,0.7155,False,498,366,4.022,2,1.7582
summ-104,summarisation,llmlingua_qwen,0.3,0.3224,0.6776,0.5653,0.5319,0.6777,False,498,366,4.022,2,1.7582
summ-104,summarisation,llmlingua2,0.3,0.2869,0.7131,0.5727,0.6303,0.7226,True,498,366,4.022,2,1.7582
summ-105,summarisation,noop,1.0,1.0,0.0,1.0,1.0,1.0,True,455,325,4.1139,2,1.8734
summ-105,summarisation,random_deletion,0.7,0.6954,0.3046,0.8197,0.7754,0.8174,True,455,325,4.1139,2,1.8734
summ-105,summarisation,llmlingua_qwen,0.7,1.0,0.0,1.0,1.0,1.0,True,455,325,4.1139,2,1.8734
summ-105,summarisation,llmlingua2,0.7,0.6923,0.3077,0.7936,0.7481,0.7835,True,455,325,4.1139,2,1.8734
summ-105,summarisation,random_deletion,0.5,0.4831,0.5169,0.7179,0.6171,0.7225,False,455,325,4.1139,2,1.8734
summ-105,summarisation,llmlingua_qwen,0.5,1.0,0.0,1.0,1.0,1.0,True,455,325,4.1139,2,1.8734
summ-105,summarisation,llmlingua2,0.5,0.4923,0.5077,0.6813,0.673,0.7577,True,455,325,4.1139,2,1.8734
summ-105,summarisation,random_deletion,0.3,0.32,0.68,0.59,0.6306,0.7282,True,455,325,4.1139,2,1.8734
summ-105,summarisation,llmlingua_qwen,0.3,1.0,0.0,1.0,1.0,1.0,True,455,325,4.1139,2,1.8734
summ-105,summarisation,llmlingua2,0.3,0.2892,0.7108,0.5912,0.6202,0.7272,True,455,325,4.1139,2,1.8734
summ-106,summarisation,noop,1.0,1.0,0.0,1.0,1.0,1.0,True,445,324,4.5634,3,1.9859
summ-106,summarisation,random_deletion,0.7,0.7191,0.2809,0.818,0.7446,0.8162,False,445,324,4.5634,3,1.9859
summ-106,summarisation,llmlingua_qwen,0.7,0.9969,0.0031,0.9928,0.8637,0.86,True,445,324,4.5634,3,1.9859
summ-106,summarisation,llmlingua2,0.7,0.7037,0.2963,0.7689,0.7794,0.7903,True,445,324,4.5634,3,1.9859
summ-106,summarisation,random_deletion,0.5,0.5895,0.4105,0.6917,0.6335,0.7095,False,445,324,4.5634,3,1.9859
summ-106,summarisation,llmlingua_qwen,0.5,0.9969,0.0031,0.9928,0.8637,0.86,True,445,324,4.5634,3,1.9859
summ-106,summarisation,llmlingua2,0.5,0.4877,0.5123,0.6677,0.6908,0.734,True,445,324,4.5634,3,1.9859
summ-106,summarisation,random_deletion,0.3,0.3148,0.6852,0.6102,0.5925,0.7198,False,445,324,4.5634,3,1.9859
summ-106,summarisation,llmlingua_qwen,0.3,0.9969,0.0031,0.9928,0.8637,0.86,True,445,324,4.5634,3,1.9859
summ-106,summarisation,llmlingua2,0.3,0.2932,0.7068,0.5761,0.6729,0.7767,True,445,324,4.5634,3,1.9859
summ-107,summarisation,noop,1.0,1.0,0.0,1.0,1.0,1.0,True,531,375,4.5181,2,2.0843
summ-107,summarisation,random_deletion,0.7,0.68,0.32,0.7948,0.7374,0.7928,False,531,375,4.5181,2,2.0843
summ-107,summarisation,llmlingua_qwen,0.7,0.68,0.32,0.6539,0.7513,0.8184,False,531,375,4.5181,2,2.0843
summ-107,summarisation,llmlingua2,0.7,0.688,0.312,0.7761,0.8359,0.8625,True,531,375,4.5181,2,2.0843
summ-107,summarisation,random_deletion,0.5,0.536,0.464,0.7074,0.7352,0.7821,False,531,375,4.5181,2,2.0843
summ-107,summarisation,llmlingua_qwen,0.5,0.5013,0.4987,0.5527,0.6262,0.7279,False,531,375,4.5181,2,2.0843
summ-107,summarisation,llmlingua2,0.5,0.5013,0.4987,0.6582,0.7649,0.8032,True,531,375,4.5181,2,2.0843
summ-107,summarisation,random_deletion,0.3,0.304,0.696,0.5799,0.5914,0.6989,False,531,375,4.5181,2,2.0843
summ-107,summarisation,llmlingua_qwen,0.3,0.3227,0.6773,0.4549,0.4951,0.6519,False,531,375,4.5181,2,2.0843
summ-107,summarisation,llmlingua2,0.3,0.288,0.712,0.5716,0.7104,0.7879,True,531,375,4.5181,2,2.0843
summ-108,summarisation,noop,1.0,1.0,0.0,1.0,1.0,1.0,True,486,342,4.275,2,1.825
summ-108,summarisation,random_deletion,0.7,0.7456,0.2544,0.7877,0.8096,0.8633,True,486,342,4.275,2,1.825
summ-108,summarisation,llmlingua_qwen,0.7,0.9912,0.0088,0.9843,0.9287,0.947,True,486,342,4.275,2,1.825
summ-108,summarisation,llmlingua2,0.7,0.6901,0.3099,0.7565,0.7501,0.7968,True,486,342,4.275,2,1.825
summ-108,summarisation,random_deletion,0.5,0.4825,0.5175,0.6754,0.7064,0.7769,True,486,342,4.275,2,1.825
summ-108,summarisation,llmlingua_qwen,0.5,0.9912,0.0088,0.9843,0.9287,0.947,True,486,342,4.275,2,1.825
summ-108,summarisation,llmlingua2,0.5,0.4854,0.5146,0.666,0.6851,0.7598,False,486,342,4.275,2,1.825
summ-108,summarisation,random_deletion,0.3,0.307,0.693,0.5955,0.5564,0.6946,False,486,342,4.275,2,1.825
summ-108,summarisation,llmlingua_qwen,0.3,0.9912,0.0088,0.9843,0.9287,0.947,True,486,342,4.275,2,1.825
summ-108,summarisation,llmlingua2,0.3,0.2778,0.7222,0.55,0.6159,0.7049,True,486,342,4.275,2,1.825
summ-109,summarisation,noop,1.0,1.0,0.0,1.0,1.0,1.0,True,444,313,4.3472,2,1.8472
summ-109,summarisation,random_deletion,0.7,0.6901,0.3099,0.8226,0.7694,0.8122,True,444,313,4.3472,2,1.8472
summ-109,summarisation,llmlingua_qwen,0.7,0.9904,0.0096,0.9858,0.977,0.9751,True,444,313,4.3472,2,1.8472
summ-109,summarisation,llmlingua2,0.7,0.6965,0.3035,0.7633,0.835,0.8518,True,444,313,4.3472,2,1.8472
summ-109,summarisation,random_deletion,0.5,0.5048,0.4952,0.7104,0.6448,0.7626,False,444,313,4.3472,2,1.8472
summ-109,summarisation,llmlingua_qwen,0.5,0.9904,0.0096,0.9858,0.977,0.9751,True,444,313,4.3472,2,1.8472
summ-109,summarisation,llmlingua2,0.5,0.4952,0.5048,0.6613,0.7388,0.7804,True,444,313,4.3472,2,1.8472
summ-109,summarisation,random_deletion,0.3,0.3003,0.6997,0.5688,0.6467,0.7136,False,444,313,4.3472,2,1.8472
summ-109,summarisation,llmlingua_qwen,0.3,0.9904,0.0096,0.9858,0.977,0.9751,True,444,313,4.3472,2,1.8472
summ-109,summarisation,llmlingua2,0.3,0.2875,0.7125,0.5809,0.696,0.7474,True,444,313,4.3472,2,1.8472
summ-110,summarisation,noop,1.0,1.0,0.0,1.0,1.0,1.0,True,435,329,4.3867,2,1.9333
summ-110,summarisation,random_deletion,0.7,0.6717,0.3283,0.7987,0.7127,0.8132,False,435,329,4.3867,2,1.9333
summ-110,summarisation,llmlingua_qwen,0.7,1.0,0.0,1.0,1.0,1.0,True,435,329,4.3867,2,1.9333
summ-110,summarisation,llmlingua2,0.7,0.6839,0.3161,0.7966,0.8276,0.8807,True,435,329,4.3867,2,1.9333
summ-110,summarisation,random_deletion,0.5,0.5046,0.4954,0.6921,0.6311,0.7296,False,435,329,4.3867,2,1.9333
summ-110,summarisation,llmlingua_qwen,0.5,0.9818,0.0182,0.9937,0.9361,0.9548,True,435,329,4.3867,2,1.9333
summ-110,summarisation,llmlingua2,0.5,0.4924,0.5076,0.6719,0.7248,0.8054,True,435,329,4.3867,2,1.9333
summ-110,summarisation,random_deletion,0.3,0.2979,0.7021,0.5046,0.5916,0.7044,False,435,329,4.3867,2,1.9333
summ-110,summarisation,llmlingua_qwen,0.3,0.9818,0.0182,0.9937,0.9361,0.9548,True,435,329,4.3867,2,1.9333
summ-110,summarisation,llmlingua2,0.3,0.2796,0.7204,0.5774,0.6453,0.764,True,435,329,4.3867,2,1.9333
summ-111,summarisation,noop,1.0,1.0,0.0,1.0,1.0,1.0,True,402,299,4.0959,2,1.8219
summ-111,summarisation,random_deletion,0.7,0.6756,0.3244,0.803,0.7254,0.7875,True,402,299,4.0959,2,1.8219
summ-111,summarisation,llmlingua_qwen,0.7,1.0,0.0,1.0,1.0,1.0,True,402,299,4.0959,2,1.8219
summ-111,summarisation,llmlingua2,0.7,0.699,0.301,0.7356,0.6781,0.757,False,402,299,4.0959,2,1.8219
summ-111,summarisation,random_deletion,0.5,0.5184,0.4816,0.7205,0.6582,0.7338,False,402,299,4.0959,2,1.8219
summ-111,summarisation,llmlingua_qwen,0.5,1.0,0.0,1.0,1.0,1.0,True,402,299,4.0959,2,1.8219
summ-111,summarisation,llmlingua2,0.5,0.4916,0.5084,0.6543,0.7117,0.7727,True,402,299,4.0959,2,1.8219
summ-111,summarisation,random_deletion,0.3,0.2977,0.7023,0.5616,0.4763,0.6568,False,402,299,4.0959,2,1.8219
summ-111,summarisation,llmlingua_qwen,0.3,0.9933,0.0067,0.9925,0.9089,0.937,True,402,299,4.0959,2,1.8219
summ-111,summarisation,llmlingua2,0.3,0.2809,0.7191,0.5102,0.6483,0.7488,True,402,299,4.0959,2,1.8219
summ-112,summarisation,noop,1.0,1.0,0.0,1.0,1.0,1.0,True,450,336,4.1481,2,1.7901
summ-112,summarisation,random_deletion,0.7,0.6875,0.3125,0.8171,0.7514,0.8316,False,450,336,4.1481,2,1.7901
summ-112,summarisation,llmlingua_qwen,0.7,0.994,0.006,0.9909,0.9919,0.9916,True,450,336,4.1481,2,1.7901
summ-112,summarisation,llmlingua2,0.7,0.6696,0.3304,0.7644,0.8164,0.8594,True,450,336,4.1481,2,1.7901
summ-112,summarisation,random_deletion,0.5,0.506,0.494,0.6609,0.6842,0.769,False,450,336,4.1481,2,1.7901
summ-112,summarisation,llmlingua_qwen,0.5,0.994,0.006,0.9909,0.9919,0.9916,True,450,336,4.1481,2,1.7901
summ-112,summarisation,llmlingua2,0.5,0.4821,0.5179,0.6666,0.773,0.8144,True,450,336,4.1481,2,1.7901
summ-112,summarisation,random_deletion,0.3,0.2917,0.7083,0.6128,0.6248,0.7335,False,450,336,4.1481,2,1.7901
summ-112,summarisation,llmlingua_qwen,0.3,0.9911,0.0089,0.9852,0.9751,0.9882,True,450,336,4.1481,2,1.7901
summ-112,summarisation,llmlingua2,0.3,0.2827,0.7173,0.55,0.6266,0.7307,True,450,336,4.1481,2,1.7901
summ-113,summarisation,noop,1.0,1.0,0.0,1.0,1.0,1.0,True,428,289,3.7532,5,1.7143
summ-113,summarisation,random_deletion,0.7,0.7163,0.2837,0.8186,0.778,0.8512,True,428,289,3.7532,5,1.7143
summ-113,summarisation,llmlingua_qwen,0.7,0.9931,0.0069,0.989,0.9788,0.9784,True,428,289,3.7532,5,1.7143
summ-113,summarisation,llmlingua2,0.7,0.7163,0.2837,0.7648,0.6648,0.7508,False,428,289,3.7532,5,1.7143
summ-113,summarisation,random_deletion,0.5,0.481,0.519,0.6977,0.7572,0.8272,True,428,289,3.7532,5,1.7143
summ-113,summarisation,llmlingua_qwen,0.5,0.9931,0.0069,0.989,0.9788,0.9784,True,428,289,3.7532,5,1.7143
summ-113,summarisation,llmlingua2,0.5,0.5087,0.4913,0.6731,0.6824,0.772,False,428,289,3.7532,5,1.7143
summ-113,summarisation,random_deletion,0.3,0.3149,0.6851,0.6005,0.5119,0.6741,False,428,289,3.7532,5,1.7143
summ-113,summarisation,llmlingua_qwen,0.3,0.9931,0.0069,0.989,0.9788,0.9784,True,428,289,3.7532,5,1.7143
summ-113,summarisation,llmlingua2,0.3,0.2872,0.7128,0.5531,0.5645,0.6874,True,428,289,3.7532,5,1.7143
summ-114,summarisation,noop,1.0,1.0,0.0,1.0,1.0,1.0,True,426,304,4.4706,2,1.9118
summ-114,summarisation,random_deletion,0.7,0.7138,0.2862,0.818,0.6894,0.7794,True,426,304,4.4706,2,1.9118
summ-114,summarisation,llmlingua_qwen,0.7,0.9868,0.0132,0.9868,0.9854,0.9881,True,426,304,4.4706,2,1.9118
summ-114,summarisation,llmlingua2,0.7,0.7138,0.2862,0.7716,0.6281,0.761,False,426,304,4.4706,2,1.9118
summ-114,summarisation,random_deletion,0.5,0.5066,0.4934,0.7018,0.6436,0.7941,True,426,304,4.4706,2,1.9118
summ-114,summarisation,llmlingua_qwen,0.5,0.9868,0.0132,0.9868,0.9854,0.9881,True,426,304,4.4706,2,1.9118
summ-114,summarisation,llmlingua2,0.5,0.4967,0.5033,0.7042,0.6385,0.7554,True,426,304,4.4706,2,1.9118
summ-114,summarisation,random_deletion,0.3,0.3191,0.6809,0.6136,0.5538,0.7122,False,426,304,4.4706,2,1.9118
summ-114,summarisation,llmlingua_qwen,0.3,0.9836,0.0164,0.9901,0.9697,0.9825,True,426,304,4.4706,2,1.9118
summ-114,summarisation,llmlingua2,0.3,0.2862,0.7138,0.5941,0.585,0.7105,True,426,304,4.4706,2,1.9118
summ-115,summarisation,noop,1.0,1.0,0.0,1.0,1.0,1.0,True,446,308,3.9487,3,1.7564
summ-115,summarisation,random_deletion,0.7,0.6851,0.3149,0.8217,0.5986,0.687,True,446,308,3.9487,3,1.7564
summ-115,summarisation,llmlingua_qwen,0.7,0.9968,0.0032,0.993,0.9761,0.9782,True,446,308,3.9487,3,1.7564
summ-115,summarisation,llmlingua2,0.7,0.6981,0.3019,0.785,0.8308,0.8004,True,446,308,3.9487,3,1.7564
summ-115,summarisation,random_deletion,0.5,0.461,0.539,0.6929,0.4819,0.675,False,446,308,3.9487,3,1.7564
summ-115,summarisation,llmlingua_qwen,0.5,0.9968,0.0032,0.993,0.9761,0.9782,True,446,308,3.9487,3,1.7564
summ-115,summarisation,llmlingua2,0.5,0.4968,0.5032,0.6779,0.5461,0.6847,True,446,308,3.9487,3,1.7564
summ-115,summarisation,random_deletion,0.3,0.2792,0.7208,0.5925,0.4332,0.6117,True,446,308,3.9487,3,1.7564
summ-115,summarisation,llmlingua_qwen,0.3,0.9935,0.0065,0.9899,0.9691,0.9728,True,446,308,3.9487,3,1.7564
summ-115,summarisation,llmlingua2,0.3,0.2955,0.7045,0.5708,0.5265,0.6517,True,446,308,3.9487,3,1.7564
summ-116,summarisation,noop,1.0,1.0,0.0,1.0,1.0,1.0,False,478,346,4.2195,2,1.7805
summ-116,summarisation,random_deletion,0.7,0.7168,0.2832,0.8204,0.9162,0.9208,True,478,346,4.2195,2,1.7805
summ-116,summarisation,llmlingua_qwen,0.7,0.9942,0.0058,0.9907,1.0,1.0,True,478,346,4.2195,2,1.7805
summ-116,summarisation,llmlingua2,0.7,0.6879,0.3121,0.7665,0.8613,0.8659,True,478,346,4.2195,2,1.7805
summ-116,summarisation,random_deletion,0.5,0.5,0.5,0.6968,0.7386,0.7501,False,478,346,4.2195,2,1.7805
summ-116,summarisation,llmlingua_qwen,0.5,0.9884,0.0116,0.9853,0.993,0.9901,True,478,346,4.2195,2,1.7805
summ-116,summarisation,llmlingua2,0.5,0.4913,0.5087,0.6609,0.7816,0.8055,True,478,346,4.2195,2,1.7805
summ-116,summarisation,random_deletion,0.3,0.2948,0.7052,0.6102,0.7022,0.7356,False,478,346,4.2195,2,1.7805
summ-116,summarisation,llmlingua_qwen,0.3,0.9884,0.0116,0.9853,0.993,0.9901,True,478,346,4.2195,2,1.7805
summ-116,summarisation,llmlingua2,0.3,0.289,0.711,0.5788,0.7243,0.7506,True,478,346,4.2195,2,1.7805
summ-117,summarisation,noop,1.0,1.0,0.0,1.0,1.0,1.0,True,467,332,4.6111,2,2.0139
summ-117,summarisation,random_deletion,0.7,0.7018,0.2982,0.8351,0.8526,0.8796,False,467,332,4.6111,2,2.0139
summ-117,summarisation,llmlingua_qwen,0.7,1.0,0.0,1.0,1.0,1.0,True,467,332,4.6111,2,2.0139
summ-117,summarisation,llmlingua2,0.7,0.6928,0.3072,0.7764,0.8618,0.8803,True,467,332,4.6111,2,2.0139
summ-117,summarisation,random_deletion,0.5,0.5271,0.4729,0.7087,0.7761,0.8272,False,467,332,4.6111,2,2.0139
summ-117,summarisation,llmlingua_qwen,0.5,1.0,0.0,1.0,1.0,1.0,True,467,332,4.6111,2,2.0139
summ-117,summarisation,llmlingua2,0.5,0.4729,0.5271,0.6158,0.7789,0.8231,True,467,332,4.6111,2,2.0139
summ-117,summarisation,random_deletion,0.3,0.2922,0.7078,0.5871,0.4754,0.6436,False,467,332,4.6111,2,2.0139
summ-117,summarisation,llmlingua_qwen,0.3,1.0,0.0,1.0,1.0,1.0,True,467,332,4.6111,2,2.0139
summ-117,summarisation,llmlingua2,0.3,0.2831,0.7169,0.5441,0.7159,0.7646,True,467,332,4.6111,2,2.0139
summ-118,summarisation,noop,1.0,1.0,0.0,1.0,1.0,1.0,True,471,321,4.3378,3,1.9324
summ-118,summarisation,random_deletion,0.7,0.7508,0.2492,0.8313,0.7015,0.7789,True,471,321,4.3378,3,1.9324
summ-118,summarisation,llmlingua_qwen,0.7,0.9938,0.0062,0.9898,0.9558,0.9523,True,471,321,4.3378,3,1.9324
summ-118,summarisation,llmlingua2,0.7,0.7009,0.2991,0.7542,0.6147,0.721,False,471,321,4.3378,3,1.9324
summ-118,summarisation,random_deletion,0.5,0.5234,0.4766,0.7345,0.6331,0.7118,False,471,321,4.3378,3,1.9324
summ-118,summarisation,llmlingua_qwen,0.5,0.9938,0.0062,0.9898,0.9558,0.9523,True,471,321,4.3378,3,1.9324
summ-118,summarisation,llmlingua2,0.5,0.5047,0.4953,0.6309,0.64,0.7209,True,471,321,4.3378,3,1.9324
summ-118,summarisation,random_deletion,0.3,0.3084,0.6916,0.6328,0.6079,0.6947,True,471,321,4.3378,3,1.9324
summ-118,summarisation,llmlingua_qwen,0.3,0.9875,0.0125,0.9909,0.9079,0.9165,True,471,321,4.3378,3,1.9324
summ-118,summarisation,llmlingua2,0.3,0.296,0.704,0.5664,0.5819,0.6934,True,471,321,4.3378,3,1.9324
summ-119,summarisation,noop,1.0,1.0,0.0,1.0,1.0,1.0,False,432,311,4.0921,2,1.7632
summ-119,summarisation,random_deletion,0.7,0.7042,0.2958,0.8373,0.7806,0.7954,False,432,311,4.0921,2,1.7632
summ-119,summarisation,llmlingua_qwen,0.7,0.9968,0.0032,0.9902,0.9864,0.9886,False,432,311,4.0921,2,1.7632
summ-119,summarisation,llmlingua2,0.7,0.6817,0.3183,0.7939,0.8176,0.8419,True,432,311,4.0921,2,1.7632
summ-119,summarisation,random_deletion,0.5,0.5016,0.4984,0.7179,0.6266,0.7282,False,432,311,4.0921,2,1.7632
summ-119,summarisation,llmlingua_qwen,0.5,0.9904,0.0096,0.996,1.0,1.0,True,432,311,4.0921,2,1.7632
summ-119,summarisation,llmlingua2,0.5,0.4887,0.5113,0.7054,0.7334,0.7934,True,432,311,4.0921,2,1.7632
summ-119,summarisation,random_deletion,0.3,0.3119,0.6881,0.6245,0.4825,0.6444,False,432,311,4.0921,2,1.7632
summ-119,summarisation,llmlingua_qwen,0.3,0.9904,0.0096,0.996,1.0,1.0,True,432,311,4.0921,2,1.7632
summ-119,summarisation,llmlingua2,0.3,0.2862,0.7138,0.598,0.6959,0.7666,True,432,311,4.0921,2,1.7632
summ-120,summarisation,noop,1.0,1.0,0.0,1.0,1.0,1.0,True,439,304,4.0533,2,1.7333
summ-120,summarisation,random_deletion,0.7,0.7072,0.2928,0.8034,0.8817,0.894,True,439,304,4.0533,2,1.7333
summ-120,summarisation,llmlingua_qwen,0.7,1.0,0.0,1.0,1.0,1.0,True,439,304,4.0533,2,1.7333
summ-120,summarisation,llmlingua2,0.7,0.7105,0.2895,0.7556,0.8425,0.8551,False,439,304,4.0533,2,1.7333
summ-120,summarisation,random_deletion,0.5,0.4737,0.5263,0.6929,0.7217,0.7516,True,439,304,4.0533,2,1.7333
summ-120,summarisation,llmlingua_qwen,0.5,0.9934,0.0066,0.9891,0.9861,0.9842,True,439,304,4.0533,2,1.7333
summ-120,summarisation,llmlingua2,0.5,0.4967,0.5033,0.6532,0.7661,0.7741,True,439,304,4.0533,2,1.7333
summ-120,summarisation,random_deletion,0.3,0.2961,0.7039,0.5758,0.6306,0.7051,False,439,304,4.0533,2,1.7333
summ-120,summarisation,llmlingua_qwen,0.3,0.9934,0.0066,0.9891,0.9861,0.9842,True,439,304,4.0533,2,1.7333
summ-120,summarisation,llmlingua2,0.3,0.2928,0.7072,0.5989,0.7211,0.7377,True,439,304,4.0533,2,1.7333
summ-121,summarisation,noop,1.0,1.0,0.0,1.0,1.0,1.0,True,389,274,4.2812,3,1.8281
summ-121,summarisation,random_deletion,0.7,0.7336,0.2664,0.843,0.9006,0.8394,True,389,274,4.2812,3,1.8281
summ-121,summarisation,llmlingua_qwen,0.7,0.9964,0.0036,0.9833,0.9922,0.9943,True,389,274,4.2812,3,1.8281
summ-121,summarisation,llmlingua2,0.7,0.7007,0.2993,0.7591,0.8913,0.8374,True,389,274,4.2812,3,1.8281
summ-121,summarisation,random_deletion,0.5,0.5036,0.4964,0.735,0.7999,0.8015,True,389,274,4.2812,3,1.8281
summ-121,summarisation,llmlingua_qwen,0.5,0.9964,0.0036,0.9833,0.9922,0.9943,True,389,274,4.2812,3,1.8281
summ-121,summarisation,llmlingua2,0.5,0.4781,0.5219,0.6554,0.5679,0.6326,True,389,274,4.2812,3,1.8281
summ-121,summarisation,random_deletion,0.3,0.3139,0.6861,0.6386,0.5319,0.6685,True,389,274,4.2812,3,1.8281
summ-121,summarisation,llmlingua_qwen,0.3,0.9854,0.0146,0.9851,0.9792,0.9549,True,389,274,4.2812,3,1.8281
summ-121,summarisation,llmlingua2,0.3,0.2737,0.7263,0.5849,0.5018,0.6326,True,389,274,4.2812,3,1.8281
summ-122,summarisation,noop,1.0,1.0,0.0,1.0,1.0,1.0,True,471,327,4.1923,2,1.9231
summ-122,summarisation,random_deletion,0.7,0.7125,0.2875,0.7994,0.8135,0.8653,False,471,327,4.1923,2,1.9231
summ-122,summarisation,llmlingua_qwen,0.7,1.0,0.0,1.0,1.0,1.0,True,471,327,4.1923,2,1.9231
summ-122,summarisation,llmlingua2,0.7,0.7003,0.2997,0.7825,0.829,0.8722,True,471,327,4.1923,2,1.9231
summ-122,summarisation,random_deletion,0.5,0.5352,0.4648,0.6614,0.6941,0.7633,False,471,327,4.1923,2,1.9231
summ-122,summarisation,llmlingua_qwen,0.5,0.9908,0.0092,0.9837,0.9509,0.9649,True,471,327,4.1923,2,1.9231
summ-122,summarisation,llmlingua2,0.5,0.4862,0.5138,0.6789,0.8154,0.856,True,471,327,4.1923,2,1.9231
summ-122,summarisation,random_deletion,0.3,0.3028,0.6972,0.604,0.5844,0.6893,False,471,327,4.1923,2,1.9231
summ-122,summarisation,llmlingua_qwen,0.3,0.9908,0.0092,0.9837,0.9509,0.9649,True,471,327,4.1923,2,1.9231
summ-122,summarisation,llmlingua2,0.3,0.2813,0.7187,0.5756,0.7399,0.7982,True,471,327,4.1923,2,1.9231
summ-123,summarisation,noop,1.0,1.0,0.0,1.0,1.0,1.0,False,397,274,4.0896,2,1.8507
summ-123,summarisation,random_deletion,0.7,0.7299,0.2701,0.8433,0.7024,0.7826,False,397,274,4.0896,2,1.8507
summ-123,summarisation,llmlingua_qwen,0.7,0.9964,0.0036,0.991,1.0,1.0,True,397,274,4.0896,2,1.8507
summ-123,summarisation,llmlingua2,0.7,0.7044,0.2956,0.7728,0.7047,0.7851,False,397,274,4.0896,2,1.8507
summ-123,summarisation,random_deletion,0.5,0.4927,0.5073,0.7496,0.6975,0.7823,True,397,274,4.0896,2,1.8507
summ-123,summarisation,llmlingua_qwen,0.5,0.9964,0.0036,0.9946,1.0,1.0,True,397,274,4.0896,2,1.8507
summ-123,summarisation,llmlingua2,0.5,0.5,0.5,0.6764,0.7194,0.7903,True,397,274,4.0896,2,1.8507
summ-123,summarisation,random_deletion,0.3,0.3102,0.6898,0.5789,0.4596,0.6299,False,397,274,4.0896,2,1.8507
summ-123,summarisation,llmlingua_qwen,0.3,0.9964,0.0036,0.9946,1.0,1.0,True,397,274,4.0896,2,1.8507
summ-123,summarisation,llmlingua2,0.3,0.2956,0.7044,0.5917,0.6713,0.7571,True,397,274,4.0896,2,1.8507
summ-124,summarisation,noop,1.0,1.0,0.0,1.0,1.0,1.0,True,426,314,4.3611,3,1.8333
summ-124,summarisation,random_deletion,0.7,0.6943,0.3057,0.7939,0.751,0.8281,False,426,314,4.3611,3,1.8333
summ-124,summarisation,llmlingua_qwen,0.7,1.0,0.0,1.0,1.0,1.0,True,426,314,4.3611,3,1.8333
summ-124,summarisation,llmlingua2,0.7,0.6911,0.3089,0.7805,0.7564,0.8213,True,426,314,4.3611,3,1.8333
summ-124,summarisation,random_deletion,0.5,0.5096,0.4904,0.7129,0.6425,0.749,False,426,314,4.3611,3,1.8333
summ-124,summarisation,llmlingua_qwen,0.5,0.9841,0.0159,0.9899,0.8488,0.8866,True,426,314,4.3611,3,1.8333
summ-124,summarisation,llmlingua2,0.5,0.4968,0.5032,0.6828,0.6491,0.7598,False,426,314,4.3611,3,1.8333
summ-124,summarisation,random_deletion,0.3,0.2866,0.7134,0.621,0.6095,0.719,True,426,314,4.3611,3,1.8333
summ-124,summarisation,llmlingua_qwen,0.3,0.9841,0.0159,0.9899,0.8488,0.8866,True,426,314,4.3611,3,1.8333
summ-124,summarisation,llmlingua2,0.3,0.2898,0.7102,0.5823,0.6523,0.7418,True,426,314,4.3611,3,1.8333
summ-125,summarisation,noop,1.0,1.0,0.0,1.0,1.0,1.0,False,455,322,4.1282,2,1.7821
summ-125,summarisation,random_deletion,0.7,0.7112,0.2888,0.7686,0.7106,0.7859,False,455,322,4.1282,2,1.7821
summ-125,summarisation,llmlingua_qwen,0.7,0.9907,0.0093,0.9901,1.0,1.0,True,455,322,4.1282,2,1.7821
summ-125,summarisation,llmlingua2,0.7,0.6925,0.3075,0.7877,0.7336,0.7929,True,455,322,4.1282,2,1.7821
summ-125,summarisation,random_deletion,0.5,0.4814,0.5186,0.6747,0.6641,0.7326,False,455,322,4.1282,2,1.7821
summ-125,summarisation,llmlingua_qwen,0.5,0.9907,0.0093,0.9901,1.0,1.0,True,455,322,4.1282,2,1.7821
summ-125,summarisation,llmlingua2,0.5,0.4814,0.5186,0.6475,0.6649,0.7379,True,455,322,4.1282,2,1.7821
summ-125,summarisation,random_deletion,0.3,0.2547,0.7453,0.5516,0.5922,0.7081,True,455,322,4.1282,2,1.7821
summ-125,summarisation,llmlingua_qwen,0.3,0.9907,0.0093,0.9901,1.0,1.0,True,455,322,4.1282,2,1.7821
summ-125,summarisation,llmlingua2,0.3,0.2981,0.7019,0.5791,0.6374,0.717,True,455,322,4.1282,2,1.7821
qa-101,qa,noop,1.0,1.0,0.0,1.0,1.0,1.0,True,77,54,4.1538,0,2.2308
qa-101,qa,random_deletion,0.7,0.7037,0.2963,0.8425,0.8117,0.9294,True,77,54,4.1538,0,2.2308
qa-101,qa,llmlingua_qwen,0.7,1.0,0.0,1.0,1.0,1.0,True,77,54,4.1538,0,2.2308
qa-101,qa,llmlingua2,0.7,0.6296,0.3704,0.7019,0.6491,0.7701,True,77,54,4.1538,0,2.2308
qa-101,qa,random_deletion,0.5,0.537,0.463,0.6484,0.5162,0.6585,False,77,54,4.1538,0,2.2308
qa-101,qa,llmlingua_qwen,0.5,1.0,0.0,1.0,1.0,1.0,True,77,54,4.1538,0,2.2308
qa-101,qa,llmlingua2,0.5,0.5,0.5,0.6142,0.589,0.7366,True,77,54,4.1538,0,2.2308
qa-101,qa,random_deletion,0.3,0.3519,0.6481,0.5816,0.5029,0.6721,True,77,54,4.1538,0,2.2308
qa-101,qa,llmlingua_qwen,0.3,1.0,0.0,1.0,1.0,1.0,True,77,54,4.1538,0,2.2308
qa-101,qa,llmlingua2,0.3,0.2593,0.7407,0.5058,0.4403,0.608,True,77,54,4.1538,0,2.2308
qa-102,qa,noop,1.0,1.0,0.0,1.0,1.0,1.0,True,63,47,3.6154,0,1.6154
qa-102,qa,random_deletion,0.7,0.6383,0.3617,0.7522,0.7844,0.8112,False,63,47,3.6154,0,1.6154
qa-102,qa,llmlingua_qwen,0.7,1.0,0.0,1.0,1.0,1.0,True,63,47,3.6154,0,1.6154
qa-102,qa,llmlingua2,0.7,0.6809,0.3191,0.8088,0.8179,0.8437,True,63,47,3.6154,0,1.6154
qa-102,qa,random_deletion,0.5,0.383,0.617,0.7048,0.7762,0.8294,False,63,47,3.6154,0,1.6154
qa-102,qa,llmlingua_qwen,0.5,1.0,0.0,1.0,1.0,1.0,True,63,47,3.6154,0,1.6154
qa-102,qa,llmlingua2,0.5,0.4681,0.5319,0.6652,0.8059,0.8335,True,63,47,3.6154,0,1.6154
qa-102,qa,random_deletion,0.3,0.4043,0.5957,0.5686,0.5004,0.6579,False,63,47,3.6154,0,1.6154
qa-102,qa,llmlingua_qwen,0.3,1.0,0.0,1.0,1.0,1.0,True,63,47,3.6154,0,1.6154
qa-102,qa,llmlingua2,0.3,0.2766,0.7234,0.6047,0.7767,0.7845,True,63,47,3.6154,0,1.6154
qa-103,qa,noop,1.0,1.0,0.0,1.0,1.0,1.0,True,74,47,3.6154,0,2.0
qa-103,qa,random_deletion,0.7,0.6383,0.3617,0.7711,0.7946,0.8373,True,74,47,3.6154,0,2.0
qa-103,qa,llmlingua_qwen,0.7,1.0,0.0,1.0,1.0,1.0,True,74,47,3.6154,0,2.0
qa-103,qa,llmlingua2,0.7,0.6809,0.3191,0.7625,0.7949,0.8378,True,74,47,3.6154,0,2.0
qa-103,qa,random_deletion,0.5,0.5106,0.4894,0.6319,0.7291,0.7991,False,74,47,3.6154,0,2.0
qa-103,qa,llmlingua_qwen,0.5,1.0,0.0,1.0,1.0,1.0,True,74,47,3.6154,0,2.0
qa-103,qa,llmlingua2,0.5,0.5106,0.4894,0.6731,0.7323,0.8075,True,74,47,3.6154,0,2.0
qa-103,qa,random_deletion,0.3,0.4043,0.5957,0.5404,0.4881,0.6438,False,74,47,3.6154,0,2.0
qa-103,qa,llmlingua_qwen,0.3,1.0,0.0,1.0,1.0,1.0,True,74,47,3.6154,0,2.0
qa-103,qa,llmlingua2,0.3,0.2553,0.7447,0.5432,0.5802,0.6879,True,74,47,3.6154,0,2.0
qa-104,qa,noop,1.0,1.0,0.0,1.0,1.0,1.0,True,235,168,4.3077,2,1.9744
qa-104,qa,random_deletion,0.7,0.6905,0.3095,0.8114,0.7515,0.7805,False,235,168,4.3077,2,1.9744
qa-104,qa,llmlingua_qwen,0.7,0.8095,0.1905,0.8836,0.814,0.862,False,235,168,4.3077,2,1.9744
qa-104,qa,llmlingua2,0.7,0.7143,0.2857,0.7822,0.7773,0.8385,False,235,168,4.3077,2,1.9744
qa-104,qa,random_deletion,0.5,0.4881,0.5119,0.7108,0.539,0.6777,True,235,168,4.3077,2,1.9744
qa-104,qa,llmlingua_qwen,0.5,0.75,0.25,0.8539,0.8131,0.8575,False,235,168,4.3077,2,1.9744
qa-104,qa,llmlingua2,0.5,0.5119,0.4881,0.6231,0.707,0.765,True,235,168,4.3077,2,1.9744
qa-104,qa,random_deletion,0.3,0.2976,0.7024,0.5669,0.421,0.6087,True,235,168,4.3077,2,1.9744
qa-104,qa,llmlingua_qwen,0.3,0.6726,0.3274,0.8418,0.814,0.8619,True,235,168,4.3077,2,1.9744
qa-104,qa,llmlingua2,0.3,0.3036,0.6964,0.5372,0.5077,0.6734,True,235,168,4.3077,2,1.9744
qa-105,qa,noop,1.0,1.0,0.0,1.0,1.0,1.0,True,162,113,3.5312,2,1.5
qa-105,qa,random_deletion,0.7,0.7168,0.2832,0.7956,0.7256,0.7762,True,162,113,3.5312,2,1.5
qa-105,qa,llmlingua_qwen,0.7,0.9027,0.0973,0.8742,0.8229,0.8639,True,162,113,3.5312,2,1.5
qa-105,qa,llmlingua2,0.7,0.6549,0.3451,0.819,0.6353,0.7617,True,162,113,3.5312,2,1.5
qa-105,qa,random_deletion,0.5,0.4956,0.5044,0.678,0.4965,0.6342,False,162,113,3.5312,2,1.5
qa-105,qa,llmlingua_qwen,0.5,0.8673,0.1327,0.8553,0.7838,0.8481,True,162,113,3.5312,2,1.5
qa-105,qa,llmlingua2,0.5,0.4602,0.5398,0.6808,0.5454,0.7061,False,162,113,3.5312,2,1.5
qa-105,qa,random_deletion,0.3,0.3628,0.6372,0.5956,0.4744,0.6238,False,162,113,3.5312,2,1.5
qa-105,qa,llmlingua_qwen,0.3,0.7876,0.2124,0.8604,0.743,0.7919,True,162,113,3.5312,2,1.5
qa-105,qa,llmlingua2,0.3,0.2743,0.7257,0.6061,0.6113,0.7349,True,162,113,3.5312,2,1.5
qa-106,qa,noop,1.0,1.0,0.0,1.0,1.0,1.0,True,146,104,4.0,3,1.8846
qa-106,qa,random_deletion,0.7,0.7019,0.2981,0.7957,0.8973,0.9266,True,146,104,4.0,3,1.8846
qa-106,qa,llmlingua_qwen,0.7,1.0,0.0,1.0,1.0,1.0,True,146,104,4.0,3,1.8846
qa-106,qa,llmlingua2,0.7,0.6731,0.3269,0.7258,0.7449,0.8051,True,146,104,4.0,3,1.8846
qa-106,qa,random_deletion,0.5,0.4904,0.5096,0.7088,0.7148,0.7871,True,146,104,4.0,3,1.8846
qa-106,qa,llmlingua_qwen,0.5,1.0,0.0,1.0,1.0,1.0,True,146,104,4.0,3,1.8846
qa-106,qa,llmlingua2,0.5,0.4712,0.5288,0.6762,0.5134,0.6995,False,146,104,4.0,3,1.8846
qa-106,qa,random_deletion,0.3,0.2788,0.7212,0.5469,0.6545,0.7385,True,146,104,4.0,3,1.8846
qa-106,qa,llmlingua_qwen,0.3,1.0,0.0,1.0,1.0,1.0,True,146,104,4.0,3,1.8846
qa-106,qa,llmlingua2,0.3,0.2981,0.7019,0.6059,0.5185,0.6926,False,146,104,4.0,3,1.8846
qa-107,qa,noop,1.0,1.0,0.0,1.0,1.0,1.0,True,120,81,3.24,0,1.4
qa-107,qa,random_deletion,0.7,0.7778,0.2222,0.8179,0.7596,0.8136,False,120,81,3.24,0,1.4
qa-107,qa,llmlingua_qwen,0.7,1.0,0.0,1.0,1.0,1.0,True,120,81,3.24,0,1.4
qa-107,qa,llmlingua2,0.7,0.7531,0.2469,0.756,0.7798,0.8213,True,120,81,3.24,0,1.4
qa-107,qa,random_deletion,0.5,0.5185,0.4815,0.6159,0.7767,0.8245,True,120,81,3.24,0,1.4
qa-107,qa,llmlingua_qwen,0.5,1.0,0.0,1.0,1.0,1.0,True,120,81,3.24,0,1.4
qa-107,qa,llmlingua2,0.5,0.4938,0.5062,0.6769,0.6809,0.7579,False,120,81,3.24,0,1.4
qa-107,qa,random_deletion,0.3,0.358,0.642,0.6253,0.7447,0.787,True,120,81,3.24,0,1.4
qa-107,qa,llmlingua_qwen,0.3,1.0,0.0,1.0,1.0,1.0,True,120,81,3.24,0,1.4
qa-107,qa,llmlingua2,0.3,0.284,0.716,0.5804,0.6371,0.7204,True,120,81,3.24,0,1.4
qa-108,qa,noop,1.0,1.0,0.0,1.0,1.0,1.0,True,105,81,4.7647,0,1.8235
qa-108,qa,random_deletion,0.7,0.7778,0.2222,0.8236,0.7255,0.7637,False,105,81,4.7647,0,1.8235
qa-108,qa,llmlingua_qwen,0.7,1.0,0.0,1.0,1.0,1.0,True,105,81,4.7647,0,1.8235
qa-108,qa,llmlingua2,0.7,0.6667,0.3333,0.775,0.7705,0.8115,True,105,81,4.7647,0,1.8235
qa-108,qa,random_deletion,0.5,0.3951,0.6049,0.6644,0.5188,0.6459,False,105,81,4.7647,0,1.8235
qa-108,qa,llmlingua_qwen,0.5,1.0,0.0,1.0,1.0,1.0,True,105,81,4.7647,0,1.8235
qa-108,qa,llmlingua2,0.5,0.4444,0.5556,0.7114,0.6409,0.708,True,105,81,4.7647,0,1.8235
qa-108,qa,random_deletion,0.3,0.2963,0.7037,0.6562,0.6335,0.7282,True,105,81,4.7647,0,1.8235
qa-108,qa,llmlingua_qwen,0.3,1.0,0.0,1.0,1.0,1.0,True,105,81,4.7647,0,1.8235
qa-108,qa,llmlingua2,0.3,0.2469,0.7531,0.5754,0.6235,0.7251,True,105,81,4.7647,0,1.8235
qa-109,qa,noop,1.0,1.0,0.0,1.0,1.0,1.0,True,80,59,4.5385,0,1.8462
qa-109,qa,random_deletion,0.7,0.678,0.322,0.8432,0.7479,0.7978,False,80,59,4.5385,0,1.8462
qa-109,qa,llmlingua_qwen,0.7,1.0,0.0,1.0,1.0,1.0,True,80,59,4.5385,0,1.8462
qa-109,qa,llmlingua2,0.7,0.6441,0.3559,0.7737,0.8261,0.8426,True,80,59,4.5385,0,1.8462
qa-109,qa,random_deletion,0.5,0.4915,0.5085,0.6939,0.7689,0.7865,True,80,59,4.5385,0,1.8462
qa-109,qa,llmlingua_qwen,0.5,1.0,0.0,1.0,1.0,1.0,True,80,59,4.5385,0,1.8462
qa-109,qa,llmlingua2,0.5,0.4915,0.5085,0.71,0.7318,0.7808,False,80,59,4.5385,0,1.8462
qa-109,qa,random_deletion,0.3,0.2712,0.7288,0.5865,0.5924,0.6911,False,80,59,4.5385,0,1.8462
qa-109,qa,llmlingua_qwen,0.3,1.0,0.0,1.0,1.0,1.0,True,80,59,4.5385,0,1.8462
qa-109,qa,llmlingua2,0.3,0.2373,0.7627,0.5826,0.7111,0.7636,True,80,59,4.5385,0,1.8462
qa-110,qa,noop,1.0,1.0,0.0,1.0,1.0,1.0,True,178,145,4.3939,0,1.7273
qa-110,qa,random_deletion,0.7,0.6966,0.3034,0.8018,0.8031,0.8523,True,178,145,4.3939,0,1.7273
qa-110,qa,llmlingua_qwen,0.7,0.9103,0.0897,0.8852,0.7411,0.7543,False,178,145,4.3939,0,1.7273
qa-110,qa,llmlingua2,0.7,0.6621,0.3379,0.7243,0.771,0.7746,True,178,145,4.3939,0,1.7273
qa-110,qa,random_deletion,0.5,0.4483,0.5517,0.6434,0.6727,0.7061,False,178,145,4.3939,0,1.7273
qa-110,qa,llmlingua_qwen,0.5,0.8552,0.1448,0.8282,0.7367,0.7518,False,178,145,4.3939,0,1.7273
qa-110,qa,llmlingua2,0.5,0.4897,0.5103,0.6162,0.7063,0.7355,True,178,145,4.3939,0,1.7273
qa-110,qa,random_deletion,0.3,0.2828,0.7172,0.585,0.5888,0.6496,False,178,145,4.3939,0,1.7273
qa-110,qa,llmlingua_qwen,0.3,0.7517,0.2483,0.8171,0.7358,0.7462,False,178,145,4.3939,0,1.7273
qa-110,qa,llmlingua2,0.3,0.2483,0.7517,0.5468,0.682,0.7496,True,178,145,4.3939,0,1.7273
qa-111,qa,noop,1.0,1.0,0.0,1.0,1.0,1.0,True,191,148,4.4848,0,1.9697
qa-111,qa,random_deletion,0.7,0.6757,0.3243,0.7295,0.8104,0.8377,False,191,148,4.4848,0,1.9697
qa-111,qa,llmlingua_qwen,0.7,0.9662,0.0338,0.9522,0.8759,0.8884,True,191,148,4.4848,0,1.9697
qa-111,qa,llmlingua2,0.7,0.6757,0.3243,0.7731,0.8753,0.8891,True,191,148,4.4848,0,1.9697
qa-111,qa,random_deletion,0.5,0.4797,0.5203,0.7508,0.6432,0.715,False,191,148,4.4848,0,1.9697
qa-111,qa,llmlingua_qwen,0.5,0.9324,0.0676,0.9412,0.8655,0.8813,False,191,148,4.4848,0,1.9697
qa-111,qa,llmlingua2,0.5,0.473,0.527,0.6617,0.7544,0.7952,True,191,148,4.4848,0,1.9697
qa-111,qa,random_deletion,0.3,0.2838,0.7162,0.5614,0.4708,0.6163,False,191,148,4.4848,0,1.9697
qa-111,qa,llmlingua_qwen,0.3,0.9324,0.0676,0.9412,0.8655,0.8813,False,191,148,4.4848,0,1.9697
qa-111,qa,llmlingua2,0.3,0.2635,0.7365,0.5587,0.595,0.6658,True,191,148,4.4848,0,1.9697
qa-112,qa,noop,1.0,1.0,0.0,1.0,1.0,1.0,True,156,123,4.7308,3,2.0
qa-112,qa,random_deletion,0.7,0.7154,0.2846,0.8648,0.7922,0.8112,True,156,123,4.7308,3,2.0
qa-112,qa,llmlingua_qwen,0.7,0.9837,0.0163,0.9756,0.866,0.8788,False,156,123,4.7308,3,2.0
qa-112,qa,llmlingua2,0.7,0.7073,0.2927,0.8203,0.7878,0.8092,True,156,123,4.7308,3,2.0
qa-112,qa,random_deletion,0.5,0.4959,0.5041,0.6806,0.6893,0.7515,False,156,123,4.7308,3,2.0
qa-112,qa,llmlingua_qwen,0.5,0.9593,0.0407,0.9853,0.8878,0.896,True,156,123,4.7308,3,2.0
qa-112,qa,llmlingua2,0.5,0.4878,0.5122,0.5919,0.7863,0.8173,True,156,123,4.7308,3,2.0
qa-112,qa,random_deletion,0.3,0.3496,0.6504,0.673,0.7671,0.8047,True,156,123,4.7308,3,2.0
qa-112,qa,llmlingua_qwen,0.3,0.8943,0.1057,0.9461,0.817,0.8385,True,156,123,4.7308,3,2.0
qa-112,qa,llmlingua2,0.3,0.2927,0.7073,0.5156,0.7357,0.7779,True,156,123,4.7308,3,2.0
qa-113,qa,noop,1.0,1.0,0.0,1.0,1.0,1.0,True,122,93,4.2273,0,1.8636
qa-113,qa,random_deletion,0.7,0.6882,0.3118,0.8279,0.7444,0.7899,True,122,93,4.2273,0,1.8636
qa-113,qa,llmlingua_qwen,0.7,1.0,0.0,1.0,1.0,1.0,True,122,93,4.2273,0,1.8636
qa-113,qa,llmlingua2,0.7,0.6989,0.3011,0.8257,0.8333,0.8562,True,122,93,4.2273,0,1.8636
qa-113,qa,random_deletion,0.5,0.5376,0.4624,0.7013,0.5066,0.6244,False,122,93,4.2273,0,1.8636
qa-113,qa,llmlingua_qwen,0.5,1.0,0.0,1.0,1.0,1.0,True,122,93,4.2273,0,1.8636
qa-113,qa,llmlingua2,0.5,0.4624,0.5376,0.6408,0.6645,0.7374,False,122,93,4.2273,0,1.8636
qa-113,qa,random_deletion,0.3,0.2366,0.7634,0.6328,0.6977,0.7704,True,122,93,4.2273,0,1.8636
qa-113,qa,llmlingua_qwen,0.3,1.0,0.0,1.0,1.0,1.0,True,122,93,4.2273,0,1.8636
qa-113,qa,llmlingua2,0.3,0.2688,0.7312,0.5625,0.6787,0.7553,False,122,93,4.2273,0,1.8636
qa-114,qa,noop,1.0,1.0,0.0,1.0,1.0,1.0,True,92,70,4.1176,0,1.8824
qa-114,qa,random_deletion,0.7,0.7,0.3,0.7811,0.7047,0.7533,True,92,70,4.1176,0,1.8824
qa-114,qa,llmlingua_qwen,0.7,1.0,0.0,1.0,1.0,1.0,True,92,70,4.1176,0,1.8824
qa-114,qa,llmlingua2,0.7,0.6286,0.3714,0.6572,0.6291,0.7224,False,92,70,4.1176,0,1.8824
qa-114,qa,random_deletion,0.5,0.4143,0.5857,0.6129,0.6074,0.7004,True,92,70,4.1176,0,1.8824
qa-114,qa,llmlingua_qwen,0.5,1.0,0.0,1.0,1.0,1.0,True,92,70,4.1176,0,1.8824
qa-114,qa,llmlingua2,0.5,0.4857,0.5143,0.6208,0.691,0.7573,True,92,70,4.1176,0,1.8824
qa-114,qa,random_deletion,0.3,0.2429,0.7571,0.5156,0.5109,0.6355,True,92,70,4.1176,0,1.8824
qa-114,qa,llmlingua_qwen,0.3,1.0,0.0,1.0,1.0,1.0,True,92,70,4.1176,0,1.8824
qa-114,qa,llmlingua2,0.3,0.2857,0.7143,0.5063,0.6024,0.6855,True,92,70,4.1176,0,1.8824
qa-115,qa,noop,1.0,1.0,0.0,1.0,1.0,1.0,True,152,107,4.1154,1,1.8462
qa-115,qa,random_deletion,0.7,0.6636,0.3364,0.8555,0.6708,0.768,False,152,107,4.1154,1,1.8462
qa-115,qa,llmlingua_qwen,0.7,0.9439,0.0561,0.947,0.8914,0.893,True,152,107,4.1154,1,1.8462
qa-115,qa,llmlingua2,0.7,0.6168,0.3832,0.7258,0.805,0.8238,False,152,107,4.1154,1,1.8462
qa-115,qa,random_deletion,0.5,0.4953,0.5047,0.7875,0.8054,0.8249,True,152,107,4.1154,1,1.8462
qa-115,qa,llmlingua_qwen,0.5,0.9346,0.0654,0.9386,0.875,0.8789,True,152,107,4.1154,1,1.8462
qa-115,qa,llmlingua2,0.5,0.4579,0.5421,0.6697,0.7969,0.7955,True,152,107,4.1154,1,1.8462
qa-115,qa,random_deletion,0.3,0.3271,0.6729,0.6503,0.7269,0.7801,True,152,107,4.1154,1,1.8462
qa-115,qa,llmlingua_qwen,0.3,0.9346,0.0654,0.9401,0.8354,0.8489,False,152,107,4.1154,1,1.8462
qa-115,qa,llmlingua2,0.3,0.243,0.757,0.5677,0.4353,0.606,True,152,107,4.1154,1,1.8462
qa-116,qa,noop,1.0,1.0,0.0,1.0,1.0,1.0,True,89,65,4.0625,0,1.8125
qa-116,qa,random_deletion,0.7,0.7385,0.2615,0.8573,0.8615,0.8669,False,89,65,4.0625,0,1.8125
qa-116,qa,llmlingua_qwen,0.7,1.0,0.0,1.0,1.0,1.0,True,89,65,4.0625,0,1.8125
qa-116,qa,llmlingua2,0.7,0.6923,0.3077,0.887,0.9384,0.9318,True,89,65,4.0625,0,1.8125
qa-116,qa,random_deletion,0.5,0.5077,0.4923,0.7551,0.7548,0.7849,False,89,65,4.0625,0,1.8125
qa-116,qa,llmlingua_qwen,0.5,1.0,0.0,1.0,1.0,1.0,True,89,65,4.0625,0,1.8125
qa-116,qa,llmlingua2,0.5,0.4769,0.5231,0.7951,0.8728,0.8717,True,89,65,4.0625,0,1.8125
qa-116,qa,random_deletion,0.3,0.2923,0.7077,0.5915,0.858,0.8663,True,89,65,4.0625,0,1.8125
qa-116,qa,llmlingua_qwen,0.3,1.0,0.0,1.0,1.0,1.0,True,89,65,4.0625,0,1.8125
qa-116,qa,llmlingua2,0.3,0.2769,0.7231,0.6083,0.6101,0.6933,True,89,65,4.0625,0,1.8125
qa-117,qa,noop,1.0,1.0,0.0,1.0,1.0,1.0,True,128,101,4.2083,0,1.8333
qa-117,qa,random_deletion,0.7,0.6634,0.3366,0.797,0.811,0.8573,False,128,101,4.2083,0,1.8333
qa-117,qa,llmlingua_qwen,0.7,1.0,0.0,1.0,1.0,1.0,True,128,101,4.2083,0,1.8333
qa-117,qa,llmlingua2,0.7,0.604,0.396,0.7844,0.924,0.8834,True,128,101,4.2083,0,1.8333
qa-117,qa,random_deletion,0.5,0.5149,0.4851,0.6819,0.724,0.7439,True,128,101,4.2083,0,1.8333
qa-117,qa,llmlingua_qwen,0.5,1.0,0.0,1.0,1.0,1.0,True,128,101,4.2083,0,1.8333
qa-117,qa,llmlingua2,0.5,0.4455,0.5545,0.6993,0.7084,0.7663,True,128,101,4.2083,0,1.8333
qa-117,qa,random_deletion,0.3,0.3069,0.6931,0.6101,0.6203,0.6963,True,128,101,4.2083,0,1.8333
qa-117,qa,llmlingua_qwen,0.3,1.0,0.0,1.0,1.0,1.0,True,128,101,4.2083,0,1.8333
qa-117,qa,llmlingua2,0.3,0.2475,0.7525,0.6136,0.5522,0.6402,True,128,101,4.2083,0,1.8333
qa-118,qa,noop,1.0,1.0,0.0,1.0,1.0,1.0,True,162,118,4.3704,0,2.037
qa-118,qa,random_deletion,0.7,0.7288,0.2712,0.8516,0.6873,0.7448,False,162,118,4.3704,0,2.037
qa-118,qa,llmlingua_qwen,0.7,1.0,0.0,1.0,1.0,1.0,True,162,118,4.3704,0,2.037
qa-118,qa,llmlingua2,0.7,0.6695,0.3305,0.7828,0.7074,0.7916,True,162,118,4.3704,0,2.037
qa-118,qa,random_deletion,0.5,0.4831,0.5169,0.7429,0.641,0.7216,True,162,118,4.3704,0,2.037
qa-118,qa,llmlingua_qwen,0.5,1.0,0.0,1.0,1.0,1.0,True,162,118,4.3704,0,2.037
qa-118,qa,llmlingua2,0.5,0.4915,0.5085,0.7108,0.6819,0.7599,True,162,118,4.3704,0,2.037
qa-118,qa,random_deletion,0.3,0.322,0.678,0.6796,0.6125,0.6992,False,162,118,4.3704,0,2.037
qa-118,qa,llmlingua_qwen,0.3,1.0,0.0,1.0,1.0,1.0,True,162,118,4.3704,0,2.037
qa-118,qa,llmlingua2,0.3,0.2712,0.7288,0.5964,0.6327,0.7141,True,162,118,4.3704,0,2.037
qa-119,qa,noop,1.0,1.0,0.0,1.0,1.0,1.0,True,137,98,3.92,0,1.44
qa-119,qa,random_deletion,0.7,0.7347,0.2653,0.827,0.7768,0.8349,True,137,98,3.92,0,1.44
qa-119,qa,llmlingua_qwen,0.7,1.0,0.0,1.0,1.0,1.0,True,137,98,3.92,0,1.44
qa-119,qa,llmlingua2,0.7,0.7041,0.2959,0.752,0.6691,0.7291,False,137,98,3.92,0,1.44
qa-119,qa,random_deletion,0.5,0.4796,0.5204,0.708,0.6889,0.7202,False,137,98,3.92,0,1.44
qa-119,qa,llmlingua_qwen,0.5,1.0,0.0,1.0,1.0,1.0,True,137,98,3.92,0,1.44
qa-119,qa,llmlingua2,0.5,0.449,0.551,0.6506,0.6907,0.7866,True,137,98,3.92,0,1.44
qa-119,qa,random_deletion,0.3,0.2857,0.7143,0.6292,0.6517,0.713,False,137,98,3.92,0,1.44
qa-119,qa,llmlingua_qwen,0.3,1.0,0.0,1.0,1.0,1.0,True,137,98,3.92,0,1.44
qa-119,qa,llmlingua2,0.3,0.2755,0.7245,0.586,0.6765,0.7284,True,137,98,3.92,0,1.44
qa-120,qa,noop,1.0,1.0,0.0,1.0,1.0,1.0,True,162,109,3.7586,0,2.1379
qa-120,qa,random_deletion,0.7,0.6697,0.3303,0.7672,0.4436,0.6195,False,162,109,3.7586,0,2.1379
qa-120,qa,llmlingua_qwen,0.7,1.0,0.0,1.0,1.0,1.0,True,162,109,3.7586,0,2.1379
qa-120,qa,llmlingua2,0.7,0.6972,0.3028,0.7418,0.4833,0.6255,False,162,109,3.7586,0,2.1379
qa-120,qa,random_deletion,0.5,0.5505,0.4495,0.6756,0.4722,0.6189,False,162,109,3.7586,0,2.1379
qa-120,qa,llmlingua_qwen,0.5,1.0,0.0,1.0,1.0,1.0,True,162,109,3.7586,0,2.1379
qa-120,qa,llmlingua2,0.5,0.5138,0.4862,0.6102,0.495,0.6075,False,162,109,3.7586,0,2.1379
qa-120,qa,random_deletion,0.3,0.3394,0.6606,0.5814,0.5408,0.6515,True,162,109,3.7586,0,2.1379
qa-120,qa,llmlingua_qwen,0.3,1.0,0.0,1.0,1.0,1.0,True,162,109,3.7586,0,2.1379
qa-120,qa,llmlingua2,0.3,0.3028,0.6972,0.5147,0.4388,0.5952,True,162,109,3.7586,0,2.1379
qa-121,qa,noop,1.0,1.0,0.0,1.0,1.0,1.0,True,147,106,3.6552,2,1.7586
qa-121,qa,random_deletion,0.7,0.6509,0.3491,0.7959,0.8884,0.8857,True,147,106,3.6552,2,1.7586
qa-121,qa,llmlingua_qwen,0.7,1.0,0.0,1.0,1.0,1.0,True,147,106,3.6552,2,1.7586
qa-121,qa,llmlingua2,0.7,0.6981,0.3019,0.7909,0.8078,0.8386,False,147,106,3.6552,2,1.7586
qa-121,qa,random_deletion,0.5,0.4906,0.5094,0.7079,0.7502,0.7736,True,147,106,3.6552,2,1.7586
qa-121,qa,llmlingua_qwen,0.5,1.0,0.0,1.0,1.0,1.0,True,147,106,3.6552,2,1.7586
qa-121,qa,llmlingua2,0.5,0.5094,0.4906,0.6549,0.7336,0.7711,False,147,106,3.6552,2,1.7586
qa-121,qa,random_deletion,0.3,0.3491,0.6509,0.6242,0.553,0.6623,False,147,106,3.6552,2,1.7586
qa-121,qa,llmlingua_qwen,0.3,1.0,0.0,1.0,1.0,1.0,True,147,106,3.6552,2,1.7586
qa-121,qa,llmlingua2,0.3,0.3019,0.6981,0.5902,0.6944,0.7441,True,147,106,3.6552,2,1.7586
qa-122,qa,noop,1.0,1.0,0.0,1.0,1.0,1.0,True,98,76,4.4706,0,1.6471
qa-122,qa,random_deletion,0.7,0.6842,0.3158,0.8635,0.6831,0.7407,True,98,76,4.4706,0,1.6471
qa-122,qa,llmlingua_qwen,0.7,1.0,0.0,1.0,1.0,1.0,True,98,76,4.4706,0,1.6471
qa-122,qa,llmlingua2,0.7,0.6974,0.3026,0.7749,0.6759,0.7344,False,98,76,4.4706,0,1.6471
qa-122,qa,random_deletion,0.5,0.4737,0.5263,0.6293,0.575,0.6786,False,98,76,4.4706,0,1.6471
qa-122,qa,llmlingua_qwen,0.5,1.0,0.0,1.0,1.0,1.0,True,98,76,4.4706,0,1.6471
qa-122,qa,llmlingua2,0.5,0.4211,0.5789,0.6756,0.5962,0.6853,True,98,76,4.4706,0,1.6471
qa-122,qa,random_deletion,0.3,0.2632,0.7368,0.5226,0.5171,0.6492,True,98,76,4.4706,0,1.6471
qa-122,qa,llmlingua_qwen,0.3,1.0,0.0,1.0,1.0,1.0,True,98,76,4.4706,0,1.6471
qa-122,qa,llmlingua2,0.3,0.2763,0.7237,0.5472,0.5115,0.666,False,98,76,4.4706,0,1.6471
qa-123,qa,noop,1.0,1.0,0.0,1.0,1.0,1.0,True,113,86,4.5263,0,1.9474
qa-123,qa,random_deletion,0.7,0.7093,0.2907,0.7808,0.7682,0.7808,False,113,86,4.5263,0,1.9474
qa-123,qa,llmlingua_qwen,0.7,1.0,0.0,1.0,1.0,1.0,True,113,86,4.5263,0,1.9474
qa-123,qa,llmlingua2,0.7,0.6628,0.3372,0.7035,0.7373,0.7749,False,113,86,4.5263,0,1.9474
qa-123,qa,random_deletion,0.5,0.5698,0.4302,0.7345,0.7825,0.8103,True,113,86,4.5263,0,1.9474
qa-123,qa,llmlingua_qwen,0.5,1.0,0.0,1.0,1.0,1.0,True,113,86,4.5263,0,1.9474
qa-123,qa,llmlingua2,0.5,0.4419,0.5581,0.5991,0.7283,0.7594,True,113,86,4.5263,0,1.9474
qa-123,qa,random_deletion,0.3,0.3372,0.6628,0.5893,0.672,0.7284,True,113,86,4.5263,0,1.9474
qa-123,qa,llmlingua_qwen,0.3,1.0,0.0,1.0,1.0,1.0,True,113,86,4.5263,0,1.9474
qa-123,qa,llmlingua2,0.3,0.2558,0.7442,0.5244,0.6494,0.7247,True,113,86,4.5263,0,1.9474
qa-124,qa,noop,1.0,1.0,0.0,1.0,1.0,1.0,True,141,107,4.1154,0,1.5385
qa-124,qa,random_deletion,0.7,0.6449,0.3551,0.8352,0.8029,0.7982,True,141,107,4.1154,0,1.5385
qa-124,qa,llmlingua_qwen,0.7,1.0,0.0,1.0,1.0,1.0,True,141,107,4.1154,0,1.5385
qa-124,qa,llmlingua2,0.7,0.7009,0.2991,0.8243,0.6792,0.7428,False,141,107,4.1154,0,1.5385
qa-124,qa,random_deletion,0.5,0.5981,0.4019,0.7985,0.6421,0.7455,True,141,107,4.1154,0,1.5385
qa-124,qa,llmlingua_qwen,0.5,1.0,0.0,1.0,1.0,1.0,True,141,107,4.1154,0,1.5385
qa-124,qa,llmlingua2,0.5,0.4673,0.5327,0.7142,0.6378,0.7272,True,141,107,4.1154,0,1.5385
qa-124,qa,random_deletion,0.3,0.3551,0.6449,0.5643,0.5234,0.6701,False,141,107,4.1154,0,1.5385
qa-124,qa,llmlingua_qwen,0.3,1.0,0.0,1.0,1.0,1.0,True,141,107,4.1154,0,1.5385
qa-124,qa,llmlingua2,0.3,0.2804,0.7196,0.6734,0.5735,0.6753,True,141,107,4.1154,0,1.5385
qa-125,qa,noop,1.0,1.0,0.0,1.0,1.0,1.0,True,104,78,3.9,0,1.5
qa-125,qa,random_deletion,0.7,0.7436,0.2564,0.8457,0.6643,0.7234,True,104,78,3.9,0,1.5
qa-125,qa,llmlingua_qwen,0.7,1.0,0.0,1.0,1.0,1.0,True,104,78,3.9,0,1.5
qa-125,qa,llmlingua2,0.7,0.6026,0.3974,0.7784,0.6028,0.6831,False,104,78,3.9,0,1.5
qa-125,qa,random_deletion,0.5,0.4744,0.5256,0.7346,0.6322,0.6931,True,104,78,3.9,0,1.5
qa-125,qa,llmlingua_qwen,0.5,1.0,0.0,1.0,1.0,1.0,True,104,78,3.9,0,1.5
qa-125,qa,llmlingua2,0.5,0.4615,0.5385,0.718,0.4832,0.6181,False,104,78,3.9,0,1.5
qa-125,qa,random_deletion,0.3,0.2308,0.7692,0.6106,0.5673,0.6565,True,104,78,3.9,0,1.5
qa-125,qa,llmlingua_qwen,0.3,1.0,0.0,1.0,1.0,1.0,True,104,78,3.9,0,1.5
qa-125,qa,llmlingua2,0.3,0.2308,0.7692,0.5604,0.4747,0.6068,False,104,78,3.9,0,1.5
creat-101,creative,noop,1.0,1.0,0.0,1.0,1.0,1.0,True,193,142,4.0571,0,1.8
creat-101,creative,random_deletion,0.7,0.6972,0.3028,0.8067,0.6646,0.7059,True,193,142,4.0571,0,1.8
creat-101,creative,llmlingua_qwen,0.7,0.8169,0.1831,0.8134,0.6058,0.7089,False,193,142,4.0571,0,1.8
creat-101,creative,llmlingua2,0.7,0.662,0.338,0.7971,0.6573,0.7452,True,193,142,4.0571,0,1.8
creat-101,creative,random_deletion,0.5,0.5563,0.4437,0.7273,0.6522,0.732,True,193,142,4.0571,0,1.8
creat-101,creative,llmlingua_qwen,0.5,0.6408,0.3592,0.6709,0.5981,0.7091,False,193,142,4.0571,0,1.8
creat-101,creative,llmlingua2,0.5,0.4718,0.5282,0.6724,0.6391,0.7322,True,193,142,4.0571,0,1.8
creat-101,creative,random_deletion,0.3,0.2394,0.7606,0.6047,0.5668,0.6904,True,193,142,4.0571,0,1.8
creat-101,creative,llmlingua_qwen,0.3,0.493,0.507,0.6678,0.5852,0.6952,False,193,142,4.0571,0,1.8
creat-101,creative,llmlingua2,0.3,0.3028,0.6972,0.5598,0.6255,0.7242,True,193,142,4.0571,0,1.8
creat-102,creative,noop,1.0,1.0,0.0,1.0,1.0,1.0,True,156,116,4.1429,0,1.7857
creat-102,creative,random_deletion,0.7,0.7241,0.2759,0.7404,0.7883,0.8055,True,156,116,4.1429,0,1.7857
creat-102,creative,llmlingua_qwen,0.7,1.0,0.0,1.0,1.0,1.0,True,156,116,4.1429,0,1.7857
creat-102,creative,llmlingua2,0.7,0.6552,0.3448,0.7732,0.7323,0.7924,True,156,116,4.1429,0,1.7857
creat-102,creative,random_deletion,0.5,0.5431,0.4569,0.726,0.4167,0.599,False,156,116,4.1429,0,1.7857
creat-102,creative,llmlingua_qwen,0.5,1.0,0.0,1.0,1.0,1.0,True,156,116,4.1429,0,1.7857
creat-102,creative,llmlingua2,0.5,0.4741,0.5259,0.682,0.6505,0.7473,True,156,116,4.1429,0,1.7857
creat-102,creative,random_deletion,0.3,0.3103,0.6897,0.6064,0.6168,0.7209,False,156,116,4.1429,0,1.7857
creat-102,creative,llmlingua_qwen,0.3,1.0,0.0,1.0,1.0,1.0,True,156,116,4.1429,0,1.7857
creat-102,creative,llmlingua2,0.3,0.2845,0.7155,0.5731,0.6392,0.7384,True,156,116,4.1429,0,1.7857
creat-103,creative,noop,1.0,1.0,0.0,1.0,1.0,1.0,True,159,120,4.4444,0,1.8148
creat-103,creative,random_deletion,0.7,0.75,0.25,0.8027,0.6791,0.7685,True,159,120,4.4444,0,1.8148
creat-103,creative,llmlingua_qwen,0.7,1.0,0.0,1.0,1.0,1.0,True,159,120,4.4444,0,1.8148
creat-103,creative,llmlingua2,0.7,0.7,0.3,0.7501,0.6765,0.7634,True,159,120,4.4444,0,1.8148
creat-103,creative,random_deletion,0.5,0.525,0.475,0.7197,0.5999,0.7181,False,159,120,4.4444,0,1.8148
creat-103,creative,llmlingua_qwen,0.5,1.0,0.0,1.0,1.0,1.0,True,159,120,4.4444,0,1.8148
creat-103,creative,llmlingua2,0.5,0.4833,0.5167,0.668,0.6602,0.7487,True,159,120,4.4444,0,1.8148
creat-103,creative,random_deletion,0.3,0.35,0.65,0.6591,0.6152,0.725,False,159,120,4.4444,0,1.8148
creat-103,creative,llmlingua_qwen,0.3,1.0,0.0,1.0,1.0,1.0,True,159,120,4.4444,0,1.8148
creat-103,creative,llmlingua2,0.3,0.2667,0.7333,0.5768,0.6172,0.6871,True,159,120,4.4444,0,1.8148
creat-104,creative,noop,1.0,1.0,0.0,1.0,1.0,1.0,True,164,130,5.4167,0,2.0417
creat-104,creative,random_deletion,0.7,0.6538,0.3462,0.8745,0.751,0.8101,True,164,130,5.4167,0,2.0417
creat-104,creative,llmlingua_qwen,0.7,0.9154,0.0846,0.9173,0.7755,0.832,True,164,130,5.4167,0,2.0417
creat-104,creative,llmlingua2,0.7,0.6846,0.3154,0.8016,0.7253,0.7854,False,164,130,5.4167,0,2.0417
creat-104,creative,random_deletion,0.5,0.5077,0.4923,0.6979,0.664,0.7637,False,164,130,5.4167,0,2.0417
creat-104,creative,llmlingua_qwen,0.5,0.8846,0.1154,0.9061,0.7456,0.813,False,164,130,5.4167,0,2.0417
creat-104,creative,llmlingua2,0.5,0.4923,0.5077,0.631,0.7413,0.8137,True,164,130,5.4167,0,2.0417
creat-104,creative,random_deletion,0.3,0.2615,0.7385,0.576,0.7123,0.7747,True,164,130,5.4167,0,2.0417
creat-104,creative,llmlingua_qwen,0.3,0.8,0.2,0.8753,0.7207,0.7861,False,164,130,5.4167,0,2.0417
creat-104,creative,llmlingua2,0.3,0.2769,0.7231,0.5309,0.4864,0.6498,False,164,130,5.4167,0,2.0417
creat-105,creative,noop,1.0,1.0,0.0,1.0,1.0,1.0,True,140,110,4.5833,0,1.7083
creat-105,creative,random_deletion,0.7,0.7,0.3,0.8073,0.7302,0.7721,True,140,110,4.5833,0,1.7083
creat-105,creative,llmlingua_qwen,0.7,1.0,0.0,1.0,1.0,1.0,True,140,110,4.5833,0,1.7083
creat-105,creative,llmlingua2,0.7,0.6909,0.3091,0.7404,0.7253,0.7452,True,140,110,4.5833,0,1.7083
creat-105,creative,random_deletion,0.5,0.4818,0.5182,0.644,0.4976,0.6376,False,140,110,4.5833,0,1.7083
creat-105,creative,llmlingua_qwen,0.5,1.0,0.0,1.0,1.0,1.0,True,140,110,4.5833,0,1.7083
creat-105,creative,llmlingua2,0.5,0.4455,0.5545,0.5883,0.7028,0.7339,True,140,110,4.5833,0,1.7083
creat-105,creative,random_deletion,0.3,0.3636,0.6364,0.6141,0.6521,0.6999,True,140,110,4.5833,0,1.7083
creat-105,creative,llmlingua_qwen,0.3,1.0,0.0,1.0,1.0,1.0,True,140,110,4.5833,0,1.7083
creat-105,creative,llmlingua2,0.3,0.2909,0.7091,0.5744,0.6254,0.6891,True,140,110,4.5833,0,1.7083
creat-106,creative,noop,1.0,1.0,0.0,1.0,1.0,1.0,True,146,118,5.3636,0,2.0
creat-106,creative,random_deletion,0.7,0.7458,0.2542,0.8526,0.7823,0.8232,False,146,118,5.3636,0,2.0
creat-106,creative,llmlingua_qwen,0.7,1.0,0.0,1.0,1.0,1.0,True,146,118,5.3636,0,2.0
creat-106,creative,llmlingua2,0.7,0.6186,0.3814,0.6935,0.8185,0.8601,True,146,118,5.3636,0,2.0
creat-106,creative,random_deletion,0.5,0.4576,0.5424,0.7506,0.6384,0.7018,True,146,118,5.3636,0,2.0
creat-106,creative,llmlingua_qwen,0.5,1.0,0.0,1.0,1.0,1.0,True,146,118,5.3636,0,2.0
creat-106,creative,llmlingua2,0.5,0.4831,0.5169,0.6654,0.7317,0.7904,True,146,118,5.3636,0,2.0
creat-106,creative,random_deletion,0.3,0.2966,0.7034,0.628,0.499,0.6284,False,146,118,5.3636,0,2.0
creat-106,creative,llmlingua_qwen,0.3,1.0,0.0,1.0,1.0,1.0,True,146,118,5.3636,0,2.0
creat-106,creative,llmlingua2,0.3,0.2542,0.7458,0.5889,0.625,0.684,True,146,118,5.3636,0,2.0
creat-107,creative,noop,1.0,1.0,0.0,1.0,1.0,1.0,True,141,109,4.7391,2,2.087
creat-107,creative,random_deletion,0.7,0.6606,0.3394,0.7801,0.4895,0.6409,False,141,109,4.7391,2,2.087
creat-107,creative,llmlingua_qwen,0.7,1.0,0.0,1.0,1.0,1.0,True,141,109,4.7391,2,2.087
creat-107,creative,llmlingua2,0.7,0.6789,0.3211,0.8139,0.5935,0.7298,True,141,109,4.7391,2,2.087
creat-107,creative,random_deletion,0.5,0.4954,0.5046,0.6631,0.5162,0.6954,False,141,109,4.7391,2,2.087
creat-107,creative,llmlingua_qwen,0.5,1.0,0.0,1.0,1.0,1.0,True,141,109,4.7391,2,2.087
creat-107,creative,llmlingua2,0.5,0.4404,0.5596,0.6745,0.5918,0.7177,True,141,109,4.7391,2,2.087
creat-107,creative,random_deletion,0.3,0.2569,0.7431,0.5313,0.4867,0.559,True,141,109,4.7391,2,2.087
creat-107,creative,llmlingua_qwen,0.3,1.0,0.0,1.0,1.0,1.0,True,141,109,4.7391,2,2.087
creat-107,creative,llmlingua2,0.3,0.3028,0.6972,0.5528,0.5469,0.6742,True,141,109,4.7391,2,2.087
creat-108,creative,noop,1.0,1.0,0.0,1.0,1.0,1.0,True,139,97,4.0417,0,1.875
creat-108,creative,random_deletion,0.7,0.6598,0.3402,0.7838,0.6936,0.776,True,139,97,4.0417,0,1.875
creat-108,creative,llmlingua_qwen,0.7,1.0,0.0,1.0,1.0,1.0,True,139,97,4.0417,0,1.875
creat-108,creative,llmlingua2,0.7,0.701,0.299,0.751,0.6709,0.7195,False,139,97,4.0417,0,1.875
creat-108,creative,random_deletion,0.5,0.5155,0.4845,0.6702,0.6083,0.6832,False,139,97,4.0417,0,1.875
creat-108,creative,llmlingua_qwen,0.5,1.0,0.0,1.0,1.0,1.0,True,139,97,4.0417,0,1.875
creat-108,creative,llmlingua2,0.5,0.4639,0.5361,0.677,0.6175,0.7008,False,139,97,4.0417,0,1.875
creat-108,creative,random_deletion,0.3,0.3505,0.6495,0.5874,0.6278,0.7185,True,139,97,4.0417,0,1.875
creat-108,creative,llmlingua_qwen,0.3,1.0,0.0,1.0,1.0,1.0,True,139,97,4.0417,0,1.875
creat-108,creative,llmlingua2,0.3,0.268,0.732,0.5785,0.6148,0.6928,True,139,97,4.0417,0,1.875
creat-109,creative,noop,1.0,1.0,0.0,1.0,1.0,1.0,True,122,89,4.0455,0,1.6818
creat-109,creative,random_deletion,0.7,0.6404,0.3596,0.818,0.6576,0.7472,False,122,89,4.0455,0,1.6818
creat-109,creative,llmlingua_qwen,0.7,1.0,0.0,1.0,1.0,1.0,True,122,89,4.0455,0,1.6818
creat-109,creative,llmlingua2,0.7,0.6854,0.3146,0.8172,0.739,0.792,True,122,89,4.0455,0,1.6818
creat-109,creative,random_deletion,0.5,0.5618,0.4382,0.7343,0.6769,0.7705,True,122,89,4.0455,0,1.6818
creat-109,creative,llmlingua_qwen,0.5,1.0,0.0,1.0,1.0,1.0,True,122,89,4.0455,0,1.6818
creat-109,creative,llmlingua2,0.5,0.4494,0.5506,0.6624,0.6679,0.7616,True,122,89,4.0455,0,1.6818
creat-109,creative,random_deletion,0.3,0.3034,0.6966,0.6241,0.6159,0.7307,False,122,89,4.0455,0,1.6818
creat-109,creative,llmlingua_qwen,0.3,1.0,0.0,1.0,1.0,1.0,True,122,89,4.0455,0,1.6818
creat-109,creative,llmlingua2,0.3,0.2809,0.7191,0.594,0.6435,0.7364,True,122,89,4.0455,0,1.6818
creat-110,creative,noop,1.0,1.0,0.0,1.0,1.0,1.0,True,159,114,4.0714,0,1.7857
creat-110,creative,random_deletion,0.7,0.7368,0.2632,0.8232,0.6933,0.763,False,159,114,4.0714,0,1.7857
creat-110,creative,llmlingua_qwen,0.7,0.9561,0.0439,0.9913,0.7351,0.7608,True,159,114,4.0714,0,1.7857
creat-110,creative,llmlingua2,0.7,0.6404,0.3596,0.7613,0.7238,0.7768,True,159,114,4.0714,0,1.7857
creat-110,creative,random_deletion,0.5,0.5439,0.4561,0.7089,0.7022,0.7609,True,159,114,4.0714,0,1.7857
creat-110,creative,llmlingua_qwen,0.5,0.9561,0.0439,0.9913,0.7351,0.7608,True,159,114,4.0714,0,1.7857
creat-110,creative,llmlingua2,0.5,0.4649,0.5351,0.678,0.6624,0.7118,True,159,114,4.0714,0,1.7857
creat-110,creative,random_deletion,0.3,0.2807,0.7193,0.6237,0.6604,0.75,True,159,114,4.0714,0,1.7857
creat-110,creative,llmlingua_qwen,0.3,0.9474,0.0526,0.9686,0.6826,0.7612,False,159,114,4.0714,0,1.7857
creat-110,creative,llmlingua2,0.3,0.2632,0.7368,0.5515,0.6032,0.7046,True,159,114,4.0714,0,1.7857
creat-111,creative,noop,1.0,1.0,0.0,1.0,1.0,1.0,True,139,106,4.24,0,1.68
creat-111,creative,random_deletion,0.7,0.6981,0.3019,0.7866,0.668,0.7635,False,139,106,4.24,0,1.68
creat-111,creative,llmlingua_qwen,0.7,1.0,0.0,1.0,1.0,1.0,True,139,106,4.24,0,1.68
creat-111,creative,llmlingua2,0.7,0.6604,0.3396,0.766,0.6827,0.769,True,139,106,4.24,0,1.68
creat-111,creative,random_deletion,0.5,0.4717,0.5283,0.6224,0.6494,0.7597,True,139,106,4.24,0,1.68
creat-111,creative,llmlingua_qwen,0.5,1.0,0.0,1.0,1.0,1.0,True,139,106,4.24,0,1.68
creat-111,creative,llmlingua2,0.5,0.4811,0.5189,0.6882,0.5855,0.703,False,139,106,4.24,0,1.68
creat-111,creative,random_deletion,0.3,0.3113,0.6887,0.5988,0.5412,0.685,False,139,106,4.24,0,1.68
creat-111,creative,llmlingua_qwen,0.3,1.0,0.0,1.0,1.0,1.0,True,139,106,4.24,0,1.68
creat-111,creative,llmlingua2,0.3,0.2736,0.7264,0.5744,0.5985,0.7249,True,139,106,4.24,0,1.68
creat-112,creative,noop,1.0,1.0,0.0,1.0,1.0,1.0,True,127,95,4.75,0,1.95
creat-112,creative,random_deletion,0.7,0.6842,0.3158,0.8308,0.7605,0.7751,True,127,95,4.75,0,1.95
creat-112,creative,llmlingua_qwen,0.7,1.0,0.0,1.0,1.0,1.0,True,127,95,4.75,0,1.95
creat-112,creative,llmlingua2,0.7,0.6737,0.3263,0.7754,0.7062,0.7598,True,127,95,4.75,0,1.95
creat-112,creative,random_deletion,0.5,0.5368,0.4632,0.6683,0.6609,0.742,True,127,95,4.75,0,1.95
creat-112,creative,llmlingua_qwen,0.5,1.0,0.0,1.0,1.0,1.0,True,127,95,4.75,0,1.95
creat-112,creative,llmlingua2,0.5,0.4,0.6,0.6512,0.6119,0.7061,True,127,95,4.75,0,1.95
creat-112,creative,random_deletion,0.3,0.2947,0.7053,0.5779,0.5089,0.6792,False,127,95,4.75,0,1.95
creat-112,creative,llmlingua_qwen,0.3,1.0,0.0,1.0,1.0,1.0,True,127,95,4.75,0,1.95
creat-112,creative,llmlingua2,0.3,0.2526,0.7474,0.5602,0.6073,0.7085,True,127,95,4.75,0,1.95
creat-113,creative,noop,1.0,1.0,0.0,1.0,1.0,1.0,True,148,123,5.3478,0,2.0
creat-113,creative,random_deletion,0.7,0.6748,0.3252,0.8558,0.6865,0.7905,False,148,123,5.3478,0,2.0
creat-113,creative,llmlingua_qwen,0.7,0.9756,0.0244,0.9679,0.8137,0.8881,True,148,123,5.3478,0,2.0
creat-113,creative,llmlingua2,0.7,0.6423,0.3577,0.8301,0.6712,0.7715,False,148,123,5.3478,0,2.0
creat-113,creative,random_deletion,0.5,0.439,0.561,0.7318,0.6197,0.7351,False,148,123,5.3478,0,2.0
creat-113,creative,llmlingua_qwen,0.5,0.935,0.065,0.9679,0.7136,0.7969,False,148,123,5.3478,0,2.0
creat-113,creative,llmlingua2,0.5,0.4634,0.5366,0.6742,0.7043,0.8031,True,148,123,5.3478,0,2.0
creat-113,creative,random_deletion,0.3,0.3496,0.6504,0.6515,0.6418,0.7461,True,148,123,5.3478,0,2.0
creat-113,creative,llmlingua_qwen,0.3,0.8699,0.1301,0.9432,0.7193,0.792,True,148,123,5.3478,0,2.0
creat-113,creative,llmlingua2,0.3,0.252,0.748,0.5521,0.5688,0.6965,True,148,123,5.3478,0,2.0
creat-114,creative,noop,1.0,1.0,0.0,1.0,1.0,1.0,True,141,110,4.7826,0,1.9565
creat-114,creative,random_deletion,0.7,0.6909,0.3091,0.8536,0.7372,0.7942,False,141,110,4.7826,0,1.9565
creat-114,creative,llmlingua_qwen,0.7,1.0,0.0,1.0,1.0,1.0,True,141,110,4.7826,0,1.9565
creat-114,creative,llmlingua2,0.7,0.6364,0.3636,0.7769,0.8069,0.8579,True,141,110,4.7826,0,1.9565
creat-114,creative,random_deletion,0.5,0.5364,0.4636,0.748,0.7404,0.8049,False,141,110,4.7826,0,1.9565
creat-114,creative,llmlingua_qwen,0.5,1.0,0.0,1.0,1.0,1.0,True,141,110,4.7826,0,1.9565
creat-114,creative,llmlingua2,0.5,0.4364,0.5636,0.7548,0.7324,0.8068,False,141,110,4.7826,0,1.9565
creat-114,creative,random_deletion,0.3,0.2909,0.7091,0.6937,0.7158,0.799,False,141,110,4.7826,0,1.9565
creat-114,creative,llmlingua_qwen,0.3,1.0,0.0,1.0,1.0,1.0,True,141,110,4.7826,0,1.9565
creat-114,creative,llmlingua2,0.3,0.2636,0.7364,0.6218,0.7441,0.8232,True,141,110,4.7826,0,1.9565
creat-115,creative,noop,1.0,1.0,0.0,1.0,1.0,1.0,True,155,119,4.9583,1,2.125
creat-115,creative,random_deletion,0.7,0.7479,0.2521,0.7801,0.7232,0.7958,False,155,119,4.9583,1,2.125
creat-115,creative,llmlingua_qwen,0.7,1.0,0.0,1.0,1.0,1.0,True,155,119,4.9583,1,2.125
creat-115,creative,llmlingua2,0.7,0.6891,0.3109,0.873,0.7526,0.8175,True,155,119,4.9583,1,2.125
creat-115,creative,random_deletion,0.5,0.479,0.521,0.6233,0.6527,0.7065,False,155,119,4.9583,1,2.125
creat-115,creative,llmlingua_qwen,0.5,1.0,0.0,1.0,1.0,1.0,True,155,119,4.9583,1,2.125
creat-115,creative,llmlingua2,0.5,0.4622,0.5378,0.6791,0.6597,0.7416,True,155,119,4.9583,1,2.125
creat-115,creative,random_deletion,0.3,0.2773,0.7227,0.6212,0.6504,0.7483,True,155,119,4.9583,1,2.125
creat-115,creative,llmlingua_qwen,0.3,1.0,0.0,1.0,1.0,1.0,True,155,119,4.9583,1,2.125
creat-115,creative,llmlingua2,0.3,0.2605,0.7395,0.5938,0.6141,0.7152,True,155,119,4.9583,1,2.125
creat-116,creative,noop,1.0,1.0,0.0,1.0,1.0,1.0,True,162,121,4.3214,0,1.6786
creat-116,creative,random_deletion,0.7,0.6942,0.3058,0.8677,0.7647,0.81,True,162,121,4.3214,0,1.6786
creat-116,creative,llmlingua_qwen,0.7,1.0,0.0,1.0,1.0,1.0,True,162,121,4.3214,0,1.6786
creat-116,creative,llmlingua2,0.7,0.7107,0.2893,0.7272,0.7594,0.8031,False,162,121,4.3214,0,1.6786
creat-116,creative,random_deletion,0.5,0.5537,0.4463,0.7582,0.7318,0.7887,True,162,121,4.3214,0,1.6786
creat-116,creative,llmlingua_qwen,0.5,1.0,0.0,1.0,1.0,1.0,True,162,121,4.3214,0,1.6786
creat-116,creative,llmlingua2,0.5,0.4876,0.5124,0.6457,0.6339,0.7457,False,162,121,4.3214,0,1.6786
creat-116,creative,random_deletion,0.3,0.3471,0.6529,0.5608,0.6713,0.7636,True,162,121,4.3214,0,1.6786
creat-116,creative,llmlingua_qwen,0.3,1.0,0.0,1.0,1.0,1.0,True,162,121,4.3214,0,1.6786
creat-116,creative,llmlingua2,0.3,0.2727,0.7273,0.5636,0.5748,0.6913,True,162,121,4.3214,0,1.6786
creat-117,creative,noop,1.0,1.0,0.0,1.0,1.0,1.0,True,128,95,4.1304,0,1.8696
creat-117,creative,random_deletion,0.7,0.6632,0.3368,0.7903,0.692,0.7136,True,128,95,4.1304,0,1.8696
creat-117,creative,llmlingua_qwen,0.7,1.0,0.0,1.0,1.0,1.0,True,128,95,4.1304,0,1.8696
creat-117,creative,llmlingua2,0.7,0.6632,0.3368,0.8312,0.6265,0.6937,False,128,95,4.1304,0,1.8696
creat-117,creative,random_deletion,0.5,0.4737,0.5263,0.6296,0.6664,0.716,True,128,95,4.1304,0,1.8696
creat-117,creative,llmlingua_qwen,0.5,1.0,0.0,1.0,1.0,1.0,True,128,95,4.1304,0,1.8696
creat-117,creative,llmlingua2,0.5,0.4947,0.5053,0.7,0.6493,0.7571,False,128,95,4.1304,0,1.8696
creat-117,creative,random_deletion,0.3,0.3053,0.6947,0.6234,0.4852,0.6347,False,128,95,4.1304,0,1.8696
creat-117,creative,llmlingua_qwen,0.3,1.0,0.0,1.0,1.0,1.0,True,128,95,4.1304,0,1.8696
creat-117,creative,llmlingua2,0.3,0.2947,0.7053,0.5979,0.5035,0.6632,True,128,95,4.1304,0,1.8696
creat-118,creative,noop,1.0,1.0,0.0,1.0,1.0,1.0,True,156,115,5.0,0,2.2609
creat-118,creative,random_deletion,0.7,0.6783,0.3217,0.8261,0.7393,0.8176,True,156,115,5.0,0,2.2609
creat-118,creative,llmlingua_qwen,0.7,1.0,0.0,1.0,1.0,1.0,True,156,115,5.0,0,2.2609
creat-118,creative,llmlingua2,0.7,0.687,0.313,0.783,0.748,0.8192,True,156,115,5.0,0,2.2609
creat-118,creative,random_deletion,0.5,0.5391,0.4609,0.6702,0.7299,0.7549,False,156,115,5.0,0,2.2609
creat-118,creative,llmlingua_qwen,0.5,1.0,0.0,1.0,1.0,1.0,True,156,115,5.0,0,2.2609
creat-118,creative,llmlingua2,0.5,0.4696,0.5304,0.6457,0.7311,0.8129,True,156,115,5.0,0,2.2609
creat-118,creative,random_deletion,0.3,0.287,0.713,0.6094,0.654,0.7156,False,156,115,5.0,0,2.2609
creat-118,creative,llmlingua_qwen,0.3,1.0,0.0,1.0,1.0,1.0,True,156,115,5.0,0,2.2609
creat-118,creative,llmlingua2,0.3,0.2696,0.7304,0.5406,0.6648,0.7272,True,156,115,5.0,0,2.2609
creat-119,creative,noop,1.0,1.0,0.0,1.0,1.0,1.0,True,150,112,4.6667,0,2.0
creat-119,creative,random_deletion,0.7,0.6607,0.3393,0.7803,0.709,0.7572,True,150,112,4.6667,0,2.0
creat-119,creative,llmlingua_qwen,0.7,1.0,0.0,1.0,1.0,1.0,True,150,112,4.6667,0,2.0
creat-119,creative,llmlingua2,0.7,0.6696,0.3304,0.759,0.6685,0.7239,False,150,112,4.6667,0,2.0
creat-119,creative,random_deletion,0.5,0.5179,0.4821,0.7115,0.6283,0.7026,False,150,112,4.6667,0,2.0
creat-119,creative,llmlingua_qwen,0.5,1.0,0.0,1.0,1.0,1.0,True,150,112,4.6667,0,2.0
creat-119,creative,llmlingua2,0.5,0.4375,0.5625,0.6673,0.6907,0.7402,True,150,112,4.6667,0,2.0
creat-119,creative,random_deletion,0.3,0.3125,0.6875,0.5924,0.5511,0.6566,False,150,112,4.6667,0,2.0
creat-119,creative,llmlingua_qwen,0.3,1.0,0.0,1.0,1.0,1.0,True,150,112,4.6667,0,2.0
creat-119,creative,llmlingua2,0.3,0.2768,0.7232,0.547,0.6436,0.7158,True,150,112,4.6667,0,2.0
creat-120,creative,noop,1.0,1.0,0.0,1.0,1.0,1.0,True,147,118,4.72,0,1.96
creat-120,creative,random_deletion,0.7,0.678,0.322,0.8471,0.6583,0.7431,False,147,118,4.72,0,1.96
creat-120,creative,llmlingua_qwen,0.7,1.0,0.0,1.0,1.0,1.0,True,147,118,4.72,0,1.96
creat-120,creative,llmlingua2,0.7,0.661,0.339,0.7788,0.7689,0.8151,True,147,118,4.72,0,1.96
creat-120,creative,random_deletion,0.5,0.5508,0.4492,0.7088,0.5924,0.6978,False,147,118,4.72,0,1.96
creat-120,creative,llmlingua_qwen,0.5,1.0,0.0,1.0,1.0,1.0,True,147,118,4.72,0,1.96
creat-120,creative,llmlingua2,0.5,0.4492,0.5508,0.6952,0.6473,0.7342,True,147,118,4.72,0,1.96
creat-120,creative,random_deletion,0.3,0.322,0.678,0.7146,0.6075,0.7111,True,147,118,4.72,0,1.96
creat-120,creative,llmlingua_qwen,0.3,1.0,0.0,1.0,1.0,1.0,True,147,118,4.72,0,1.96
creat-120,creative,llmlingua2,0.3,0.2627,0.7373,0.6039,0.5144,0.657,True,147,118,4.72,0,1.96
creat-121,creative,noop,1.0,1.0,0.0,1.0,1.0,1.0,True,150,106,3.6552,0,1.5172
creat-121,creative,random_deletion,0.7,0.717,0.283,0.7997,0.5531,0.6682,False,150,106,3.6552,0,1.5172
creat-121,creative,llmlingua_qwen,0.7,1.0,0.0,1.0,1.0,1.0,True,150,106,3.6552,0,1.5172
creat-121,creative,llmlingua2,0.7,0.6981,0.3019,0.7401,0.5809,0.6651,True,150,106,3.6552,0,1.5172
creat-121,creative,random_deletion,0.5,0.5,0.5,0.6516,0.5746,0.67,True,150,106,3.6552,0,1.5172
creat-121,creative,llmlingua_qwen,0.5,1.0,0.0,1.0,1.0,1.0,True,150,106,3.6552,0,1.5172
creat-121,creative,llmlingua2,0.5,0.4811,0.5189,0.6866,0.4931,0.6193,False,150,106,3.6552,0,1.5172
creat-121,creative,random_deletion,0.3,0.3396,0.6604,0.5474,0.5263,0.6506,True,150,106,3.6552,0,1.5172
creat-121,creative,llmlingua_qwen,0.3,1.0,0.0,1.0,1.0,1.0,True,150,106,3.6552,0,1.5172
creat-121,creative,llmlingua2,0.3,0.2736,0.7264,0.5025,0.4223,0.5635,True,150,106,3.6552,0,1.5172
creat-122,creative,noop,1.0,1.0,0.0,1.0,1.0,1.0,True,162,122,4.5185,0,1.9259
creat-122,creative,random_deletion,0.7,0.6557,0.3443,0.8039,0.6612,0.7609,False,162,122,4.5185,0,1.9259
creat-122,creative,llmlingua_qwen,0.7,0.9836,0.0164,0.9789,0.7888,0.8662,True,162,122,4.5185,0,1.9259
creat-122,creative,llmlingua2,0.7,0.6721,0.3279,0.7678,0.6749,0.7747,False,162,122,4.5185,0,1.9259
creat-122,creative,random_deletion,0.5,0.5738,0.4262,0.6868,0.6608,0.7583,False,162,122,4.5185,0,1.9259
creat-122,creative,llmlingua_qwen,0.5,0.9508,0.0492,0.9565,0.7523,0.8295,True,162,122,4.5185,0,1.9259
creat-122,creative,llmlingua2,0.5,0.4672,0.5328,0.6435,0.6876,0.7938,True,162,122,4.5185,0,1.9259
creat-122,creative,random_deletion,0.3,0.2951,0.7049,0.5932,0.6135,0.726,False,162,122,4.5185,0,1.9259
creat-122,creative,llmlingua_qwen,0.3,0.9508,0.0492,0.9565,0.7523,0.8295,True,162,122,4.5185,0,1.9259
creat-122,creative,llmlingua2,0.3,0.2869,0.7131,0.5901,0.6179,0.7413,True,162,122,4.5185,0,1.9259
creat-123,creative,noop,1.0,1.0,0.0,1.0,1.0,1.0,True,142,119,4.76,0,1.84
creat-123,creative,random_deletion,0.7,0.6555,0.3445,0.7921,0.7276,0.8119,True,142,119,4.76,0,1.84
creat-123,creative,llmlingua_qwen,0.7,1.0,0.0,1.0,1.0,1.0,True,142,119,4.76,0,1.84
creat-123,creative,llmlingua2,0.7,0.6471,0.3529,0.7218,0.7188,0.7987,True,142,119,4.76,0,1.84
creat-123,creative,random_deletion,0.5,0.5042,0.4958,0.6652,0.7036,0.7953,True,142,119,4.76,0,1.84
creat-123,creative,llmlingua_qwen,0.5,1.0,0.0,1.0,1.0,1.0,True,142,119,4.76,0,1.84
creat-123,creative,llmlingua2,0.5,0.437,0.563,0.5998,0.6214,0.7255,True,142,119,4.76,0,1.84
creat-123,creative,random_deletion,0.3,0.3361,0.6639,0.645,0.6022,0.7124,True,142,119,4.76,0,1.84
creat-123,creative,llmlingua_qwen,0.3,1.0,0.0,1.0,1.0,1.0,True,142,119,4.76,0,1.84
creat-123,creative,llmlingua2,0.3,0.2941,0.7059,0.5469,0.5255,0.6472,True,142,119,4.76,0,1.84
creat-124,creative,noop,1.0,1.0,0.0,1.0,1.0,1.0,True,178,130,4.4828,0,2.0
creat-124,creative,random_deletion,0.7,0.6692,0.3308,0.7968,0.7038,0.7982,False,178,130,4.4828,0,2.0
creat-124,creative,llmlingua_qwen,0.7,1.0,0.0,1.0,1.0,1.0,True,178,130,4.4828,0,2.0
creat-124,creative,llmlingua2,0.7,0.6615,0.3385,0.7807,0.7268,0.7995,True,178,130,4.4828,0,2.0
creat-124,creative,random_deletion,0.5,0.4538,0.5462,0.7106,0.669,0.7651,False,178,130,4.4828,0,2.0
creat-124,creative,llmlingua_qwen,0.5,1.0,0.0,1.0,1.0,1.0,True,178,130,4.4828,0,2.0
creat-124,creative,llmlingua2,0.5,0.4769,0.5231,0.6942,0.7111,0.7801,True,178,130,4.4828,0,2.0
creat-124,creative,random_deletion,0.3,0.2692,0.7308,0.5924,0.642,0.74,False,178,130,4.4828,0,2.0
creat-124,creative,llmlingua_qwen,0.3,1.0,0.0,1.0,1.0,1.0,True,178,130,4.4828,0,2.0
creat-124,creative,llmlingua2,0.3,0.2462,0.7538,0.5876,0.7002,0.7904,True,178,130,4.4828,0,2.0
creat-125,creative,noop,1.0,1.0,0.0,1.0,1.0,1.0,True,167,120,4.2857,0,1.7143
creat-125,creative,random_deletion,0.7,0.6833,0.3167,0.8215,0.7467,0.7975,True,167,120,4.2857,0,1.7143
creat-125,creative,llmlingua_qwen,0.7,1.0,0.0,1.0,1.0,1.0,True,167,120,4.2857,0,1.7143
creat-125,creative,llmlingua2,0.7,0.725,0.275,0.7099,0.7659,0.8229,True,167,120,4.2857,0,1.7143
creat-125,creative,random_deletion,0.5,0.5083,0.4917,0.7061,0.6289,0.7351,True,167,120,4.2857,0,1.7143
creat-125,creative,llmlingua_qwen,0.5,1.0,0.0,1.0,1.0,1.0,True,167,120,4.2857,0,1.7143
creat-125,creative,llmlingua2,0.5,0.4917,0.5083,0.621,0.6018,0.6858,False,167,120,4.2857,0,1.7143
creat-125,creative,random_deletion,0.3,0.2833,0.7167,0.5664,0.6219,0.7257,True,167,120,4.2857,0,1.7143
creat-125,creative,llmlingua_qwen,0.3,1.0,0.0,1.0,1.0,1.0,True,167,120,4.2857,0,1.7143
creat-125,creative,llmlingua2,0.3,0.3,0.7,0.535,0.6185,0.74,False,167,120,4.2857,0,1.7143
